target_end_date,output_type_id,value,reference_date,horizon,target,output_type,location
2026-02-07,0.01,80.20508552021795,2026-02-07,0,wk inc flu hosp,quantile,01
2026-02-07,0.025,93.62148835326592,2026-02-07,0,wk inc flu hosp,quantile,01
2026-02-07,0.05,106.98186906919109,2026-02-07,0,wk inc flu hosp,quantile,01
2026-02-07,0.1,124.69505121331603,2026-02-07,0,wk inc flu hosp,quantile,01
2026-02-07,0.15,138.15551129546853,2026-02-07,0,wk inc flu hosp,quantile,01
2026-02-07,0.2,150.0411638465529,2026-02-07,0,wk inc flu hosp,quantile,01
2026-02-07,0.25,160.97051294868282,2026-02-07,0,wk inc flu hosp,quantile,01
2026-02-07,0.3,171.4853974279922,2026-02-07,0,wk inc flu hosp,quantile,01
2026-02-07,0.35,181.87831533040588,2026-02-07,0,wk inc flu hosp,quantile,01
2026-02-07,0.4,192.28213623969395,2026-02-07,0,wk inc flu hosp,quantile,01
2026-02-07,0.45,202.957191970726,2026-02-07,0,wk inc flu hosp,quantile,01
2026-02-07,0.5,214.02504000891417,2026-02-07,0,wk inc flu hosp,quantile,01
2026-02-07,0.55,225.66334914403626,2026-02-07,0,wk inc flu hosp,quantile,01
2026-02-07,0.6,238.11984797601107,2026-02-07,0,wk inc flu hosp,quantile,01
2026-02-07,0.65,251.6871411655642,2026-02-07,0,wk inc flu hosp,quantile,01
2026-02-07,0.7,266.9135450256486,2026-02-07,0,wk inc flu hosp,quantile,01
2026-02-07,0.75,284.22726512999617,2026-02-07,0,wk inc flu hosp,quantile,01
2026-02-07,0.8,304.89852231869423,2026-02-07,0,wk inc flu hosp,quantile,01
2026-02-07,0.85,331.2838304331929,2026-02-07,0,wk inc flu hosp,quantile,01
2026-02-07,0.9,367.4561315991739,2026-02-07,0,wk inc flu hosp,quantile,01
2026-02-07,0.95,428.16931631316237,2026-02-07,0,wk inc flu hosp,quantile,01
2026-02-07,0.975,489.11512840933017,2026-02-07,0,wk inc flu hosp,quantile,01
2026-02-07,0.99,570.7472676019088,2026-02-07,0,wk inc flu hosp,quantile,01
2026-02-07,0.01,6.7837223279242584,2026-02-07,0,wk inc flu hosp,quantile,02
2026-02-07,0.025,8.220718502154718,2026-02-07,0,wk inc flu hosp,quantile,02
2026-02-07,0.05,9.70230674626155,2026-02-07,0,wk inc flu hosp,quantile,02
2026-02-07,0.1,11.73622509539358,2026-02-07,0,wk inc flu hosp,quantile,02
2026-02-07,0.15,13.329965231597111,2026-02-07,0,wk inc flu hosp,quantile,02
2026-02-07,0.2,14.76901310781621,2026-02-07,0,wk inc flu hosp,quantile,02
2026-02-07,0.25,16.1169385652317,2026-02-07,0,wk inc flu hosp,quantile,02
2026-02-07,0.3,17.434867769780674,2026-02-07,0,wk inc flu hosp,quantile,02
2026-02-07,0.35,18.756898943169094,2026-02-07,0,wk inc flu hosp,quantile,02
2026-02-07,0.4,20.09877697213673,2026-02-07,0,wk inc flu hosp,quantile,02
2026-02-07,0.45,21.494037565958006,2026-02-07,0,wk inc flu hosp,quantile,02
2026-02-07,0.5,22.959521840904127,2026-02-07,0,wk inc flu hosp,quantile,02
2026-02-07,0.55,24.52045638496033,2026-02-07,0,wk inc flu hosp,quantile,02
2026-02-07,0.6,26.212851728997734,2026-02-07,0,wk inc flu hosp,quantile,02
2026-02-07,0.65,28.080695290306604,2026-02-07,0,wk inc flu hosp,quantile,02
2026-02-07,0.7,30.206147726032555,2026-02-07,0,wk inc flu hosp,quantile,02
2026-02-07,0.75,32.6588422371849,2026-02-07,0,wk inc flu hosp,quantile,02
2026-02-07,0.8,35.63479962630151,2026-02-07,0,wk inc flu hosp,quantile,02
2026-02-07,0.85,39.50468308727354,2026-02-07,0,wk inc flu hosp,quantile,02
2026-02-07,0.9,44.93173558273402,2026-02-07,0,wk inc flu hosp,quantile,02
2026-02-07,0.95,54.33083630721692,2026-02-07,0,wk inc flu hosp,quantile,02
2026-02-07,0.975,64.09716846148017,2026-02-07,0,wk inc flu hosp,quantile,02
2026-02-07,0.99,77.64357944126499,2026-02-07,0,wk inc flu hosp,quantile,02
2026-02-07,0.01,59.555008522703716,2026-02-07,0,wk inc flu hosp,quantile,04
2026-02-07,0.025,70.94470071702025,2026-02-07,0,wk inc flu hosp,quantile,04
2026-02-07,0.05,82.50275229804906,2026-02-07,0,wk inc flu hosp,quantile,04
2026-02-07,0.1,98.11877310538587,2026-02-07,0,wk inc flu hosp,quantile,04
2026-02-07,0.15,110.18483925835804,2026-02-07,0,wk inc flu hosp,quantile,04
2026-02-07,0.2,120.96910734941532,2026-02-07,0,wk inc flu hosp,quantile,04
2026-02-07,0.25,130.985566474041,2026-02-07,0,wk inc flu hosp,quantile,04
2026-02-07,0.3,140.70703734899496,2026-02-07,0,wk inc flu hosp,quantile,04
2026-02-07,0.35,150.39309740240597,2026-02-07,0,wk inc flu hosp,quantile,04
2026-02-07,0.4,160.1624830546727,2026-02-07,0,wk inc flu hosp,quantile,04
2026-02-07,0.45,170.25903350486564,2026-02-07,0,wk inc flu hosp,quantile,04
2026-02-07,0.5,180.80102778311718,2026-02-07,0,wk inc flu hosp,quantile,04
2026-02-07,0.55,191.96389612339055,2026-02-07,0,wk inc flu hosp,quantile,04
2026-02-07,0.6,203.9955897132689,2026-02-07,0,wk inc flu hosp,quantile,04
2026-02-07,0.65,217.19454608736493,2026-02-07,0,wk inc flu hosp,quantile,04
2026-02-07,0.7,232.11916511864146,2026-02-07,0,wk inc flu hosp,quantile,04
2026-02-07,0.75,249.22596056920105,2026-02-07,0,wk inc flu hosp,quantile,04
2026-02-07,0.8,269.8297539553072,2026-02-07,0,wk inc flu hosp,quantile,04
2026-02-07,0.85,296.39564680372285,2026-02-07,0,wk inc flu hosp,quantile,04
2026-02-07,0.9,333.26654763062356,2026-02-07,0,wk inc flu hosp,quantile,04
2026-02-07,0.95,396.2136635081927,2026-02-07,0,wk inc flu hosp,quantile,04
2026-02-07,0.975,460.59642166069136,2026-02-07,0,wk inc flu hosp,quantile,04
2026-02-07,0.99,548.4825612676881,2026-02-07,0,wk inc flu hosp,quantile,04
2026-02-07,0.01,36.83969712768689,2026-02-07,0,wk inc flu hosp,quantile,05
2026-02-07,0.025,44.62577284945127,2026-02-07,0,wk inc flu hosp,quantile,05
2026-02-07,0.05,52.65051438269649,2026-02-07,0,wk inc flu hosp,quantile,05
2026-02-07,0.1,63.66278864641336,2026-02-07,0,wk inc flu hosp,quantile,05
2026-02-07,0.15,72.28900424949484,2026-02-07,0,wk inc flu hosp,quantile,05
2026-02-07,0.2,80.07610106565815,2026-02-07,0,wk inc flu hosp,quantile,05
2026-02-07,0.25,87.36868494277044,2026-02-07,0,wk inc flu hosp,quantile,05
2026-02-07,0.3,94.49776454655212,2026-02-07,0,wk inc flu hosp,quantile,05
2026-02-07,0.35,101.64791592349377,2026-02-07,0,wk inc flu hosp,quantile,05
2026-02-07,0.4,108.90434534047425,2026-02-07,0,wk inc flu hosp,quantile,05
2026-02-07,0.45,116.44839096158867,2026-02-07,0,wk inc flu hosp,quantile,05
2026-02-07,0.5,124.37104298470722,2026-02-07,0,wk inc flu hosp,quantile,05
2026-02-07,0.55,132.8085693449252,2026-02-07,0,wk inc flu hosp,quantile,05
2026-02-07,0.6,141.95544851600792,2026-02-07,0,wk inc flu hosp,quantile,05
2026-02-07,0.65,152.04916051900932,2026-02-07,0,wk inc flu hosp,quantile,05
2026-02-07,0.7,163.53329532709913,2026-02-07,0,wk inc flu hosp,quantile,05
2026-02-07,0.75,176.78350294356295,2026-02-07,0,wk inc flu hosp,quantile,05
2026-02-07,0.8,192.85779423172127,2026-02-07,0,wk inc flu hosp,quantile,05
2026-02-07,0.85,213.75641368790804,2026-02-07,0,wk inc flu hosp,quantile,05
2026-02-07,0.9,243.05721629042938,2026-02-07,0,wk inc flu hosp,quantile,05
2026-02-07,0.95,293.78637871110186,2026-02-07,0,wk inc flu hosp,quantile,05
2026-02-07,0.975,346.4783565992282,2026-02-07,0,wk inc flu hosp,quantile,05
2026-02-07,0.99,419.53786212335746,2026-02-07,0,wk inc flu hosp,quantile,05
2026-02-07,0.01,770.9423111184034,2026-02-07,0,wk inc flu hosp,quantile,06
2026-02-07,0.025,846.3889998018279,2026-02-07,0,wk inc flu hosp,quantile,06
2026-02-07,0.05,917.3629373244303,2026-02-07,0,wk inc flu hosp,quantile,06
2026-02-07,0.1,1006.2508392259618,2026-02-07,0,wk inc flu hosp,quantile,06
2026-02-07,0.15,1070.4819008544748,2026-02-07,0,wk inc flu hosp,quantile,06
2026-02-07,0.2,1125.161386255013,2026-02-07,0,wk inc flu hosp,quantile,06
2026-02-07,0.25,1173.943663480721,2026-02-07,0,wk inc flu hosp,quantile,06
2026-02-07,0.3,1219.6509130159416,2026-02-07,0,wk inc flu hosp,quantile,06
2026-02-07,0.35,1263.7483849292494,2026-02-07,0,wk inc flu hosp,quantile,06
2026-02-07,0.4,1306.9023993431692,2026-02-07,0,wk inc flu hosp,quantile,06
2026-02-07,0.45,1350.2297632748064,2026-02-07,0,wk inc flu hosp,quantile,06
2026-02-07,0.5,1394.2077967382036,2026-02-07,0,wk inc flu hosp,quantile,06
2026-02-07,0.55,1439.4907766206093,2026-02-07,0,wk inc flu hosp,quantile,06
2026-02-07,0.6,1486.9431645206244,2026-02-07,0,wk inc flu hosp,quantile,06
2026-02-07,0.65,1537.5208844613687,2026-02-07,0,wk inc flu hosp,quantile,06
2026-02-07,0.7,1593.0133512968691,2026-02-07,0,wk inc flu hosp,quantile,06
2026-02-07,0.75,1654.6098846463506,2026-02-07,0,wk inc flu hosp,quantile,06
2026-02-07,0.8,1726.2356865803706,2026-02-07,0,wk inc flu hosp,quantile,06
2026-02-07,0.85,1814.9219081453875,2026-02-07,0,wk inc flu hosp,quantile,06
2026-02-07,0.9,1932.0774876276457,2026-02-07,0,wk inc flu hosp,quantile,06
2026-02-07,0.95,2118.906244303753,2026-02-07,0,wk inc flu hosp,quantile,06
2026-02-07,0.975,2296.1431707741194,2026-02-07,0,wk inc flu hosp,quantile,06
2026-02-07,0.99,2520.356918990477,2026-02-07,0,wk inc flu hosp,quantile,06
2026-02-07,0.01,45.928007043209874,2026-02-07,0,wk inc flu hosp,quantile,08
2026-02-07,0.025,54.49294929384993,2026-02-07,0,wk inc flu hosp,quantile,08
2026-02-07,0.05,63.15227602726385,2026-02-07,0,wk inc flu hosp,quantile,08
2026-02-07,0.1,74.80836293064067,2026-02-07,0,wk inc flu hosp,quantile,08
2026-02-07,0.15,83.78521710454345,2026-02-07,0,wk inc flu hosp,quantile,08
2026-02-07,0.2,91.78932329134234,2026-02-07,0,wk inc flu hosp,quantile,08
2026-02-07,0.25,99.20890059659077,2026-02-07,0,wk inc flu hosp,quantile,08
2026-02-07,0.3,106.39754417740744,2026-02-07,0,wk inc flu hosp,quantile,08
2026-02-07,0.35,113.54869982794132,2026-02-07,0,wk inc flu hosp,quantile,08
2026-02-07,0.4,120.75070213663179,2026-02-07,0,wk inc flu hosp,quantile,08
2026-02-07,0.45,128.18333666422146,2026-02-07,0,wk inc flu hosp,quantile,08
2026-02-07,0.5,135.93313539547714,2026-02-07,0,wk inc flu hosp,quantile,08
2026-02-07,0.55,144.1281045205581,2026-02-07,0,wk inc flu hosp,quantile,08
2026-02-07,0.6,152.9487120495548,2026-02-07,0,wk inc flu hosp,quantile,08
2026-02-07,0.65,162.61139217736869,2026-02-07,0,wk inc flu hosp,quantile,08
2026-02-07,0.7,173.5212522272922,2026-02-07,0,wk inc flu hosp,quantile,08
2026-02-07,0.75,186.00659797876096,2026-02-07,0,wk inc flu hosp,quantile,08
2026-02-07,0.8,201.01830643882883,2026-02-07,0,wk inc flu hosp,quantile,08
2026-02-07,0.85,220.3355027479203,2026-02-07,0,wk inc flu hosp,quantile,08
2026-02-07,0.9,247.08097673464138,2026-02-07,0,wk inc flu hosp,quantile,08
2026-02-07,0.95,292.5888998199425,2026-02-07,0,wk inc flu hosp,quantile,08
2026-02-07,0.975,338.9633753520615,2026-02-07,0,wk inc flu hosp,quantile,08
2026-02-07,0.99,402.03117443734686,2026-02-07,0,wk inc flu hosp,quantile,08
2026-02-07,0.01,28.490828528894166,2026-02-07,0,wk inc flu hosp,quantile,09
2026-02-07,0.025,34.366750644644384,2026-02-07,0,wk inc flu hosp,quantile,09
2026-02-07,0.05,40.399091335835955,2026-02-07,0,wk inc flu hosp,quantile,09
2026-02-07,0.1,48.64471664815796,2026-02-07,0,wk inc flu hosp,quantile,09
2026-02-07,0.15,55.08143664906245,2026-02-07,0,wk inc flu hosp,quantile,09
2026-02-07,0.2,60.87740438769353,2026-02-07,0,wk inc flu hosp,quantile,09
2026-02-07,0.25,66.29400485227256,2026-02-07,0,wk inc flu hosp,quantile,09
2026-02-07,0.3,71.57951584067298,2026-02-07,0,wk inc flu hosp,quantile,09
2026-02-07,0.35,76.87181655872331,2026-02-07,0,wk inc flu hosp,quantile,09
2026-02-07,0.4,82.23438959256409,2026-02-07,0,wk inc flu hosp,quantile,09
2026-02-07,0.45,87.80116663400686,2026-02-07,0,wk inc flu hosp,quantile,09
2026-02-07,0.5,93.63876611733436,2026-02-07,0,wk inc flu hosp,quantile,09
2026-02-07,0.55,99.84673250865454,2026-02-07,0,wk inc flu hosp,quantile,09
2026-02-07,0.6,106.5668023553754,2026-02-07,0,wk inc flu hosp,quantile,09
2026-02-07,0.65,113.97143728048873,2026-02-07,0,wk inc flu hosp,quantile,09
2026-02-07,0.7,122.38292769690052,2026-02-07,0,wk inc flu hosp,quantile,09
2026-02-07,0.75,132.07183935193612,2026-02-07,0,wk inc flu hosp,quantile,09
2026-02-07,0.8,143.8044089178463,2026-02-07,0,wk inc flu hosp,quantile,09
2026-02-07,0.85,159.02624736047073,2026-02-07,0,wk inc flu hosp,quantile,09
2026-02-07,0.9,180.31334910523628,2026-02-07,0,wk inc flu hosp,quantile,09
2026-02-07,0.95,217.0379025849081,2026-02-07,0,wk inc flu hosp,quantile,09
2026-02-07,0.975,255.03518353838956,2026-02-07,0,wk inc flu hosp,quantile,09
2026-02-07,0.99,307.51244250726154,2026-02-07,0,wk inc flu hosp,quantile,09
2026-02-07,0.01,18.401047086937627,2026-02-07,0,wk inc flu hosp,quantile,10
2026-02-07,0.025,21.901926128600095,2026-02-07,0,wk inc flu hosp,quantile,10
2026-02-07,0.05,25.45180950036489,2026-02-07,0,wk inc flu hosp,quantile,10
2026-02-07,0.1,30.244322364124173,2026-02-07,0,wk inc flu hosp,quantile,10
2026-02-07,0.15,33.9448384827043,2026-02-07,0,wk inc flu hosp,quantile,10
2026-02-07,0.2,37.250600724953024,2026-02-07,0,wk inc flu hosp,quantile,10
2026-02-07,0.25,40.319741208761215,2026-02-07,0,wk inc flu hosp,quantile,10
2026-02-07,0.3,43.29742412280077,2026-02-07,0,wk inc flu hosp,quantile,10
2026-02-07,0.35,46.26328574746214,2026-02-07,0,wk inc flu hosp,quantile,10
2026-02-07,0.4,49.25373992145035,2026-02-07,0,wk inc flu hosp,quantile,10
2026-02-07,0.45,52.34342823661744,2026-02-07,0,wk inc flu hosp,quantile,10
2026-02-07,0.5,55.5684980544051,2026-02-07,0,wk inc flu hosp,quantile,10
2026-02-07,0.55,58.982533974735986,2026-02-07,0,wk inc flu hosp,quantile,10
2026-02-07,0.6,62.66123272618705,2026-02-07,0,wk inc flu hosp,quantile,10
2026-02-07,0.65,66.69563622120036,2026-02-07,0,wk inc flu hosp,quantile,10
2026-02-07,0.7,71.25610373367901,2026-02-07,0,wk inc flu hosp,quantile,10
2026-02-07,0.75,76.48165872622604,2026-02-07,0,wk inc flu hosp,quantile,10
2026-02-07,0.8,82.77317137193137,2026-02-07,0,wk inc flu hosp,quantile,10
2026-02-07,0.85,90.88189776308467,2026-02-07,0,wk inc flu hosp,quantile,10
2026-02-07,0.9,102.13035089259077,2026-02-07,0,wk inc flu hosp,quantile,10
2026-02-07,0.95,121.32066071617423,2026-02-07,0,wk inc flu hosp,quantile,10
2026-02-07,0.975,140.93358707690572,2026-02-07,0,wk inc flu hosp,quantile,10
2026-02-07,0.99,167.68554724304659,2026-02-07,0,wk inc flu hosp,quantile,10
2026-02-07,0.01,5.679445393233868,2026-02-07,0,wk inc flu hosp,quantile,11
2026-02-07,0.025,6.934021899501754,2026-02-07,0,wk inc flu hosp,quantile,11
2026-02-07,0.05,8.236500095218272,2026-02-07,0,wk inc flu hosp,quantile,11
2026-02-07,0.1,10.03698137051082,2026-02-07,0,wk inc flu hosp,quantile,11
2026-02-07,0.15,11.456432102844735,2026-02-07,0,wk inc flu hosp,quantile,11
2026-02-07,0.2,12.743811273852165,2026-02-07,0,wk inc flu hosp,quantile,11
2026-02-07,0.25,13.954110066176522,2026-02-07,0,wk inc flu hosp,quantile,11
2026-02-07,0.3,15.141285350172911,2026-02-07,0,wk inc flu hosp,quantile,11
2026-02-07,0.35,16.3356620366561,2026-02-07,0,wk inc flu hosp,quantile,11
2026-02-07,0.4,17.551315609090974,2026-02-07,0,wk inc flu hosp,quantile,11
2026-02-07,0.45,18.818673829673852,2026-02-07,0,wk inc flu hosp,quantile,11
2026-02-07,0.5,20.15325870067625,2026-02-07,0,wk inc flu hosp,quantile,11
2026-02-07,0.55,21.578405449226732,2026-02-07,0,wk inc flu hosp,quantile,11
2026-02-07,0.6,23.12755522057016,2026-02-07,0,wk inc flu hosp,quantile,11
2026-02-07,0.65,24.841807592937005,2026-02-07,0,wk inc flu hosp,quantile,11
2026-02-07,0.7,26.797863085876347,2026-02-07,0,wk inc flu hosp,quantile,11
2026-02-07,0.75,29.061708968887753,2026-02-07,0,wk inc flu hosp,quantile,11
2026-02-07,0.8,31.817363641478472,2026-02-07,0,wk inc flu hosp,quantile,11
2026-02-07,0.85,35.414059204524584,2026-02-07,0,wk inc flu hosp,quantile,11
2026-02-07,0.9,40.48083284819807,2026-02-07,0,wk inc flu hosp,quantile,11
2026-02-07,0.95,49.3109532876777,2026-02-07,0,wk inc flu hosp,quantile,11
2026-02-07,0.975,58.54926188526867,2026-02-07,0,wk inc flu hosp,quantile,11
2026-02-07,0.99,71.45274280949185,2026-02-07,0,wk inc flu hosp,quantile,11
2026-02-07,0.01,673.141789087725,2026-02-07,0,wk inc flu hosp,quantile,12
2026-02-07,0.025,740.5043590814871,2026-02-07,0,wk inc flu hosp,quantile,12
2026-02-07,0.05,803.9919009676549,2026-02-07,0,wk inc flu hosp,quantile,12
2026-02-07,0.1,883.6523370833646,2026-02-07,0,wk inc flu hosp,quantile,12
2026-02-07,0.15,941.3107943392229,2026-02-07,0,wk inc flu hosp,quantile,12
2026-02-07,0.2,990.4539943339767,2026-02-07,0,wk inc flu hosp,quantile,12
2026-02-07,0.25,1034.3405853863696,2026-02-07,0,wk inc flu hosp,quantile,12
2026-02-07,0.3,1075.4964345648839,2026-02-07,0,wk inc flu hosp,quantile,12
2026-02-07,0.35,1115.234307291985,2026-02-07,0,wk inc flu hosp,quantile,12
2026-02-07,0.4,1154.1509195519566,2026-02-07,0,wk inc flu hosp,quantile,12
2026-02-07,0.45,1193.2517050083538,2026-02-07,0,wk inc flu hosp,quantile,12
2026-02-07,0.5,1232.967320492989,2026-02-07,0,wk inc flu hosp,quantile,12
2026-02-07,0.55,1273.8895930826857,2026-02-07,0,wk inc flu hosp,quantile,12
2026-02-07,0.6,1316.80209964472,2026-02-07,0,wk inc flu hosp,quantile,12
2026-02-07,0.65,1362.5733839184393,2026-02-07,0,wk inc flu hosp,quantile,12
2026-02-07,0.7,1412.8296375369916,2026-02-07,0,wk inc flu hosp,quantile,12
2026-02-07,0.75,1468.6580911860408,2026-02-07,0,wk inc flu hosp,quantile,12
2026-02-07,0.8,1533.6328340507096,2026-02-07,0,wk inc flu hosp,quantile,12
2026-02-07,0.85,1614.16402147369,2026-02-07,0,wk inc flu hosp,quantile,12
2026-02-07,0.9,1720.6760522472832,2026-02-07,0,wk inc flu hosp,quantile,12
2026-02-07,0.95,1890.8162660453233,2026-02-07,0,wk inc flu hosp,quantile,12
2026-02-07,0.975,2052.5210521796257,2026-02-07,0,wk inc flu hosp,quantile,12
2026-02-07,0.99,2257.4690802141404,2026-02-07,0,wk inc flu hosp,quantile,12
2026-02-07,0.01,105.87082444451381,2026-02-07,0,wk inc flu hosp,quantile,13
2026-02-07,0.025,123.84422853435684,2026-02-07,0,wk inc flu hosp,quantile,13
2026-02-07,0.05,141.77802264331996,2026-02-07,0,wk inc flu hosp,quantile,13
2026-02-07,0.1,165.60179789213936,2026-02-07,0,wk inc flu hosp,quantile,13
2026-02-07,0.15,183.73743167641976,2026-02-07,0,wk inc flu hosp,quantile,13
2026-02-07,0.2,199.77165061564924,2026-02-07,0,wk inc flu hosp,quantile,13
2026-02-07,0.25,214.53128427489676,2026-02-07,0,wk inc flu hosp,quantile,13
2026-02-07,0.3,228.7442638129334,2026-02-07,0,wk inc flu hosp,quantile,13
2026-02-07,0.35,242.80419945644582,2026-02-07,0,wk inc flu hosp,quantile,13
2026-02-07,0.4,256.8899860219898,2026-02-07,0,wk inc flu hosp,quantile,13
2026-02-07,0.45,271.3539220484751,2026-02-07,0,wk inc flu hosp,quantile,13
2026-02-07,0.5,286.3611371020638,2026-02-07,0,wk inc flu hosp,quantile,13
2026-02-07,0.55,302.1533937783816,2026-02-07,0,wk inc flu hosp,quantile,13
2026-02-07,0.6,319.06830118568763,2026-02-07,0,wk inc flu hosp,quantile,13
2026-02-07,0.65,337.50544267263183,2026-02-07,0,wk inc flu hosp,quantile,13
2026-02-07,0.7,358.2135093837535,2026-02-07,0,wk inc flu hosp,quantile,13
2026-02-07,0.75,381.7800997542874,2026-02-07,0,wk inc flu hosp,quantile,13
2026-02-07,0.8,409.9426487793683,2026-02-07,0,wk inc flu hosp,quantile,13
2026-02-07,0.85,445.9280824607349,2026-02-07,0,wk inc flu hosp,quantile,13
2026-02-07,0.9,495.3251528073157,2026-02-07,0,wk inc flu hosp,quantile,13
2026-02-07,0.95,578.3832972045775,2026-02-07,0,wk inc flu hosp,quantile,13
2026-02-07,0.975,661.9236264964073,2026-02-07,0,wk inc flu hosp,quantile,13
2026-02-07,0.99,774.0420037437317,2026-02-07,0,wk inc flu hosp,quantile,13
2026-02-07,0.01,10.985910440845009,2026-02-07,0,wk inc flu hosp,quantile,15
2026-02-07,0.025,12.972557379016706,2026-02-07,0,wk inc flu hosp,quantile,15
2026-02-07,0.05,14.972222351106145,2026-02-07,0,wk inc flu hosp,quantile,15
2026-02-07,0.1,17.651996399557575,2026-02-07,0,wk inc flu hosp,quantile,15
2026-02-07,0.15,19.70775239563154,2026-02-07,0,wk inc flu hosp,quantile,15
2026-02-07,0.2,21.535535466205467,2026-02-07,0,wk inc flu hosp,quantile,15
2026-02-07,0.25,23.225855499821368,2026-02-07,0,wk inc flu hosp,quantile,15
2026-02-07,0.3,24.860196179093688,2026-02-07,0,wk inc flu hosp,quantile,15
2026-02-07,0.35,26.482955571156044,2026-02-07,0,wk inc flu hosp,quantile,15
2026-02-07,0.4,28.11437068638061,2026-02-07,0,wk inc flu hosp,quantile,15
2026-02-07,0.45,29.795183379206936,2026-02-07,0,wk inc flu hosp,quantile,15
2026-02-07,0.5,31.544825115142295,2026-02-07,0,wk inc flu hosp,quantile,15
2026-02-07,0.55,33.391946043349016,2026-02-07,0,wk inc flu hosp,quantile,15
2026-02-07,0.6,35.37681323056266,2026-02-07,0,wk inc flu hosp,quantile,15
2026-02-07,0.65,37.54750862271189,2026-02-07,0,wk inc flu hosp,quantile,15
2026-02-07,0.7,39.99406364118437,2026-02-07,0,wk inc flu hosp,quantile,15
2026-02-07,0.75,42.78867179136861,2026-02-07,0,wk inc flu hosp,quantile,15
2026-02-07,0.8,46.141857283895376,2026-02-07,0,wk inc flu hosp,quantile,15
2026-02-07,0.85,50.44655285953485,2026-02-07,0,wk inc flu hosp,quantile,15
2026-02-07,0.9,56.38938200706328,2026-02-07,0,wk inc flu hosp,quantile,15
2026-02-07,0.95,66.4609080834288,2026-02-07,0,wk inc flu hosp,quantile,15
2026-02-07,0.975,76.67918132988717,2026-02-07,0,wk inc flu hosp,quantile,15
2026-02-07,0.99,90.5139678696181,2026-02-07,0,wk inc flu hosp,quantile,15
2026-02-07,0.01,22.180301010361607,2026-02-07,0,wk inc flu hosp,quantile,16
2026-02-07,0.025,26.507223955948508,2026-02-07,0,wk inc flu hosp,quantile,16
2026-02-07,0.05,30.911208092119768,2026-02-07,0,wk inc flu hosp,quantile,16
2026-02-07,0.1,36.87921028983152,2026-02-07,0,wk inc flu hosp,quantile,16
2026-02-07,0.15,41.50266353665487,2026-02-07,0,wk inc flu hosp,quantile,16
2026-02-07,0.2,45.64287754815438,2026-02-07,0,wk inc flu hosp,quantile,16
2026-02-07,0.25,49.49441429424942,2026-02-07,0,wk inc flu hosp,quantile,16
2026-02-07,0.3,53.2377043081618,2026-02-07,0,wk inc flu hosp,quantile,16
2026-02-07,0.35,56.97208794504075,2026-02-07,0,wk inc flu hosp,quantile,16
2026-02-07,0.4,60.74307419765707,2026-02-07,0,wk inc flu hosp,quantile,16
2026-02-07,0.45,64.64478535716324,2026-02-07,0,wk inc flu hosp,quantile,16
2026-02-07,0.5,68.72316768640418,2026-02-07,0,wk inc flu hosp,quantile,16
2026-02-07,0.55,73.04650606679354,2026-02-07,0,wk inc flu hosp,quantile,16
2026-02-07,0.6,77.7115032849474,2026-02-07,0,wk inc flu hosp,quantile,16
2026-02-07,0.65,82.83488373360571,2026-02-07,0,wk inc flu hosp,quantile,16
2026-02-07,0.7,88.63498277345967,2026-02-07,0,wk inc flu hosp,quantile,16
2026-02-07,0.75,95.29153896206027,2026-02-07,0,wk inc flu hosp,quantile,16
2026-02-07,0.8,103.31993959449312,2026-02-07,0,wk inc flu hosp,quantile,16
2026-02-07,0.85,113.68803255028664,2026-02-07,0,wk inc flu hosp,quantile,16
2026-02-07,0.9,128.1059717773768,2026-02-07,0,wk inc flu hosp,quantile,16
2026-02-07,0.95,152.7869929733389,2026-02-07,0,wk inc flu hosp,quantile,16
2026-02-07,0.975,178.1057176930545,2026-02-07,0,wk inc flu hosp,quantile,16
2026-02-07,0.99,212.77095446602561,2026-02-07,0,wk inc flu hosp,quantile,16
2026-02-07,0.01,206.42614518062683,2026-02-07,0,wk inc flu hosp,quantile,17
2026-02-07,0.025,234.19714196801263,2026-02-07,0,wk inc flu hosp,quantile,17
2026-02-07,0.05,261.13135298473793,2026-02-07,0,wk inc flu hosp,quantile,17
2026-02-07,0.1,295.90891183500014,2026-02-07,0,wk inc flu hosp,quantile,17
2026-02-07,0.15,321.727117808419,2026-02-07,0,wk inc flu hosp,quantile,17
2026-02-07,0.2,344.14116152151644,2026-02-07,0,wk inc flu hosp,quantile,17
2026-02-07,0.25,364.46461768912496,2026-02-07,0,wk inc flu hosp,quantile,17
2026-02-07,0.3,383.7788431769151,2026-02-07,0,wk inc flu hosp,quantile,17
2026-02-07,0.35,402.655959190506,2026-02-07,0,wk inc flu hosp,quantile,17
2026-02-07,0.4,421.3550693195174,2026-02-07,0,wk inc flu hosp,quantile,17
2026-02-07,0.45,440.349183777728,2026-02-07,0,wk inc flu hosp,quantile,17
2026-02-07,0.5,459.8491312313946,2026-02-07,0,wk inc flu hosp,quantile,17
2026-02-07,0.55,480.1551193720331,2026-02-07,0,wk inc flu hosp,quantile,17
2026-02-07,0.6,501.67641337920185,2026-02-07,0,wk inc flu hosp,quantile,17
2026-02-07,0.65,524.8826554844513,2026-02-07,0,wk inc flu hosp,quantile,17
2026-02-07,0.7,550.6545852407422,2026-02-07,0,wk inc flu hosp,quantile,17
2026-02-07,0.75,579.6333714261802,2026-02-07,0,wk inc flu hosp,quantile,17
2026-02-07,0.8,613.8105303119322,2026-02-07,0,wk inc flu hosp,quantile,17
2026-02-07,0.85,656.8235372317063,2026-02-07,0,wk inc flu hosp,quantile,17
2026-02-07,0.9,714.7845301511759,2026-02-07,0,wk inc flu hosp,quantile,17
2026-02-07,0.95,809.7834663260185,2026-02-07,0,wk inc flu hosp,quantile,17
2026-02-07,0.975,902.6779478380348,2026-02-07,0,wk inc flu hosp,quantile,17
2026-02-07,0.99,1023.8462606926197,2026-02-07,0,wk inc flu hosp,quantile,17
2026-02-07,0.01,105.85268179916713,2026-02-07,0,wk inc flu hosp,quantile,18
2026-02-07,0.025,121.71514706602368,2026-02-07,0,wk inc flu hosp,quantile,18
2026-02-07,0.05,137.29244704448666,2026-02-07,0,wk inc flu hosp,quantile,18
2026-02-07,0.1,157.65817988583782,2026-02-07,0,wk inc flu hosp,quantile,18
2026-02-07,0.15,172.94467780611816,2026-02-07,0,wk inc flu hosp,quantile,18
2026-02-07,0.2,186.3222403944869,2026-02-07,0,wk inc flu hosp,quantile,18
2026-02-07,0.25,198.53258006355765,2026-02-07,0,wk inc flu hosp,quantile,18
2026-02-07,0.3,210.2039221115134,2026-02-07,0,wk inc flu hosp,quantile,18
2026-02-07,0.35,221.6716529432038,2026-02-07,0,wk inc flu hosp,quantile,18
2026-02-07,0.4,233.08774625240693,2026-02-07,0,wk inc flu hosp,quantile,18
2026-02-07,0.45,244.7392052160167,2026-02-07,0,wk inc flu hosp,quantile,18
2026-02-07,0.5,256.7566457684825,2026-02-07,0,wk inc flu hosp,quantile,18
2026-02-07,0.55,269.3285145334333,2026-02-07,0,wk inc flu hosp,quantile,18
2026-02-07,0.6,282.71459485914164,2026-02-07,0,wk inc flu hosp,quantile,18
2026-02-07,0.65,297.2171934959484,2026-02-07,0,wk inc flu hosp,quantile,18
2026-02-07,0.7,313.4031644804037,2026-02-07,0,wk inc flu hosp,quantile,18
2026-02-07,0.75,331.69946126341495,2026-02-07,0,wk inc flu hosp,quantile,18
2026-02-07,0.8,353.4028423363328,2026-02-07,0,wk inc flu hosp,quantile,18
2026-02-07,0.85,380.89961669109556,2026-02-07,0,wk inc flu hosp,quantile,18
2026-02-07,0.9,418.2541083539925,2026-02-07,0,wk inc flu hosp,quantile,18
2026-02-07,0.95,480.16845513987084,2026-02-07,0,wk inc flu hosp,quantile,18
2026-02-07,0.975,541.4646141854664,2026-02-07,0,wk inc flu hosp,quantile,18
2026-02-07,0.99,622.4230262129815,2026-02-07,0,wk inc flu hosp,quantile,18
2026-02-07,0.01,43.95448494663593,2026-02-07,0,wk inc flu hosp,quantile,19
2026-02-07,0.025,52.786038916393224,2026-02-07,0,wk inc flu hosp,quantile,19
2026-02-07,0.05,61.815646714898016,2026-02-07,0,wk inc flu hosp,quantile,19
2026-02-07,0.1,74.10765969668748,2026-02-07,0,wk inc flu hosp,quantile,19
2026-02-07,0.15,83.66847556899563,2026-02-07,0,wk inc flu hosp,quantile,19
2026-02-07,0.2,92.25493037999514,2026-02-07,0,wk inc flu hosp,quantile,19
2026-02-07,0.25,100.26192689495151,2026-02-07,0,wk inc flu hosp,quantile,19
2026-02-07,0.3,108.06028038594245,2026-02-07,0,wk inc flu hosp,quantile,19
2026-02-07,0.35,115.85506587778116,2026-02-07,0,wk inc flu hosp,quantile,19
2026-02-07,0.4,123.74046721452164,2026-02-07,0,wk inc flu hosp,quantile,19
2026-02-07,0.45,131.91334310468758,2026-02-07,0,wk inc flu hosp,quantile,19
2026-02-07,0.5,140.4707354199892,2026-02-07,0,wk inc flu hosp,quantile,19
2026-02-07,0.55,149.55728847805452,2026-02-07,0,wk inc flu hosp,quantile,19
2026-02-07,0.6,159.378435665552,2026-02-07,0,wk inc flu hosp,quantile,19
2026-02-07,0.65,170.18320064747078,2026-02-07,0,wk inc flu hosp,quantile,19
2026-02-07,0.7,182.43716416609686,2026-02-07,0,wk inc flu hosp,quantile,19
2026-02-07,0.75,196.52759698978286,2026-02-07,0,wk inc flu hosp,quantile,19
2026-02-07,0.8,213.55767016008153,2026-02-07,0,wk inc flu hosp,quantile,19
2026-02-07,0.85,235.60410780360223,2026-02-07,0,wk inc flu hosp,quantile,19
2026-02-07,0.9,266.3527734237257,2026-02-07,0,wk inc flu hosp,quantile,19
2026-02-07,0.95,319.20465031616885,2026-02-07,0,wk inc flu hosp,quantile,19
2026-02-07,0.975,373.6662834768437,2026-02-07,0,wk inc flu hosp,quantile,19
2026-02-07,0.99,448.57288126056346,2026-02-07,0,wk inc flu hosp,quantile,19
2026-02-07,0.01,47.669104813145026,2026-02-07,0,wk inc flu hosp,quantile,20
2026-02-07,0.025,56.09253290004288,2026-02-07,0,wk inc flu hosp,quantile,20
2026-02-07,0.05,64.54364569655701,2026-02-07,0,wk inc flu hosp,quantile,20
2026-02-07,0.1,75.83224917223598,2026-02-07,0,wk inc flu hosp,quantile,20
2026-02-07,0.15,84.46734501928145,2026-02-07,0,wk inc flu hosp,quantile,20
2026-02-07,0.2,92.12883738395136,2026-02-07,0,wk inc flu hosp,quantile,20
2026-02-07,0.25,99.20190081163985,2026-02-07,0,wk inc flu hosp,quantile,20
2026-02-07,0.3,106.03039557314914,2026-02-07,0,wk inc flu hosp,quantile,20
2026-02-07,0.35,112.80113926228115,2026-02-07,0,wk inc flu hosp,quantile,20
2026-02-07,0.4,119.59918458217972,2026-02-07,0,wk inc flu hosp,quantile,20
2026-02-07,0.45,126.59437765537292,2026-02-07,0,wk inc flu hosp,quantile,20
2026-02-07,0.5,133.86719529346524,2026-02-07,0,wk inc flu hosp,quantile,20
2026-02-07,0.55,141.53599362418203,2026-02-07,0,wk inc flu hosp,quantile,20
2026-02-07,0.6,149.7667295207824,2026-02-07,0,wk inc flu hosp,quantile,20
2026-02-07,0.65,158.75692491057598,2026-02-07,0,wk inc flu hosp,quantile,20
2026-02-07,0.7,168.87652760607762,2026-02-07,0,wk inc flu hosp,quantile,20
2026-02-07,0.75,180.41985316822894,2026-02-07,0,wk inc flu hosp,quantile,20
2026-02-07,0.8,194.2495396067407,2026-02-07,0,wk inc flu hosp,quantile,20
2026-02-07,0.85,211.97273329642832,2026-02-07,0,wk inc flu hosp,quantile,20
2026-02-07,0.9,236.3885654744566,2026-02-07,0,wk inc flu hosp,quantile,20
2026-02-07,0.95,277.64586219767386,2026-02-07,0,wk inc flu hosp,quantile,20
2026-02-07,0.975,319.3694171225659,2026-02-07,0,wk inc flu hosp,quantile,20
2026-02-07,0.99,375.6757498057064,2026-02-07,0,wk inc flu hosp,quantile,20
2026-02-07,0.01,87.98477900949428,2026-02-07,0,wk inc flu hosp,quantile,21
2026-02-07,0.025,101.63994648368332,2026-02-07,0,wk inc flu hosp,quantile,21
2026-02-07,0.05,115.10747916112783,2026-02-07,0,wk inc flu hosp,quantile,21
2026-02-07,0.1,132.79095537992114,2026-02-07,0,wk inc flu hosp,quantile,21
2026-02-07,0.15,146.11474182991537,2026-02-07,0,wk inc flu hosp,quantile,21
2026-02-07,0.2,157.80698226722438,2026-02-07,0,wk inc flu hosp,quantile,21
2026-02-07,0.25,168.503483959538,2026-02-07,0,wk inc flu hosp,quantile,21
2026-02-07,0.3,178.74828808579656,2026-02-07,0,wk inc flu hosp,quantile,21
2026-02-07,0.35,188.83280042180203,2026-02-07,0,wk inc flu hosp,quantile,21
2026-02-07,0.4,198.88913762214867,2026-02-07,0,wk inc flu hosp,quantile,21
2026-02-07,0.45,209.16968926803102,2026-02-07,0,wk inc flu hosp,quantile,21
2026-02-07,0.5,219.79020236408846,2026-02-07,0,wk inc flu hosp,quantile,21
2026-02-07,0.55,230.91837397049954,2026-02-07,0,wk inc flu hosp,quantile,21
2026-02-07,0.6,242.78622465295433,2026-02-07,0,wk inc flu hosp,quantile,21
2026-02-07,0.65,255.66502090237498,2026-02-07,0,wk inc flu hosp,quantile,21
2026-02-07,0.7,270.063340273321,2026-02-07,0,wk inc flu hosp,quantile,21
2026-02-07,0.75,286.3686247622438,2026-02-07,0,wk inc flu hosp,quantile,21
2026-02-07,0.8,305.748896218829,2026-02-07,0,wk inc flu hosp,quantile,21
2026-02-07,0.85,330.3590109277132,2026-02-07,0,wk inc flu hosp,quantile,21
2026-02-07,0.9,363.88593005078747,2026-02-07,0,wk inc flu hosp,quantile,21
2026-02-07,0.95,419.6719043055325,2026-02-07,0,wk inc flu hosp,quantile,21
2026-02-07,0.975,475.1374661431011,2026-02-07,0,wk inc flu hosp,quantile,21
2026-02-07,0.99,548.7123577845098,2026-02-07,0,wk inc flu hosp,quantile,21
2026-02-07,0.01,79.4558948441122,2026-02-07,0,wk inc flu hosp,quantile,22
2026-02-07,0.025,94.49646172119225,2026-02-07,0,wk inc flu hosp,quantile,22
2026-02-07,0.05,109.73615502461843,2026-02-07,0,wk inc flu hosp,quantile,22
2026-02-07,0.1,130.29504325381794,2026-02-07,0,wk inc flu hosp,quantile,22
2026-02-07,0.15,146.15900925035035,2026-02-07,0,wk inc flu hosp,quantile,22
2026-02-07,0.2,160.32386981601164,2026-02-07,0,wk inc flu hosp,quantile,22
2026-02-07,0.25,173.469601167272,2026-02-07,0,wk inc flu hosp,quantile,22
2026-02-07,0.3,186.21916529905516,2026-02-07,0,wk inc flu hosp,quantile,22
2026-02-07,0.35,198.9140741086706,2026-02-07,0,wk inc flu hosp,quantile,22
2026-02-07,0.4,211.71042948798421,2026-02-07,0,wk inc flu hosp,quantile,22
2026-02-07,0.45,224.92763542130396,2026-02-07,0,wk inc flu hosp,quantile,22
2026-02-07,0.5,238.72012928386647,2026-02-07,0,wk inc flu hosp,quantile,22
2026-02-07,0.55,253.31672778169562,2026-02-07,0,wk inc flu hosp,quantile,22
2026-02-07,0.6,269.0405078999307,2026-02-07,0,wk inc flu hosp,quantile,22
2026-02-07,0.65,286.27975999167745,2026-02-07,0,wk inc flu hosp,quantile,22
2026-02-07,0.7,305.76111200609006,2026-02-07,0,wk inc flu hosp,quantile,22
2026-02-07,0.75,328.0764947805988,2026-02-07,0,wk inc flu hosp,quantile,22
2026-02-07,0.8,354.9346447410639,2026-02-07,0,wk inc flu hosp,quantile,22
2026-02-07,0.85,389.5365285722275,2026-02-07,0,wk inc flu hosp,quantile,22
2026-02-07,0.9,437.5129358402266,2026-02-07,0,wk inc flu hosp,quantile,22
2026-02-07,0.95,519.307356232439,2026-02-07,0,wk inc flu hosp,quantile,22
2026-02-07,0.975,602.8409932633758,2026-02-07,0,wk inc flu hosp,quantile,22
2026-02-07,0.99,716.6948591165891,2026-02-07,0,wk inc flu hosp,quantile,22
2026-02-07,0.01,17.237739027804786,2026-02-07,0,wk inc flu hosp,quantile,23
2026-02-07,0.025,20.614853285258498,2026-02-07,0,wk inc flu hosp,quantile,23
2026-02-07,0.05,24.05433870896209,2026-02-07,0,wk inc flu hosp,quantile,23
2026-02-07,0.1,28.718339638427377,2026-02-07,0,wk inc flu hosp,quantile,23
2026-02-07,0.15,32.333639028067864,2026-02-07,0,wk inc flu hosp,quantile,23
2026-02-07,0.2,35.57241728472731,2026-02-07,0,wk inc flu hosp,quantile,23
2026-02-07,0.25,38.586407863848464,2026-02-07,0,wk inc flu hosp,quantile,23
2026-02-07,0.3,41.516572682978726,2026-02-07,0,wk inc flu hosp,quantile,23
2026-02-07,0.35,44.4405706625537,2026-02-07,0,wk inc flu hosp,quantile,23
2026-02-07,0.4,47.39399047603441,2026-02-07,0,wk inc flu hosp,quantile,23
2026-02-07,0.45,50.45054940608476,2026-02-07,0,wk inc flu hosp,quantile,23
2026-02-07,0.5,53.64628289332157,2026-02-07,0,wk inc flu hosp,quantile,23
2026-02-07,0.55,57.03476941562668,2026-02-07,0,wk inc flu hosp,quantile,23
2026-02-07,0.6,60.6919169287611,2026-02-07,0,wk inc flu hosp,quantile,23
2026-02-07,0.65,64.70940579264519,2026-02-07,0,wk inc flu hosp,quantile,23
2026-02-07,0.7,69.2587145694005,2026-02-07,0,wk inc flu hosp,quantile,23
2026-02-07,0.75,74.48121937303105,2026-02-07,0,wk inc flu hosp,quantile,23
2026-02-07,0.8,80.78192006837571,2026-02-07,0,wk inc flu hosp,quantile,23
2026-02-07,0.85,88.92163490559868,2026-02-07,0,wk inc flu hosp,quantile,23
2026-02-07,0.9,100.24556298415521,2026-02-07,0,wk inc flu hosp,quantile,23
2026-02-07,0.95,119.64150206820625,2026-02-07,0,wk inc flu hosp,quantile,23
2026-02-07,0.975,139.55138455645036,2026-02-07,0,wk inc flu hosp,quantile,23
2026-02-07,0.99,166.82883964341255,2026-02-07,0,wk inc flu hosp,quantile,23
2026-02-07,0.01,43.353038988184466,2026-02-07,0,wk inc flu hosp,quantile,24
2026-02-07,0.025,52.39585117102644,2026-02-07,0,wk inc flu hosp,quantile,24
2026-02-07,0.05,61.69612790343238,2026-02-07,0,wk inc flu hosp,quantile,24
2026-02-07,0.1,74.43170662568075,2026-02-07,0,wk inc flu hosp,quantile,24
2026-02-07,0.15,84.38920369394113,2026-02-07,0,wk inc flu hosp,quantile,24
2026-02-07,0.2,93.36585396247602,2026-02-07,0,wk inc flu hosp,quantile,24
2026-02-07,0.25,101.76298822196752,2026-02-07,0,wk inc flu hosp,quantile,24
2026-02-07,0.3,109.96376916100832,2026-02-07,0,wk inc flu hosp,quantile,24
2026-02-07,0.35,118.18138063866986,2026-02-07,0,wk inc flu hosp,quantile,24
2026-02-07,0.4,126.51409304778956,2026-02-07,0,wk inc flu hosp,quantile,24
2026-02-07,0.45,135.17006960377782,2026-02-07,0,wk inc flu hosp,quantile,24
2026-02-07,0.5,144.2532670448118,2026-02-07,0,wk inc flu hosp,quantile,24
2026-02-07,0.55,153.91918562537046,2026-02-07,0,wk inc flu hosp,quantile,24
2026-02-07,0.6,164.38947432917874,2026-02-07,0,wk inc flu hosp,quantile,24
2026-02-07,0.65,175.9342736048208,2026-02-07,0,wk inc flu hosp,quantile,24
2026-02-07,0.7,189.05830700676103,2026-02-07,0,wk inc flu hosp,quantile,24
2026-02-07,0.75,204.18699830520728,2026-02-07,0,wk inc flu hosp,quantile,24
2026-02-07,0.8,222.52208826058714,2026-02-07,0,wk inc flu hosp,quantile,24
2026-02-07,0.85,246.33300224632777,2026-02-07,0,wk inc flu hosp,quantile,24
2026-02-07,0.9,279.67079007627115,2026-02-07,0,wk inc flu hosp,quantile,24
2026-02-07,0.95,337.2789057527426,2026-02-07,0,wk inc flu hosp,quantile,24
2026-02-07,0.975,396.99024023555364,2026-02-07,0,wk inc flu hosp,quantile,24
2026-02-07,0.99,479.60600868802055,2026-02-07,0,wk inc flu hosp,quantile,24
2026-02-07,0.01,65.28730132856067,2026-02-07,0,wk inc flu hosp,quantile,25
2026-02-07,0.025,77.96235832654499,2026-02-07,0,wk inc flu hosp,quantile,25
2026-02-07,0.05,90.85377530968313,2026-02-07,0,wk inc flu hosp,quantile,25
2026-02-07,0.1,108.31067658084889,2026-02-07,0,wk inc flu hosp,quantile,25
2026-02-07,0.15,121.82598187037811,2026-02-07,0,wk inc flu hosp,quantile,25
2026-02-07,0.2,133.9230255845302,2026-02-07,0,wk inc flu hosp,quantile,25
2026-02-07,0.25,145.17225139806197,2026-02-07,0,wk inc flu hosp,quantile,25
2026-02-07,0.3,156.10162305545663,2026-02-07,0,wk inc flu hosp,quantile,25
2026-02-07,0.35,167.0016187276467,2026-02-07,0,wk inc flu hosp,quantile,25
2026-02-07,0.4,178.00525952537143,2026-02-07,0,wk inc flu hosp,quantile,25
2026-02-07,0.45,189.3871888878447,2026-02-07,0,wk inc flu hosp,quantile,25
2026-02-07,0.5,201.28126705702093,2026-02-07,0,wk inc flu hosp,quantile,25
2026-02-07,0.55,213.88633913343017,2026-02-07,0,wk inc flu hosp,quantile,25
2026-02-07,0.6,227.48386928882573,2026-02-07,0,wk inc flu hosp,quantile,25
2026-02-07,0.65,242.4133620885212,2026-02-07,0,wk inc flu hosp,quantile,25
2026-02-07,0.7,259.30991478616767,2026-02-07,0,wk inc flu hosp,quantile,25
2026-02-07,0.75,278.69547420777826,2026-02-07,0,wk inc flu hosp,quantile,25
2026-02-07,0.8,302.0682926628322,2026-02-07,0,wk inc flu hosp,quantile,25
2026-02-07,0.85,332.2408316994402,2026-02-07,0,wk inc flu hosp,quantile,25
2026-02-07,0.9,374.1790424344623,2026-02-07,0,wk inc flu hosp,quantile,25
2026-02-07,0.95,445.9229020378872,2026-02-07,0,wk inc flu hosp,quantile,25
2026-02-07,0.975,519.4673312159313,2026-02-07,0,wk inc flu hosp,quantile,25
2026-02-07,0.99,620.0873527434818,2026-02-07,0,wk inc flu hosp,quantile,25
2026-02-07,0.01,111.18500928838793,2026-02-07,0,wk inc flu hosp,quantile,26
2026-02-07,0.025,126.67385863491258,2026-02-07,0,wk inc flu hosp,quantile,26
2026-02-07,0.05,141.75469404052848,2026-02-07,0,wk inc flu hosp,quantile,26
2026-02-07,0.1,161.30325062631374,2026-02-07,0,wk inc flu hosp,quantile,26
2026-02-07,0.15,175.86584661847795,2026-02-07,0,wk inc flu hosp,quantile,26
2026-02-07,0.2,188.54005697393293,2026-02-07,0,wk inc flu hosp,quantile,26
2026-02-07,0.25,200.055956759874,2026-02-07,0,wk inc flu hosp,quantile,26
2026-02-07,0.3,211.01984166556062,2026-02-07,0,wk inc flu hosp,quantile,26
2026-02-07,0.35,221.75336641489537,2026-02-07,0,wk inc flu hosp,quantile,26
2026-02-07,0.4,232.40220478407724,2026-02-07,0,wk inc flu hosp,quantile,26
2026-02-07,0.45,243.2351546335356,2026-02-07,0,wk inc flu hosp,quantile,26
2026-02-07,0.5,254.37278153694209,2026-02-07,0,wk inc flu hosp,quantile,26
2026-02-07,0.55,265.98749756385865,2026-02-07,0,wk inc flu hosp,quantile,26
2026-02-07,0.6,278.31519303932913,2026-02-07,0,wk inc flu hosp,quantile,26
2026-02-07,0.65,291.6277653498802,2026-02-07,0,wk inc flu hosp,quantile,26
2026-02-07,0.7,306.4351183901277,2026-02-07,0,wk inc flu hosp,quantile,26
2026-02-07,0.75,323.1125035021139,2026-02-07,0,wk inc flu hosp,quantile,26
2026-02-07,0.8,342.8171658440641,2026-02-07,0,wk inc flu hosp,quantile,26
2026-02-07,0.85,367.6678129327625,2026-02-07,0,wk inc flu hosp,quantile,26
2026-02-07,0.9,401.23980995784575,2026-02-07,0,wk inc flu hosp,quantile,26
2026-02-07,0.95,456.4581007623365,2026-02-07,0,wk inc flu hosp,quantile,26
2026-02-07,0.975,510.6626458030115,2026-02-07,0,wk inc flu hosp,quantile,26
2026-02-07,0.99,581.6423978451003,2026-02-07,0,wk inc flu hosp,quantile,26
2026-02-07,0.01,36.9665513882543,2026-02-07,0,wk inc flu hosp,quantile,27
2026-02-07,0.025,47.86793515040492,2026-02-07,0,wk inc flu hosp,quantile,27
2026-02-07,0.05,59.81962094927504,2026-02-07,0,wk inc flu hosp,quantile,27
2026-02-07,0.1,77.2714581887021,2026-02-07,0,wk inc flu hosp,quantile,27
2026-02-07,0.15,91.70706711021633,2026-02-07,0,wk inc flu hosp,quantile,27
2026-02-07,0.2,105.26622801881771,2026-02-07,0,wk inc flu hosp,quantile,27
2026-02-07,0.25,118.38846239850882,2026-02-07,0,wk inc flu hosp,quantile,27
2026-02-07,0.3,131.5906904710127,2026-02-07,0,wk inc flu hosp,quantile,27
2026-02-07,0.35,145.18481581505964,2026-02-07,0,wk inc flu hosp,quantile,27
2026-02-07,0.4,159.32544747955845,2026-02-07,0,wk inc flu hosp,quantile,27
2026-02-07,0.45,174.37813619620803,2026-02-07,0,wk inc flu hosp,quantile,27
2026-02-07,0.5,190.55555719439593,2026-02-07,0,wk inc flu hosp,quantile,27
2026-02-07,0.55,208.18276663600636,2026-02-07,0,wk inc flu hosp,quantile,27
2026-02-07,0.6,227.73662598087247,2026-02-07,0,wk inc flu hosp,quantile,27
2026-02-07,0.65,249.8285907145847,2026-02-07,0,wk inc flu hosp,quantile,27
2026-02-07,0.7,275.5905563252814,2026-02-07,0,wk inc flu hosp,quantile,27
2026-02-07,0.75,306.10459913978923,2026-02-07,0,wk inc flu hosp,quantile,27
2026-02-07,0.8,344.20151703426967,2026-02-07,0,wk inc flu hosp,quantile,27
2026-02-07,0.85,395.4009699392196,2026-02-07,0,wk inc flu hosp,quantile,27
2026-02-07,0.9,470.1472391979002,2026-02-07,0,wk inc flu hosp,quantile,27
2026-02-07,0.95,607.0071604081292,2026-02-07,0,wk inc flu hosp,quantile,27
2026-02-07,0.975,758.1591632893745,2026-02-07,0,wk inc flu hosp,quantile,27
2026-02-07,0.99,981.2072364902199,2026-02-07,0,wk inc flu hosp,quantile,27
2026-02-07,0.01,36.74166099203376,2026-02-07,0,wk inc flu hosp,quantile,28
2026-02-07,0.025,42.81299644066648,2026-02-07,0,wk inc flu hosp,quantile,28
2026-02-07,0.05,48.84921150349285,2026-02-07,0,wk inc flu hosp,quantile,28
2026-02-07,0.1,56.839068053484695,2026-02-07,0,wk inc flu hosp,quantile,28
2026-02-07,0.15,62.90198958519633,2026-02-07,0,wk inc flu hosp,quantile,28
2026-02-07,0.2,68.25002022592744,2026-02-07,0,wk inc flu hosp,quantile,28
2026-02-07,0.25,73.1635319307901,2026-02-07,0,wk inc flu hosp,quantile,28
2026-02-07,0.3,77.88716079286952,2026-02-07,0,wk inc flu hosp,quantile,28
2026-02-07,0.35,82.55279006751536,2026-02-07,0,wk inc flu hosp,quantile,28
2026-02-07,0.4,87.22030498258633,2026-02-07,0,wk inc flu hosp,quantile,28
2026-02-07,0.45,92.00654858769683,2026-02-07,0,wk inc flu hosp,quantile,28
2026-02-07,0.5,96.96591037254053,2026-02-07,0,wk inc flu hosp,quantile,28
2026-02-07,0.55,102.17777414663745,2026-02-07,0,wk inc flu hosp,quantile,28
2026-02-07,0.6,107.75268768628236,2026-02-07,0,wk inc flu hosp,quantile,28
2026-02-07,0.65,113.82100483267924,2026-02-07,0,wk inc flu hosp,quantile,28
2026-02-07,0.7,120.62702118352694,2026-02-07,0,wk inc flu hosp,quantile,28
2026-02-07,0.75,128.36073998957824,2026-02-07,0,wk inc flu hosp,quantile,28
2026-02-07,0.8,137.58728213330224,2026-02-07,0,wk inc flu hosp,quantile,28
2026-02-07,0.85,149.3540898707911,2026-02-07,0,wk inc flu hosp,quantile,28
2026-02-07,0.9,165.4685031825032,2026-02-07,0,wk inc flu hosp,quantile,28
2026-02-07,0.95,192.47626744743891,2026-02-07,0,wk inc flu hosp,quantile,28
2026-02-07,0.975,219.544015177928,2026-02-07,0,wk inc flu hosp,quantile,28
2026-02-07,0.99,255.74028177044795,2026-02-07,0,wk inc flu hosp,quantile,28
2026-02-07,0.01,138.68583592948207,2026-02-07,0,wk inc flu hosp,quantile,29
2026-02-07,0.025,157.94514293064054,2026-02-07,0,wk inc flu hosp,quantile,29
2026-02-07,0.05,176.6904355200305,2026-02-07,0,wk inc flu hosp,quantile,29
2026-02-07,0.1,200.98039204569022,2026-02-07,0,wk inc flu hosp,quantile,29
2026-02-07,0.15,219.0693731642932,2026-02-07,0,wk inc flu hosp,quantile,29
2026-02-07,0.2,234.8090873954153,2026-02-07,0,wk inc flu hosp,quantile,29
2026-02-07,0.25,249.10762554315212,2026-02-07,0,wk inc flu hosp,quantile,29
2026-02-07,0.3,262.7185103066843,2026-02-07,0,wk inc flu hosp,quantile,29
2026-02-07,0.35,276.04140290659177,2026-02-07,0,wk inc flu hosp,quantile,29
2026-02-07,0.4,289.2573041019766,2026-02-07,0,wk inc flu hosp,quantile,29
2026-02-07,0.45,302.6998719890545,2026-02-07,0,wk inc flu hosp,quantile,29
2026-02-07,0.5,316.5186768780123,2026-02-07,0,wk inc flu hosp,quantile,29
2026-02-07,0.55,330.9275263543691,2026-02-07,0,wk inc flu hosp,quantile,29
2026-02-07,0.6,346.218852358667,2026-02-07,0,wk inc flu hosp,quantile,29
2026-02-07,0.65,362.72958851839485,2026-02-07,0,wk inc flu hosp,quantile,29
2026-02-07,0.7,381.0916055063213,2026-02-07,0,wk inc flu hosp,quantile,29
2026-02-07,0.75,401.7694561165409,2026-02-07,0,wk inc flu hosp,quantile,29
2026-02-07,0.8,426.1967132205325,2026-02-07,0,wk inc flu hosp,quantile,29
2026-02-07,0.85,456.9974251082261,2026-02-07,0,wk inc flu hosp,quantile,29
2026-02-07,0.9,498.59800951855783,2026-02-07,0,wk inc flu hosp,quantile,29
2026-02-07,0.95,566.9995842773288,2026-02-07,0,wk inc flu hosp,quantile,29
2026-02-07,0.975,634.1216405089506,2026-02-07,0,wk inc flu hosp,quantile,29
2026-02-07,0.99,721.9851957405202,2026-02-07,0,wk inc flu hosp,quantile,29
2026-02-07,0.01,11.403222075900915,2026-02-07,0,wk inc flu hosp,quantile,30
2026-02-07,0.025,14.134586364623281,2026-02-07,0,wk inc flu hosp,quantile,30
2026-02-07,0.05,17.010314916516048,2026-02-07,0,wk inc flu hosp,quantile,30
2026-02-07,0.1,21.0419933225814,2026-02-07,0,wk inc flu hosp,quantile,30
2026-02-07,0.15,24.260040262804537,2026-02-07,0,wk inc flu hosp,quantile,30
2026-02-07,0.2,27.205103619331766,2026-02-07,0,wk inc flu hosp,quantile,30
2026-02-07,0.25,29.994569702535664,2026-02-07,0,wk inc flu hosp,quantile,30
2026-02-07,0.3,32.748663752043,2026-02-07,0,wk inc flu hosp,quantile,30
2026-02-07,0.35,35.53605985146102,2026-02-07,0,wk inc flu hosp,quantile,30
2026-02-07,0.4,38.38904050417219,2026-02-07,0,wk inc flu hosp,quantile,30
2026-02-07,0.45,41.37936764992207,2026-02-07,0,wk inc flu hosp,quantile,30
2026-02-07,0.5,44.5448686164391,2026-02-07,0,wk inc flu hosp,quantile,30
2026-02-07,0.55,47.942765659632485,2026-02-07,0,wk inc flu hosp,quantile,30
2026-02-07,0.6,51.65565763194243,2026-02-07,0,wk inc flu hosp,quantile,30
2026-02-07,0.65,55.786272902890744,2026-02-07,0,wk inc flu hosp,quantile,30
2026-02-07,0.7,60.5259596035936,2026-02-07,0,wk inc flu hosp,quantile,30
2026-02-07,0.75,66.04422343959487,2026-02-07,0,wk inc flu hosp,quantile,30
2026-02-07,0.8,72.80526452493243,2026-02-07,0,wk inc flu hosp,quantile,30
2026-02-07,0.85,81.696427950360885,2026-02-07,0,wk inc flu hosp,quantile,30
2026-02-07,0.9,94.33715488724646,2026-02-07,0,wk inc flu hosp,quantile,30
2026-02-07,0.95,116.64824779185913,2026-02-07,0,wk inc flu hosp,quantile,30
2026-02-07,0.975,140.31832129392222,2026-02-07,0,wk inc flu hosp,quantile,30
2026-02-07,0.99,173.84984517898505,2026-02-07,0,wk inc flu hosp,quantile,30
2026-02-07,0.01,29.74432942537971,2026-02-07,0,wk inc flu hosp,quantile,31
2026-02-07,0.025,35.36393121611701,2026-02-07,0,wk inc flu hosp,quantile,31
2026-02-07,0.05,41.056314536770046,2026-02-07,0,wk inc flu hosp,quantile,31
2026-02-07,0.1,48.733354311911135,2026-02-07,0,wk inc flu hosp,quantile,31
2026-02-07,0.15,54.6557439172985,2026-02-07,0,wk inc flu hosp,quantile,31
2026-02-07,0.2,59.942852229675005,2026-02-07,0,wk inc flu hosp,quantile,31
2026-02-07,0.25,64.84882416566013,2026-02-07,0,wk inc flu hosp,quantile,31
2026-02-07,0.3,69.60631823132512,2026-02-07,0,wk inc flu hosp,quantile,31
2026-02-07,0.35,74.3428452209601,2026-02-07,0,wk inc flu hosp,quantile,31
2026-02-07,0.4,79.11668142875601,2026-02-07,0,wk inc flu hosp,quantile,31
2026-02-07,0.45,84.04698569018787,2026-02-07,0,wk inc flu hosp,quantile,31
2026-02-07,0.5,89.19133901449631,2026-02-07,0,wk inc flu hosp,quantile,31
2026-02-07,0.55,94.63503715118495,2026-02-07,0,wk inc flu hosp,quantile,31
2026-02-07,0.6,100.49849000574261,2026-02-07,0,wk inc flu hosp,quantile,31
2026-02-07,0.65,106.92637254601726,2026-02-07,0,wk inc flu hosp,quantile,31
2026-02-07,0.7,114.18942986431779,2026-02-07,0,wk inc flu hosp,quantile,31
2026-02-07,0.75,122.50807074090747,2026-02-07,0,wk inc flu hosp,quantile,31
2026-02-07,0.8,132.51882535224897,2026-02-07,0,wk inc flu hosp,quantile,31
2026-02-07,0.85,145.41391620500437,2026-02-07,0,wk inc flu hosp,quantile,31
2026-02-07,0.9,163.28997592422402,2026-02-07,0,wk inc flu hosp,quantile,31
2026-02-07,0.95,193.75884843740053,2026-02-07,0,wk inc flu hosp,quantile,31
2026-02-07,0.975,224.8668080276797,2026-02-07,0,wk inc flu hosp,quantile,31
2026-02-07,0.99,267.2539159262869,2026-02-07,0,wk inc flu hosp,quantile,31
2026-02-07,0.01,33.237942919066136,2026-02-07,0,wk inc flu hosp,quantile,32
2026-02-07,0.025,38.7987339598002,2026-02-07,0,wk inc flu hosp,quantile,32
2026-02-07,0.05,44.33642085720148,2026-02-07,0,wk inc flu hosp,quantile,32
2026-02-07,0.1,51.67843546770875,2026-02-07,0,wk inc flu hosp,quantile,32
2026-02-07,0.15,57.25782365036027,2026-02-07,0,wk inc flu hosp,quantile,32
2026-02-07,0.2,62.184517051116096,2026-02-07,0,wk inc flu hosp,quantile,32
2026-02-07,0.25,66.71486571010018,2026-02-07,0,wk inc flu hosp,quantile,32
2026-02-07,0.3,71.073456066462,2026-02-07,0,wk inc flu hosp,quantile,32
2026-02-07,0.35,75.38152757235738,2026-02-07,0,wk inc flu hosp,quantile,32
2026-02-07,0.4,79.69415451508071,2026-02-07,0,wk inc flu hosp,quantile,32
2026-02-07,0.45,84.11924995243682,2026-02-07,0,wk inc flu hosp,quantile,32
2026-02-07,0.5,88.70720406268964,2026-02-07,0,wk inc flu hosp,quantile,32
2026-02-07,0.55,93.53166861413943,2026-02-07,0,wk inc flu hosp,quantile,32
2026-02-07,0.6,98.69534000398893,2026-02-07,0,wk inc flu hosp,quantile,32
2026-02-07,0.65,104.31952072339745,2026-02-07,0,wk inc flu hosp,quantile,32
2026-02-07,0.7,110.63152105896023,2026-02-07,0,wk inc flu hosp,quantile,32
2026-02-07,0.75,117.80886747993485,2026-02-07,0,wk inc flu hosp,quantile,32
2026-02-07,0.8,126.3781531096593,2026-02-07,0,wk inc flu hosp,quantile,32
2026-02-07,0.85,137.31632523393446,2026-02-07,0,wk inc flu hosp,quantile,32
2026-02-07,0.9,152.31195270185304,2026-02-07,0,wk inc flu hosp,quantile,32
2026-02-07,0.95,177.48174883813272,2026-02-07,0,wk inc flu hosp,quantile,32
2026-02-07,0.975,202.74850943895612,2026-02-07,0,wk inc flu hosp,quantile,32
2026-02-07,0.99,236.5920659667533,2026-02-07,0,wk inc flu hosp,quantile,32
2026-02-07,0.01,17.531706294434457,2026-02-07,0,wk inc flu hosp,quantile,33
2026-02-07,0.025,20.633212148423663,2026-02-07,0,wk inc flu hosp,quantile,33
2026-02-07,0.05,23.745407456712446,2026-02-07,0,wk inc flu hosp,quantile,33
2026-02-07,0.1,27.903197195863317,2026-02-07,0,wk inc flu hosp,quantile,33
2026-02-07,0.15,31.08410139139028,2026-02-07,0,wk inc flu hosp,quantile,33
2026-02-07,0.2,33.906648943237194,2026-02-07,0,wk inc flu hosp,quantile,33
2026-02-07,0.25,36.512635836705726,2026-02-07,0,wk inc flu hosp,quantile,33
2026-02-07,0.3,39.02870069277753,2026-02-07,0,wk inc flu hosp,quantile,33
2026-02-07,0.35,41.52365531698955,2026-02-07,0,wk inc flu hosp,quantile,33
2026-02-07,0.4,44.02882947144216,2026-02-07,0,wk inc flu hosp,quantile,33
2026-02-07,0.45,46.606812241863366,2026-02-07,0,wk inc flu hosp,quantile,33
2026-02-07,0.5,49.28726917469179,2026-02-07,0,wk inc flu hosp,quantile,33
2026-02-07,0.55,52.11383450095364,2026-02-07,0,wk inc flu hosp,quantile,33
2026-02-07,0.6,55.1476984919014,2026-02-07,0,wk inc flu hosp,quantile,33
2026-02-07,0.65,58.46170151414673,2026-02-07,0,wk inc flu hosp,quantile,33
2026-02-07,0.7,62.19226793074317,2026-02-07,0,wk inc flu hosp,quantile,33
2026-02-07,0.75,66.44797377688081,2026-02-07,0,wk inc flu hosp,quantile,33
2026-02-07,0.8,71.54697504272063,2026-02-07,0,wk inc flu hosp,quantile,33
2026-02-07,0.85,78.08206844605658,2026-02-07,0,wk inc flu hosp,quantile,33
2026-02-07,0.9,87.0858824719261,2026-02-07,0,wk inc flu hosp,quantile,33
2026-02-07,0.95,102.30250110422446,2026-02-07,0,wk inc flu hosp,quantile,33
2026-02-07,0.975,117.69352180914852,2026-02-07,0,wk inc flu hosp,quantile,33
2026-02-07,0.99,138.46717778454055,2026-02-07,0,wk inc flu hosp,quantile,33
2026-02-07,0.01,91.6486832402224,2026-02-07,0,wk inc flu hosp,quantile,34
2026-02-07,0.025,108.34549949404655,2026-02-07,0,wk inc flu hosp,quantile,34
2026-02-07,0.05,125.16950903655058,2026-02-07,0,wk inc flu hosp,quantile,34
2026-02-07,0.1,147.73946906171523,2026-02-07,0,wk inc flu hosp,quantile,34
2026-02-07,0.15,165.0699145118556,2026-02-07,0,wk inc flu hosp,quantile,34
2026-02-07,0.2,180.48897445704233,2026-02-07,0,wk inc flu hosp,quantile,34
2026-02-07,0.25,194.75642141465778,2026-02-07,0,wk inc flu hosp,quantile,34
2026-02-07,0.3,208.55814906094508,2026-02-07,0,wk inc flu hosp,quantile,34
2026-02-07,0.35,222.26823833310377,2026-02-07,0,wk inc flu hosp,quantile,34
2026-02-07,0.4,236.05726865452303,2026-02-07,0,wk inc flu hosp,quantile,34
2026-02-07,0.45,250.26955723104356,2026-02-07,0,wk inc flu hosp,quantile,34
2026-02-07,0.5,265.0696779168926,2026-02-07,0,wk inc flu hosp,quantile,34
2026-02-07,0.55,280.70047699318786,2026-02-07,0,wk inc flu hosp,quantile,34
2026-02-07,0.6,297.5035249967634,2026-02-07,0,wk inc flu hosp,quantile,34
2026-02-07,0.65,315.88711107081383,2026-02-07,0,wk inc flu hosp,quantile,34
2026-02-07,0.7,336.61567138841764,2026-02-07,0,wk inc flu hosp,quantile,34
2026-02-07,0.75,360.30374889864436,2026-02-07,0,wk inc flu hosp,quantile,34
2026-02-07,0.8,388.74048214131903,2026-02-07,0,wk inc flu hosp,quantile,34
2026-02-07,0.85,425.2671729026367,2026-02-07,0,wk inc flu hosp,quantile,34
2026-02-07,0.9,475.72876216790627,2026-02-07,0,wk inc flu hosp,quantile,34
2026-02-07,0.95,561.3294366294652,2026-02-07,0,wk inc flu hosp,quantile,34
2026-02-07,0.975,648.2686112061239,2026-02-07,0,wk inc flu hosp,quantile,34
2026-02-07,0.99,766.1030509462701,2026-02-07,0,wk inc flu hosp,quantile,34
2026-02-07,0.01,33.12546472392256,2026-02-07,0,wk inc flu hosp,quantile,35
2026-02-07,0.025,39.39243456325456,2026-02-07,0,wk inc flu hosp,quantile,35
2026-02-07,0.05,45.74185142003301,2026-02-07,0,wk inc flu hosp,quantile,35
2026-02-07,0.1,54.30673296128347,2026-02-07,0,wk inc flu hosp,quantile,35
2026-02-07,0.15,60.91521804123677,2026-02-07,0,wk inc flu hosp,quantile,35
2026-02-07,0.2,66.81559088268222,2026-02-07,0,wk inc flu hosp,quantile,35
2026-02-07,0.25,72.2912056402936,2026-02-07,0,wk inc flu hosp,quantile,35
2026-02-07,0.3,77.6016007011668,2026-02-07,0,wk inc flu hosp,quantile,35
2026-02-07,0.35,82.88904567921257,2026-02-07,0,wk inc flu hosp,quantile,35
2026-02-07,0.4,88.21856818651023,2026-02-07,0,wk inc flu hosp,quantile,35
2026-02-07,0.45,93.72319640478551,2026-02-07,0,wk inc flu hosp,quantile,35
2026-02-07,0.5,99.46724064250444,2026-02-07,0,wk inc flu hosp,quantile,35
2026-02-07,0.55,105.54597846701066,2026-02-07,0,wk inc flu hosp,quantile,35
2026-02-07,0.6,112.09392923205027,2026-02-07,0,wk inc flu hosp,quantile,35
2026-02-07,0.65,119.27275225760017,2026-02-07,0,wk inc flu hosp,quantile,35
2026-02-07,0.7,127.38497141128138,2026-02-07,0,wk inc flu hosp,quantile,35
2026-02-07,0.75,136.67698305899395,2026-02-07,0,wk inc flu hosp,quantile,35
2026-02-07,0.8,147.86015190052325,2026-02-07,0,wk inc flu hosp,quantile,35
2026-02-07,0.85,162.26701330680686,2026-02-07,0,wk inc flu hosp,quantile,35
2026-02-07,0.9,182.24142475272433,2026-02-07,0,wk inc flu hosp,quantile,35
2026-02-07,0.95,216.29303531079262,2026-02-07,0,wk inc flu hosp,quantile,35
2026-02-07,0.975,251.0658488829211,2026-02-07,0,wk inc flu hosp,quantile,35
2026-02-07,0.99,298.4562333888209,2026-02-07,0,wk inc flu hosp,quantile,35
2026-02-07,0.01,134.6118561752142,2026-02-07,0,wk inc flu hosp,quantile,36
2026-02-07,0.025,159.5022082791949,2026-02-07,0,wk inc flu hosp,quantile,36
2026-02-07,0.05,184.6357300168464,2026-02-07,0,wk inc flu hosp,quantile,36
2026-02-07,0.1,218.42534919271793,2026-02-07,0,wk inc flu hosp,quantile,36
2026-02-07,0.15,244.4197759792558,2026-02-07,0,wk inc flu hosp,quantile,36
2026-02-07,0.2,267.57898150645275,2026-02-07,0,wk inc flu hosp,quantile,36
2026-02-07,0.25,289.03278946080957,2026-02-07,0,wk inc flu hosp,quantile,36
2026-02-07,0.3,309.80689444388645,2026-02-07,0,wk inc flu hosp,quantile,36
2026-02-07,0.35,330.46179433781015,2026-02-07,0,wk inc flu hosp,quantile,36
2026-02-07,0.4,351.2532971554886,2026-02-07,0,wk inc flu hosp,quantile,36
2026-02-07,0.45,372.70047257260865,2026-02-07,0,wk inc flu hosp,quantile,36
2026-02-07,0.5,395.0525121513493,2026-02-07,0,wk inc flu hosp,quantile,36
2026-02-07,0.55,418.6777102161718,2026-02-07,0,wk inc flu hosp,quantile,36
2026-02-07,0.6,444.09485836159354,2026-02-07,0,wk inc flu hosp,quantile,36
2026-02-07,0.65,471.92538761571,2026-02-07,0,wk inc flu hosp,quantile,36
2026-02-07,0.7,503.3325815740675,2026-02-07,0,wk inc flu hosp,quantile,36
2026-02-07,0.75,539.2564135871592,2026-02-07,0,wk inc flu hosp,quantile,36
2026-02-07,0.8,582.4244895267406,2026-02-07,0,wk inc flu hosp,quantile,36
2026-02-07,0.85,637.9367718904697,2026-02-07,0,wk inc flu hosp,quantile,36
2026-02-07,0.9,714.7338090952802,2026-02-07,0,wk inc flu hosp,quantile,36
2026-02-07,0.95,845.2596197747678,2026-02-07,0,wk inc flu hosp,quantile,36
2026-02-07,0.975,978.1075369213116,2026-02-07,0,wk inc flu hosp,quantile,36
2026-02-07,0.99,1158.5517821494948,2026-02-07,0,wk inc flu hosp,quantile,36
2026-02-07,0.01,90.81541466998813,2026-02-07,0,wk inc flu hosp,quantile,37
2026-02-07,0.025,113.09358109211344,2026-02-07,0,wk inc flu hosp,quantile,37
2026-02-07,0.05,136.65069593534008,2026-02-07,0,wk inc flu hosp,quantile,37
2026-02-07,0.1,169.82050435977555,2026-02-07,0,wk inc flu hosp,quantile,37
2026-02-07,0.15,196.3972528054405,2026-02-07,0,wk inc flu hosp,quantile,37
2026-02-07,0.2,220.7870651792217,2026-02-07,0,wk inc flu hosp,quantile,37
2026-02-07,0.25,243.94135694267194,2026-02-07,0,wk inc flu hosp,quantile,37
2026-02-07,0.3,266.84799232146565,2026-02-07,0,wk inc flu hosp,quantile,37
2026-02-07,0.35,290.0742337652597,2026-02-07,0,wk inc flu hosp,quantile,37
2026-02-07,0.4,313.88794164745923,2026-02-07,0,wk inc flu hosp,quantile,37
2026-02-07,0.45,338.88930534088854,2026-02-07,0,wk inc flu hosp,quantile,37
2026-02-07,0.5,365.3979685722557,2026-02-07,0,wk inc flu hosp,quantile,37
2026-02-07,0.55,393.89824302791607,2026-02-07,0,wk inc flu hosp,quantile,37
2026-02-07,0.6,425.0906488373144,2026-02-07,0,wk inc flu hosp,quantile,37
2026-02-07,0.65,459.84948983724655,2026-02-07,0,wk inc flu hosp,quantile,37
2026-02-07,0.7,499.8022884628285,2026-02-07,0,wk inc flu hosp,quantile,37
2026-02-07,0.75,546.4033570947828,2026-02-07,0,wk inc flu hosp,quantile,37
2026-02-07,0.8,603.6142267700138,2026-02-07,0,wk inc flu hosp,quantile,37
2026-02-07,0.85,679.024128061821,2026-02-07,0,wk inc flu hosp,quantile,37
2026-02-07,0.9,786.5388870816249,2026-02-07,0,wk inc flu hosp,quantile,37
2026-02-07,0.95,977.0471317087814,2026-02-07,0,wk inc flu hosp,quantile,37
2026-02-07,0.975,1180.0274989889524,2026-02-07,0,wk inc flu hosp,quantile,37
2026-02-07,0.99,1468.8271028146028,2026-02-07,0,wk inc flu hosp,quantile,37
2026-02-07,0.01,14.38716488906062,2026-02-07,0,wk inc flu hosp,quantile,38
2026-02-07,0.025,17.06559042272865,2026-02-07,0,wk inc flu hosp,quantile,38
2026-02-07,0.05,19.772857443598006,2026-02-07,0,wk inc flu hosp,quantile,38
2026-02-07,0.1,23.41612698984422,2026-02-07,0,wk inc flu hosp,quantile,38
2026-02-07,0.15,26.221348730083196,2026-02-07,0,wk inc flu hosp,quantile,38
2026-02-07,0.2,28.722191388609925,2026-02-07,0,wk inc flu hosp,quantile,38
2026-02-07,0.25,31.040094099936194,2026-02-07,0,wk inc flu hosp,quantile,38
2026-02-07,0.3,33.285592223173374,2026-02-07,0,wk inc flu hosp,quantile,38
2026-02-07,0.35,35.51914376340569,2026-02-07,0,wk inc flu hosp,quantile,38
2026-02-07,0.4,37.76835310501102,2026-02-07,0,wk inc flu hosp,quantile,38
2026-02-07,0.45,40.08936878744478,2026-02-07,0,wk inc flu hosp,quantile,38
2026-02-07,0.5,42.5092014910824,2026-02-07,0,wk inc flu hosp,quantile,38
2026-02-07,0.55,45.0678007100805,2026-02-07,0,wk inc flu hosp,quantile,38
2026-02-07,0.6,47.82147911052011,2026-02-07,0,wk inc flu hosp,quantile,38
2026-02-07,0.65,50.837755714588155,2026-02-07,0,wk inc flu hosp,quantile,38
2026-02-07,0.7,54.243011063005596,2026-02-07,0,wk inc flu hosp,quantile,38
2026-02-07,0.75,58.139605512862595,2026-02-07,0,wk inc flu hosp,quantile,38
2026-02-07,0.8,62.8241193851123,2026-02-07,0,wk inc flu hosp,quantile,38
2026-02-07,0.85,68.85138890378828,2026-02-07,0,wk inc flu hosp,quantile,38
2026-02-07,0.9,77.19504119919283,2026-02-07,0,wk inc flu hosp,quantile,38
2026-02-07,0.95,91.38873154994077,2026-02-07,0,wk inc flu hosp,quantile,38
2026-02-07,0.975,105.84911810646638,2026-02-07,0,wk inc flu hosp,quantile,38
2026-02-07,0.99,125.5098549331899,2026-02-07,0,wk inc flu hosp,quantile,38
2026-02-07,0.01,171.35791780728022,2026-02-07,0,wk inc flu hosp,quantile,39
2026-02-07,0.025,204.77871787581873,2026-02-07,0,wk inc flu hosp,quantile,39
2026-02-07,0.05,238.7935578254133,2026-02-07,0,wk inc flu hosp,quantile,39
2026-02-07,0.1,284.88673269845134,2026-02-07,0,wk inc flu hosp,quantile,39
2026-02-07,0.15,320.5943509741296,2026-02-07,0,wk inc flu hosp,quantile,39
2026-02-07,0.2,352.56913130942166,2026-02-07,0,wk inc flu hosp,quantile,39
2026-02-07,0.25,382.313917717513,2026-02-07,0,wk inc flu hosp,quantile,39
2026-02-07,0.3,411.2222682309019,2026-02-07,0,wk inc flu hosp,quantile,39
2026-02-07,0.35,440.06141388127253,2026-02-07,0,wk inc flu hosp,quantile,39
2026-02-07,0.4,469.18282591330205,2026-02-07,0,wk inc flu hosp,quantile,39
2026-02-07,0.45,499.3133625064846,2026-02-07,0,wk inc flu hosp,quantile,39
2026-02-07,0.5,530.807816851889,2026-02-07,0,wk inc flu hosp,quantile,39
2026-02-07,0.55,564.1934669701627,2026-02-07,0,wk inc flu hosp,quantile,39
2026-02-07,0.6,600.217009740624,2026-02-07,0,wk inc flu hosp,quantile,39
2026-02-07,0.65,639.7797106532084,2026-02-07,0,wk inc flu hosp,quantile,39
2026-02-07,0.7,684.5674111739271,2026-02-07,0,wk inc flu hosp,quantile,39
2026-02-07,0.75,735.9678229755584,2026-02-07,0,wk inc flu hosp,quantile,39
2026-02-07,0.8,797.960311240762,2026-02-07,0,wk inc flu hosp,quantile,39
2026-02-07,0.85,878.0176016892876,2026-02-07,0,wk inc flu hosp,quantile,39
2026-02-07,0.9,989.3432935166235,2026-02-07,0,wk inc flu hosp,quantile,39
2026-02-07,0.95,1179.9077065994243,2026-02-07,0,wk inc flu hosp,quantile,39
2026-02-07,0.975,1375.3891838979243,2026-02-07,0,wk inc flu hosp,quantile,39
2026-02-07,0.99,1643.0241620193353,2026-02-07,0,wk inc flu hosp,quantile,39
2026-02-07,0.01,38.97050847462655,2026-02-07,0,wk inc flu hosp,quantile,40
2026-02-07,0.025,46.66164043371089,2026-02-07,0,wk inc flu hosp,quantile,40
2026-02-07,0.05,54.503587835955614,2026-02-07,0,wk inc flu hosp,quantile,40
2026-02-07,0.1,65.14934151353037,2026-02-07,0,wk inc flu hosp,quantile,40
2026-02-07,0.15,73.40954903409629,2026-02-07,0,wk inc flu hosp,quantile,40
2026-02-07,0.2,80.81480578416519,2026-02-07,0,wk inc flu hosp,quantile,40
2026-02-07,0.25,87.71019957587764,2026-02-07,0,wk inc flu hosp,quantile,40
2026-02-07,0.3,94.41730607979966,2026-02-07,0,wk inc flu hosp,quantile,40
2026-02-07,0.35,101.11348254366216,2026-02-07,0,wk inc flu hosp,quantile,40
2026-02-07,0.4,107.88005555499493,2026-02-07,0,wk inc flu hosp,quantile,40
2026-02-07,0.45,114.8859251019,2026-02-07,0,wk inc flu hosp,quantile,40
2026-02-07,0.5,122.21385411866352,2026-02-07,0,wk inc flu hosp,quantile,40
2026-02-07,0.55,129.9869869355405,2026-02-07,0,wk inc flu hosp,quantile,40
2026-02-07,0.6,138.3799156074627,2026-02-07,0,wk inc flu hosp,quantile,40
2026-02-07,0.65,147.60373235450896,2026-02-07,0,wk inc flu hosp,quantile,40
2026-02-07,0.7,158.05321711612712,2026-02-07,0,wk inc flu hosp,quantile,40
2026-02-07,0.75,170.05468656233222,2026-02-07,0,wk inc flu hosp,quantile,40
2026-02-07,0.8,184.54140832013107,2026-02-07,0,wk inc flu hosp,quantile,40
2026-02-07,0.85,203.2676489790693,2026-02-07,0,wk inc flu hosp,quantile,40
2026-02-07,0.9,229.33854075542595,2026-02-07,0,wk inc flu hosp,quantile,40
2026-02-07,0.95,274.0386185924075,2026-02-07,0,wk inc flu hosp,quantile,40
2026-02-07,0.975,319.97414910411015,2026-02-07,0,wk inc flu hosp,quantile,40
2026-02-07,0.99,382.9788200408024,2026-02-07,0,wk inc flu hosp,quantile,40
2026-02-07,0.01,72.82538644052381,2026-02-07,0,wk inc flu hosp,quantile,41
2026-02-07,0.025,86.3588608226485,2026-02-07,0,wk inc flu hosp,quantile,41
2026-02-07,0.05,100.03450096430066,2026-02-07,0,wk inc flu hosp,quantile,41
2026-02-07,0.1,118.43351026559168,2026-02-07,0,wk inc flu hosp,quantile,41
2026-02-07,0.15,132.59700506535486,2026-02-07,0,wk inc flu hosp,quantile,41
2026-02-07,0.2,145.22158389220252,2026-02-07,0,wk inc flu hosp,quantile,41
2026-02-07,0.25,156.92103793077806,2026-02-07,0,wk inc flu hosp,quantile,41
2026-02-07,0.3,168.2536618384645,2026-02-07,0,wk inc flu hosp,quantile,41
2026-02-07,0.35,179.5247446573699,2026-02-07,0,wk inc flu hosp,quantile,41
2026-02-07,0.4,190.87366187976457,2026-02-07,0,wk inc flu hosp,quantile,41
2026-02-07,0.45,202.58372926139455,2026-02-07,0,wk inc flu hosp,quantile,41
2026-02-07,0.5,214.79116430326707,2026-02-07,0,wk inc flu hosp,quantile,41
2026-02-07,0.55,227.69739797436637,2026-02-07,0,wk inc flu hosp,quantile,41
2026-02-07,0.6,241.58631563768785,2026-02-07,0,wk inc flu hosp,quantile,41
2026-02-07,0.65,256.798209873664,2026-02-07,0,wk inc flu hosp,quantile,41
2026-02-07,0.7,273.9700474812469,2026-02-07,0,wk inc flu hosp,quantile,41
2026-02-07,0.75,293.61741244525257,2026-02-07,0,wk inc flu hosp,quantile,41
2026-02-07,0.8,317.2347585238377,2026-02-07,0,wk inc flu hosp,quantile,41
2026-02-07,0.85,347.6174762985724,2026-02-07,0,wk inc flu hosp,quantile,41
2026-02-07,0.9,389.6696384675155,2026-02-07,0,wk inc flu hosp,quantile,41
2026-02-07,0.95,461.18928774580496,2026-02-07,0,wk inc flu hosp,quantile,41
2026-02-07,0.975,534.0339244693548,2026-02-07,0,wk inc flu hosp,quantile,41
2026-02-07,0.99,633.049537209837,2026-02-07,0,wk inc flu hosp,quantile,41
2026-02-07,0.01,470.47679032436554,2026-02-07,0,wk inc flu hosp,quantile,42
2026-02-07,0.025,526.1421381682555,2026-02-07,0,wk inc flu hosp,quantile,42
2026-02-07,0.05,579.4132224421218,2026-02-07,0,wk inc flu hosp,quantile,42
2026-02-07,0.1,647.2834229784203,2026-02-07,0,wk inc flu hosp,quantile,42
2026-02-07,0.15,697.0767884875753,2026-02-07,0,wk inc flu hosp,quantile,42
2026-02-07,0.2,739.9351449823554,2026-02-07,0,wk inc flu hosp,quantile,42
2026-02-07,0.25,778.5210526508836,2026-02-07,0,wk inc flu hosp,quantile,42
2026-02-07,0.3,814.9637918472624,2026-02-07,0,wk inc flu hosp,quantile,42
2026-02-07,0.35,850.3800552006326,2026-02-07,0,wk inc flu hosp,quantile,42
2026-02-07,0.4,885.2760505392421,2026-02-07,0,wk inc flu hosp,quantile,42
2026-02-07,0.45,920.542191470981,2026-02-07,0,wk inc flu hosp,quantile,42
2026-02-07,0.5,956.567479608752,2026-02-07,0,wk inc flu hosp,quantile,42
2026-02-07,0.55,993.8972134832154,2026-02-07,0,wk inc flu hosp,quantile,42
2026-02-07,0.6,1033.2651691953135,2026-02-07,0,wk inc flu hosp,quantile,42
2026-02-07,0.65,1075.500219096087,2026-02-07,0,wk inc flu hosp,quantile,42
2026-02-07,0.7,1122.156177691505,2026-02-07,0,wk inc flu hosp,quantile,42
2026-02-07,0.75,1174.3214818909826,2026-02-07,0,wk inc flu hosp,quantile,42
2026-02-07,0.8,1235.464362563012,2026-02-07,0,wk inc flu hosp,quantile,42
2026-02-07,0.85,1311.8670092229306,2026-02-07,0,wk inc flu hosp,quantile,42
2026-02-07,0.9,1413.9286798499181,2026-02-07,0,wk inc flu hosp,quantile,42
2026-02-07,0.95,1579.2116067366537,2026-02-07,0,wk inc flu hosp,quantile,42
2026-02-07,0.975,1738.7017375534372,2026-02-07,0,wk inc flu hosp,quantile,42
2026-02-07,0.99,1943.9635173552329,2026-02-07,0,wk inc flu hosp,quantile,42
2026-02-07,0.01,68.61841930663262,2026-02-07,0,wk inc flu hosp,quantile,72
2026-02-07,0.025,80.23320515105114,2026-02-07,0,wk inc flu hosp,quantile,72
2026-02-07,0.05,91.81778849665083,2026-02-07,0,wk inc flu hosp,quantile,72
2026-02-07,0.1,107.20095974389089,2026-02-07,0,wk inc flu hosp,quantile,72
2026-02-07,0.15,118.90714923932163,2026-02-07,0,wk inc flu hosp,quantile,72
2026-02-07,0.2,129.25427463799969,2026-02-07,0,wk inc flu hosp,quantile,72
2026-02-07,0.25,138.7768791978852,2026-02-07,0,wk inc flu hosp,quantile,72
2026-02-07,0.3,147.94509983119195,2026-02-07,0,wk inc flu hosp,quantile,72
2026-02-07,0.35,157.01306556728312,2026-02-07,0,wk inc flu hosp,quantile,72
2026-02-07,0.4,166.09626473957456,2026-02-07,0,wk inc flu hosp,quantile,72
2026-02-07,0.45,175.42189718706257,2026-02-07,0,wk inc flu hosp,quantile,72
2026-02-07,0.5,185.0963740318522,2026-02-07,0,wk inc flu hosp,quantile,72
2026-02-07,0.55,195.27543697231596,2026-02-07,0,wk inc flu hosp,quantile,72
2026-02-07,0.6,206.17650532000565,2026-02-07,0,wk inc flu hosp,quantile,72
2026-02-07,0.65,218.05680423546846,2026-02-07,0,wk inc flu hosp,quantile,72
2026-02-07,0.7,231.3983037441303,2026-02-07,0,wk inc flu hosp,quantile,72
2026-02-07,0.75,246.5788943155655,2026-02-07,0,wk inc flu hosp,quantile,72
2026-02-07,0.8,264.71665866372666,2026-02-07,0,wk inc flu hosp,quantile,72
2026-02-07,0.85,287.8877345312493,2026-02-07,0,wk inc flu hosp,quantile,72
2026-02-07,0.9,319.6863361165396,2026-02-07,0,wk inc flu hosp,quantile,72
2026-02-07,0.95,373.13458516059995,2026-02-07,0,wk inc flu hosp,quantile,72
2026-02-07,0.975,426.8719066666653,2026-02-07,0,wk inc flu hosp,quantile,72
2026-02-07,0.99,498.9632558389452,2026-02-07,0,wk inc flu hosp,quantile,72
2026-02-07,0.01,10.91955439073053,2026-02-07,0,wk inc flu hosp,quantile,44
2026-02-07,0.025,12.831998748507312,2026-02-07,0,wk inc flu hosp,quantile,44
2026-02-07,0.05,14.748358170251153,2026-02-07,0,wk inc flu hosp,quantile,44
2026-02-07,0.1,17.304972967227464,2026-02-07,0,wk inc flu hosp,quantile,44
2026-02-07,0.15,19.25849414778026,2026-02-07,0,wk inc flu hosp,quantile,44
2026-02-07,0.2,20.990380577431445,2026-02-07,0,wk inc flu hosp,quantile,44
2026-02-07,0.25,22.58820220004753,2026-02-07,0,wk inc flu hosp,quantile,44
2026-02-07,0.3,24.129888944942103,2026-02-07,0,wk inc flu hosp,quantile,44
2026-02-07,0.35,25.657733874161192,2026-02-07,0,wk inc flu hosp,quantile,44
2026-02-07,0.4,27.190983826698304,2026-02-07,0,wk inc flu hosp,quantile,44
2026-02-07,0.45,28.76795423066695,2026-02-07,0,wk inc flu hosp,quantile,44
2026-02-07,0.5,30.406755047009266,2026-02-07,0,wk inc flu hosp,quantile,44
2026-02-07,0.55,32.13399398629779,2026-02-07,0,wk inc flu hosp,quantile,44
2026-02-07,0.6,33.9869460535798,2026-02-07,0,wk inc flu hosp,quantile,44
2026-02-07,0.65,36.0099206412368,2026-02-07,0,wk inc flu hosp,quantile,44
2026-02-07,0.7,38.28591459772208,2026-02-07,0,wk inc flu hosp,quantile,44
2026-02-07,0.75,40.88075697858287,2026-02-07,0,wk inc flu hosp,quantile,44
2026-02-07,0.8,43.987770625673214,2026-02-07,0,wk inc flu hosp,quantile,44
2026-02-07,0.85,47.96687739838602,2026-02-07,0,wk inc flu hosp,quantile,44
2026-02-07,0.9,53.44415537858108,2026-02-07,0,wk inc flu hosp,quantile,44
2026-02-07,0.95,62.68922110412365,2026-02-07,0,wk inc flu hosp,quantile,44
2026-02-07,0.975,72.02729723100748,2026-02-07,0,wk inc flu hosp,quantile,44
2026-02-07,0.99,84.61347004749793,2026-02-07,0,wk inc flu hosp,quantile,44
2026-02-07,0.01,66.77368323297469,2026-02-07,0,wk inc flu hosp,quantile,45
2026-02-07,0.025,79.27313171795349,2026-02-07,0,wk inc flu hosp,quantile,45
2026-02-07,0.05,91.91728713885962,2026-02-07,0,wk inc flu hosp,quantile,45
2026-02-07,0.1,108.94664843387166,2026-02-07,0,wk inc flu hosp,quantile,45
2026-02-07,0.15,122.06807364058564,2026-02-07,0,wk inc flu hosp,quantile,45
2026-02-07,0.2,133.7717800548827,2026-02-07,0,wk inc flu hosp,quantile,45
2026-02-07,0.25,144.62395813065564,2026-02-07,0,wk inc flu hosp,quantile,45
2026-02-07,0.3,155.14105699153578,2026-02-07,0,wk inc flu hosp,quantile,45
2026-02-07,0.35,165.60576193862343,2026-02-07,0,wk inc flu hosp,quantile,45
2026-02-07,0.4,176.14718908907875,2026-02-07,0,wk inc flu hosp,quantile,45
2026-02-07,0.45,187.02847827481483,2026-02-07,0,wk inc flu hosp,quantile,45
2026-02-07,0.5,198.3764258147336,2026-02-07,0,wk inc flu hosp,quantile,45
2026-02-07,0.55,210.3786753442389,2026-02-07,0,wk inc flu hosp,quantile,45
2026-02-07,0.6,223.29987403862393,2026-02-07,0,wk inc flu hosp,quantile,45
2026-02-07,0.65,237.45758212569763,2026-02-07,0,wk inc flu hosp,quantile,45
2026-02-07,0.7,253.44615795759327,2026-02-07,0,wk inc flu hosp,quantile,45
2026-02-07,0.75,271.7479091161304,2026-02-07,0,wk inc flu hosp,quantile,45
2026-02-07,0.8,293.7585810708591,2026-02-07,0,wk inc flu hosp,quantile,45
2026-02-07,0.85,322.09045706170275,2026-02-07,0,wk inc flu hosp,quantile,45
2026-02-07,0.9,361.331248728977,2026-02-07,0,wk inc flu hosp,quantile,45
2026-02-07,0.95,428.13338611735827,2026-02-07,0,wk inc flu hosp,quantile,45
2026-02-07,0.975,496.2448128457577,2026-02-07,0,wk inc flu hosp,quantile,45
2026-02-07,0.99,588.9255061366233,2026-02-07,0,wk inc flu hosp,quantile,45
2026-02-07,0.01,14.39046885616969,2026-02-07,0,wk inc flu hosp,quantile,46
2026-02-07,0.025,17.297447359350272,2026-02-07,0,wk inc flu hosp,quantile,46
2026-02-07,0.05,20.272100567831565,2026-02-07,0,wk inc flu hosp,quantile,46
2026-02-07,0.1,24.324892699737678,2026-02-07,0,wk inc flu hosp,quantile,46
2026-02-07,0.15,27.479508066876406,2026-02-07,0,wk inc flu hosp,quantile,46
2026-02-07,0.2,30.314151402219068,2026-02-07,0,wk inc flu hosp,quantile,46
2026-02-07,0.25,32.95867220359128,2026-02-07,0,wk inc flu hosp,quantile,46
2026-02-07,0.3,35.53528384601595,2026-02-07,0,wk inc flu hosp,quantile,46
2026-02-07,0.35,38.111631742127976,2026-02-07,0,wk inc flu hosp,quantile,46
2026-02-07,0.4,40.718798447666074,2026-02-07,0,wk inc flu hosp,quantile,46
2026-02-07,0.45,43.42187615430961,2026-02-07,0,wk inc flu hosp,quantile,46
2026-02-07,0.5,46.253010764609506,2026-02-07,0,wk inc flu hosp,quantile,46
2026-02-07,0.55,49.26014176529433,2026-02-07,0,wk inc flu hosp,quantile,46
2026-02-07,0.6,52.51139149593881,2026-02-07,0,wk inc flu hosp,quantile,46
2026-02-07,0.65,56.08940108901682,2026-02-07,0,wk inc flu hosp,quantile,46
2026-02-07,0.7,60.14866425018544,2026-02-07,0,wk inc flu hosp,quantile,46
2026-02-07,0.75,64.81793267467495,2026-02-07,0,wk inc flu hosp,quantile,46
2026-02-07,0.8,70.46352514057715,2026-02-07,0,wk inc flu hosp,quantile,46
2026-02-07,0.85,77.77534800980278,2026-02-07,0,wk inc flu hosp,quantile,46
2026-02-07,0.9,87.97887876226451,2026-02-07,0,wk inc flu hosp,quantile,46
2026-02-07,0.95,105.53029639034226,2026-02-07,0,wk inc flu hosp,quantile,46
2026-02-07,0.975,123.63130159713509,2026-02-07,0,wk inc flu hosp,quantile,46
2026-02-07,0.99,148.54837951567922,2026-02-07,0,wk inc flu hosp,quantile,46
2026-02-07,0.01,134.0641706977698,2026-02-07,0,wk inc flu hosp,quantile,47
2026-02-07,0.025,152.01909817215406,2026-02-07,0,wk inc flu hosp,quantile,47
2026-02-07,0.05,169.42439854039196,2026-02-07,0,wk inc flu hosp,quantile,47
2026-02-07,0.1,191.88706613252438,2026-02-07,0,wk inc flu hosp,quantile,47
2026-02-07,0.15,208.55563352791705,2026-02-07,0,wk inc flu hosp,quantile,47
2026-02-07,0.2,223.02182977525277,2026-02-07,0,wk inc flu hosp,quantile,47
2026-02-07,0.25,236.13529690407103,2026-02-07,0,wk inc flu hosp,quantile,47
2026-02-07,0.3,248.59470481377983,2026-02-07,0,wk inc flu hosp,quantile,47
2026-02-07,0.35,260.76957769665194,2026-02-07,0,wk inc flu hosp,quantile,47
2026-02-07,0.4,272.82726787609244,2026-02-07,0,wk inc flu hosp,quantile,47
2026-02-07,0.45,285.0728715818702,2026-02-07,0,wk inc flu hosp,quantile,47
2026-02-07,0.5,297.642268585578,2026-02-07,0,wk inc flu hosp,quantile,47
2026-02-07,0.55,310.72883709133345,2026-02-07,0,wk inc flu hosp,quantile,47
2026-02-07,0.6,324.59608260709206,2026-02-07,0,wk inc flu hosp,quantile,47
2026-02-07,0.65,339.5462123082555,2026-02-07,0,wk inc flu hosp,quantile,47
2026-02-07,0.7,356.14596549853655,2026-02-07,0,wk inc flu hosp,quantile,47
2026-02-07,0.75,374.80734978341536,2026-02-07,0,wk inc flu hosp,quantile,47
2026-02-07,0.8,396.8112652751778,2026-02-07,0,wk inc flu hosp,quantile,47
2026-02-07,0.85,424.4965494568824,2026-02-07,0,wk inc flu hosp,quantile,47
2026-02-07,0.9,461.79106490478864,2026-02-07,0,wk inc flu hosp,quantile,47
2026-02-07,0.95,522.8901429386184,2026-02-07,0,wk inc flu hosp,quantile,47
2026-02-07,0.975,582.6063776211627,2026-02-07,0,wk inc flu hosp,quantile,47
2026-02-07,0.99,660.4594719842852,2026-02-07,0,wk inc flu hosp,quantile,47
2026-02-07,0.01,242.34547138706537,2026-02-07,0,wk inc flu hosp,quantile,48
2026-02-07,0.025,304.3015782829129,2026-02-07,0,wk inc flu hosp,quantile,48
2026-02-07,0.05,370.3182510214204,2026-02-07,0,wk inc flu hosp,quantile,48
2026-02-07,0.1,463.9918815488623,2026-02-07,0,wk inc flu hosp,quantile,48
2026-02-07,0.15,539.5547524648858,2026-02-07,0,wk inc flu hosp,quantile,48
2026-02-07,0.2,609.2418977447901,2026-02-07,0,wk inc flu hosp,quantile,48
2026-02-07,0.25,675.6689054144011,2026-02-07,0,wk inc flu hosp,quantile,48
2026-02-07,0.3,741.62008507251,2026-02-07,0,wk inc flu hosp,quantile,48
2026-02-07,0.35,808.7098431567088,2026-02-07,0,wk inc flu hosp,quantile,48
2026-02-07,0.4,877.7071291831095,2026-02-07,0,wk inc flu hosp,quantile,48
2026-02-07,0.45,950.358046810292,2026-02-07,0,wk inc flu hosp,quantile,48
2026-02-07,0.5,1027.6098310134814,2026-02-07,0,wk inc flu hosp,quantile,48
2026-02-07,0.55,1110.9013373056787,2026-02-07,0,wk inc flu hosp,quantile,48
2026-02-07,0.6,1202.3209001166356,2026-02-07,0,wk inc flu hosp,quantile,48
2026-02-07,0.65,1304.4908080874413,2026-02-07,0,wk inc flu hosp,quantile,48
2026-02-07,0.7,1422.28694602656,2026-02-07,0,wk inc flu hosp,quantile,48
2026-02-07,0.75,1560.1324206315971,2026-02-07,0,wk inc flu hosp,quantile,48
2026-02-07,0.8,1729.9655549687277,2026-02-07,0,wk inc flu hosp,quantile,48
2026-02-07,0.85,1954.7447420678716,2026-02-07,0,wk inc flu hosp,quantile,48
2026-02-07,0.9,2276.8315399591065,2026-02-07,0,wk inc flu hosp,quantile,48
2026-02-07,0.95,2851.5192290785817,2026-02-07,0,wk inc flu hosp,quantile,48
2026-02-07,0.975,3468.5064268125334,2026-02-07,0,wk inc flu hosp,quantile,48
2026-02-07,0.99,4353.158014288964,2026-02-07,0,wk inc flu hosp,quantile,48
2026-02-07,0.01,20.870556334095955,2026-02-07,0,wk inc flu hosp,quantile,49
2026-02-07,0.025,24.629959369503922,2026-02-07,0,wk inc flu hosp,quantile,49
2026-02-07,0.05,28.411896886366524,2026-02-07,0,wk inc flu hosp,quantile,49
2026-02-07,0.1,33.47729585403174,2026-02-07,0,wk inc flu hosp,quantile,49
2026-02-07,0.15,37.36125064077306,2026-02-07,0,wk inc flu hosp,quantile,49
2026-02-07,0.2,40.81326312478826,2026-02-07,0,wk inc flu hosp,quantile,49
2026-02-07,0.25,44.00471666756183,2026-02-07,0,wk inc flu hosp,quantile,49
2026-02-07,0.3,47.08968062468214,2026-02-07,0,wk inc flu hosp,quantile,49
2026-02-07,0.35,50.15206096681128,2026-02-07,0,wk inc flu hosp,quantile,49
2026-02-07,0.4,53.230094686635944,2026-02-07,0,wk inc flu hosp,quantile,49
2026-02-07,0.45,56.40065570318237,2026-02-07,0,wk inc flu hosp,quantile,49
2026-02-07,0.5,59.700367000771436,2026-02-07,0,wk inc flu hosp,quantile,49
2026-02-07,0.55,63.18320324244443,2026-02-07,0,wk inc flu hosp,quantile,49
2026-02-07,0.6,66.92499440342992,2026-02-07,0,wk inc flu hosp,quantile,49
2026-02-07,0.65,71.01623726329794,2026-02-07,0,wk inc flu hosp,quantile,49
2026-02-07,0.7,75.62639101397819,2026-02-07,0,wk inc flu hosp,quantile,49
2026-02-07,0.75,80.8911576494175,2026-02-07,0,wk inc flu hosp,quantile,49
2026-02-07,0.8,87.20660122148362,2026-02-07,0,wk inc flu hosp,quantile,49
2026-02-07,0.85,95.31172643043755,2026-02-07,0,wk inc flu hosp,quantile,49
2026-02-07,0.9,106.49716894958556,2026-02-07,0,wk inc flu hosp,quantile,49
2026-02-07,0.95,125.44405274111395,2026-02-07,0,wk inc flu hosp,quantile,49
2026-02-07,0.975,144.6564082523679,2026-02-07,0,wk inc flu hosp,quantile,49
2026-02-07,0.99,170.65400386887362,2026-02-07,0,wk inc flu hosp,quantile,49
2026-02-07,0.01,6.433473136757855,2026-02-07,0,wk inc flu hosp,quantile,50
2026-02-07,0.025,7.695218914978924,2026-02-07,0,wk inc flu hosp,quantile,50
2026-02-07,0.05,8.98047490446374,2026-02-07,0,wk inc flu hosp,quantile,50
2026-02-07,0.1,10.723585919903577,2026-02-07,0,wk inc flu hosp,quantile,50
2026-02-07,0.15,12.074950470328478,2026-02-07,0,wk inc flu hosp,quantile,50
2026-02-07,0.2,13.285700478166884,2026-02-07,0,wk inc flu hosp,quantile,50
2026-02-07,0.25,14.41251488501503,2026-02-07,0,wk inc flu hosp,quantile,50
2026-02-07,0.3,15.5080722617932,2026-02-07,0,wk inc flu hosp,quantile,50
2026-02-07,0.35,16.601398927793213,2026-02-07,0,wk inc flu hosp,quantile,50
2026-02-07,0.4,17.7057978928013,2026-02-07,0,wk inc flu hosp,quantile,50
2026-02-07,0.45,18.84883505316378,2026-02-07,0,wk inc flu hosp,quantile,50
2026-02-07,0.5,20.043990198240927,2026-02-07,0,wk inc flu hosp,quantile,50
2026-02-07,0.55,21.311307576726183,2026-02-07,0,wk inc flu hosp,quantile,50
2026-02-07,0.6,22.679188083909697,2026-02-07,0,wk inc flu hosp,quantile,50
2026-02-07,0.65,24.181939080784375,2026-02-07,0,wk inc flu hosp,quantile,50
2026-02-07,0.7,25.883727840246603,2026-02-07,0,wk inc flu hosp,quantile,50
2026-02-07,0.75,27.83747697396461,2026-02-07,0,wk inc flu hosp,quantile,50
2026-02-07,0.8,30.19475787285839,2026-02-07,0,wk inc flu hosp,quantile,50
2026-02-07,0.85,33.24033204559915,2026-02-07,0,wk inc flu hosp,quantile,50
2026-02-07,0.9,37.47776507003226,2026-02-07,0,wk inc flu hosp,quantile,50
2026-02-07,0.95,44.73681523070471,2026-02-07,0,wk inc flu hosp,quantile,50
2026-02-07,0.975,52.18940564829537,2026-02-07,0,wk inc flu hosp,quantile,50
2026-02-07,0.99,62.40145446472471,2026-02-07,0,wk inc flu hosp,quantile,50
2026-02-07,0.01,147.79180047637644,2026-02-07,0,wk inc flu hosp,quantile,51
2026-02-07,0.025,168.14735844401156,2026-02-07,0,wk inc flu hosp,quantile,51
2026-02-07,0.05,187.9412505903537,2026-02-07,0,wk inc flu hosp,quantile,51
2026-02-07,0.1,213.56614431585746,2026-02-07,0,wk inc flu hosp,quantile,51
2026-02-07,0.15,232.63360403881197,2026-02-07,0,wk inc flu hosp,quantile,51
2026-02-07,0.2,249.21482186461185,2026-02-07,0,wk inc flu hosp,quantile,51
2026-02-07,0.25,264.2703824122927,2026-02-07,0,wk inc flu hosp,quantile,51
2026-02-07,0.3,278.5956985798762,2026-02-07,0,wk inc flu hosp,quantile,51
2026-02-07,0.35,292.612373029533,2026-02-07,0,wk inc flu hosp,quantile,51
2026-02-07,0.4,306.5113410250754,2026-02-07,0,wk inc flu hosp,quantile,51
2026-02-07,0.45,320.64367973472196,2026-02-07,0,wk inc flu hosp,quantile,51
2026-02-07,0.5,335.1665295853259,2026-02-07,0,wk inc flu hosp,quantile,51
2026-02-07,0.55,350.3042935851199,2026-02-07,0,wk inc flu hosp,quantile,51
2026-02-07,0.6,366.36363495066604,2026-02-07,0,wk inc flu hosp,quantile,51
2026-02-07,0.65,383.69751152599486,2026-02-07,0,wk inc flu hosp,quantile,51
2026-02-07,0.7,402.9678461087703,2026-02-07,0,wk inc flu hosp,quantile,51
2026-02-07,0.75,424.660036311052,2026-02-07,0,wk inc flu hosp,quantile,51
2026-02-07,0.8,450.27452291102236,2026-02-07,0,wk inc flu hosp,quantile,51
2026-02-07,0.85,482.55620530689015,2026-02-07,0,wk inc flu hosp,quantile,51
2026-02-07,0.9,526.13066189604,2026-02-07,0,wk inc flu hosp,quantile,51
2026-02-07,0.95,597.7179435459957,2026-02-07,0,wk inc flu hosp,quantile,51
2026-02-07,0.975,667.901354931954,2026-02-07,0,wk inc flu hosp,quantile,51
2026-02-07,0.99,759.6866527342856,2026-02-07,0,wk inc flu hosp,quantile,51
2026-02-07,0.01,93.36212713897413,2026-02-07,0,wk inc flu hosp,quantile,53
2026-02-07,0.025,108.58000136625192,2026-02-07,0,wk inc flu hosp,quantile,53
2026-02-07,0.05,123.68278700930709,2026-02-07,0,wk inc flu hosp,quantile,53
2026-02-07,0.1,143.63782930730187,2026-02-07,0,wk inc flu hosp,quantile,53
2026-02-07,0.15,158.75633446610985,2026-02-07,0,wk inc flu hosp,quantile,53
2026-02-07,0.2,172.07685913909154,2026-02-07,0,wk inc flu hosp,quantile,53
2026-02-07,0.25,184.30347762268718,2026-02-07,0,wk inc flu hosp,quantile,53
2026-02-07,0.3,196.04782211277453,2026-02-07,0,wk inc flu hosp,quantile,53
2026-02-07,0.35,207.63913902415769,2026-02-07,0,wk inc flu hosp,quantile,53
2026-02-07,0.4,219.22687116816365,2026-02-07,0,wk inc flu hosp,quantile,53
2026-02-07,0.45,231.10124313763947,2026-02-07,0,wk inc flu hosp,quantile,53
2026-02-07,0.5,243.39689536170633,2026-02-07,0,wk inc flu hosp,quantile,53
2026-02-07,0.55,256.3100292045032,2026-02-07,0,wk inc flu hosp,quantile,53
2026-02-07,0.6,270.1134839304461,2026-02-07,0,wk inc flu hosp,quantile,53
2026-02-07,0.65,285.1283782749596,2026-02-07,0,wk inc flu hosp,quantile,53
2026-02-07,0.7,301.95657966885005,2026-02-07,0,wk inc flu hosp,quantile,53
2026-02-07,0.75,321.0640678652986,2026-02-07,0,wk inc flu hosp,quantile,53
2026-02-07,0.8,343.84090607496347,2026-02-07,0,wk inc flu hosp,quantile,53
2026-02-07,0.85,372.86090378760133,2026-02-07,0,wk inc flu hosp,quantile,53
2026-02-07,0.9,412.55684579115865,2026-02-07,0,wk inc flu hosp,quantile,53
2026-02-07,0.95,478.9800626165722,2026-02-07,0,wk inc flu hosp,quantile,53
2026-02-07,0.975,545.4325756470106,2026-02-07,0,wk inc flu hosp,quantile,53
2026-02-07,0.99,634.1363256334806,2026-02-07,0,wk inc flu hosp,quantile,53
2026-02-07,0.01,33.621550646446245,2026-02-07,0,wk inc flu hosp,quantile,54
2026-02-07,0.025,40.90019841053487,2026-02-07,0,wk inc flu hosp,quantile,54
2026-02-07,0.05,48.43144929058264,2026-02-07,0,wk inc flu hosp,quantile,54
2026-02-07,0.1,58.80728336352427,2026-02-07,0,wk inc flu hosp,quantile,54
2026-02-07,0.15,66.96314015194535,2026-02-07,0,wk inc flu hosp,quantile,54
2026-02-07,0.2,74.34421611665827,2026-02-07,0,wk inc flu hosp,quantile,54
2026-02-07,0.25,81.2709949529667,2026-02-07,0,wk inc flu hosp,quantile,54
2026-02-07,0.3,88.05483970676416,2026-02-07,0,wk inc flu hosp,quantile,54
2026-02-07,0.35,94.87010169570537,2026-02-07,0,wk inc flu hosp,quantile,54
2026-02-07,0.4,101.7974964125829,2026-02-07,0,wk inc flu hosp,quantile,54
2026-02-07,0.45,109.01027457202636,2026-02-07,0,wk inc flu hosp,quantile,54
2026-02-07,0.5,116.5961417362258,2026-02-07,0,wk inc flu hosp,quantile,54
2026-02-07,0.55,124.68672563120829,2026-02-07,0,wk inc flu hosp,quantile,54
2026-02-07,0.6,133.4703066739475,2026-02-07,0,wk inc flu hosp,quantile,54
2026-02-07,0.65,143.17760276710516,2026-02-07,0,wk inc flu hosp,quantile,54
2026-02-07,0.7,154.2393656685523,2026-02-07,0,wk inc flu hosp,quantile,54
2026-02-07,0.75,167.023513291899,2026-02-07,0,wk inc flu hosp,quantile,54
2026-02-07,0.8,182.56071064461506,2026-02-07,0,wk inc flu hosp,quantile,54
2026-02-07,0.85,202.80353568682014,2026-02-07,0,wk inc flu hosp,quantile,54
2026-02-07,0.9,231.25775317108298,2026-02-07,0,wk inc flu hosp,quantile,54
2026-02-07,0.95,280.6961920666196,2026-02-07,0,wk inc flu hosp,quantile,54
2026-02-07,0.975,332.24798267458186,2026-02-07,0,wk inc flu hosp,quantile,54
2026-02-07,0.99,404.00944999952856,2026-02-07,0,wk inc flu hosp,quantile,54
2026-02-07,0.01,72.61797481047977,2026-02-07,0,wk inc flu hosp,quantile,55
2026-02-07,0.025,86.57421779464305,2026-02-07,0,wk inc flu hosp,quantile,55
2026-02-07,0.05,100.74712950893189,2026-02-07,0,wk inc flu hosp,quantile,55
2026-02-07,0.1,119.9101340568291,2026-02-07,0,wk inc flu hosp,quantile,55
2026-02-07,0.15,134.72642732809965,2026-02-07,0,wk inc flu hosp,quantile,55
2026-02-07,0.2,147.97499105227314,2026-02-07,0,wk inc flu hosp,quantile,55
2026-02-07,0.25,160.28508344468207,2026-02-07,0,wk inc flu hosp,quantile,55
2026-02-07,0.3,172.2367067329363,2026-02-07,0,wk inc flu hosp,quantile,55
2026-02-07,0.35,184.1485034358823,2026-02-07,0,wk inc flu hosp,quantile,55
2026-02-07,0.4,196.16628004684725,2026-02-07,0,wk inc flu hosp,quantile,55
2026-02-07,0.45,208.5899916880699,2026-02-07,0,wk inc flu hosp,quantile,55
2026-02-07,0.5,221.5653632682309,2026-02-07,0,wk inc flu hosp,quantile,55
2026-02-07,0.55,235.30864139586365,2026-02-07,0,wk inc flu hosp,quantile,55
2026-02-07,0.6,250.12561552455736,2026-02-07,0,wk inc flu hosp,quantile,55
2026-02-07,0.65,266.3845966729529,2026-02-07,0,wk inc flu hosp,quantile,55
2026-02-07,0.7,284.7746739118275,2026-02-07,0,wk inc flu hosp,quantile,55
2026-02-07,0.75,305.8601684917127,2026-02-07,0,wk inc flu hosp,quantile,55
2026-02-07,0.8,331.2646276001872,2026-02-07,0,wk inc flu hosp,quantile,55
2026-02-07,0.85,364.0331870421034,2026-02-07,0,wk inc flu hosp,quantile,55
2026-02-07,0.9,409.53453668184335,2026-02-07,0,wk inc flu hosp,quantile,55
2026-02-07,0.95,487.26715158247595,2026-02-07,0,wk inc flu hosp,quantile,55
2026-02-07,0.975,566.8304410199705,2026-02-07,0,wk inc flu hosp,quantile,55
2026-02-07,0.99,675.5188688390085,2026-02-07,0,wk inc flu hosp,quantile,55
2026-02-07,0.01,3.9588362445984364,2026-02-07,0,wk inc flu hosp,quantile,56
2026-02-07,0.025,4.909981075600642,2026-02-07,0,wk inc flu hosp,quantile,56
2026-02-07,0.05,5.911946740072022,2026-02-07,0,wk inc flu hosp,quantile,56
2026-02-07,0.1,7.317443380991589,2026-02-07,0,wk inc flu hosp,quantile,56
2026-02-07,0.15,8.439839258501312,2026-02-07,0,wk inc flu hosp,quantile,56
2026-02-07,0.2,9.467385092394883,2026-02-07,0,wk inc flu hosp,quantile,56
2026-02-07,0.25,10.440925867691949,2026-02-07,0,wk inc flu hosp,quantile,56
2026-02-07,0.3,11.402366619202878,2026-02-07,0,wk inc flu hosp,quantile,56
2026-02-07,0.35,12.375659844768343,2026-02-07,0,wk inc flu hosp,quantile,56
2026-02-07,0.4,13.372071446260303,2026-02-07,0,wk inc flu hosp,quantile,56
2026-02-07,0.45,14.416670516063585,2026-02-07,0,wk inc flu hosp,quantile,56
2026-02-07,0.5,15.522688734017176,2026-02-07,0,wk inc flu hosp,quantile,56
2026-02-07,0.55,16.71014620463514,2026-02-07,0,wk inc flu hosp,quantile,56
2026-02-07,0.6,18.007949055752775,2026-02-07,0,wk inc flu hosp,quantile,56
2026-02-07,0.65,19.45206406219721,2026-02-07,0,wk inc flu hosp,quantile,56
2026-02-07,0.7,21.109479915420764,2026-02-07,0,wk inc flu hosp,quantile,56
2026-02-07,0.75,23.03960443780434,2026-02-07,0,wk inc flu hosp,quantile,56
2026-02-07,0.8,25.405017913153277,2026-02-07,0,wk inc flu hosp,quantile,56
2026-02-07,0.85,28.516588225227302,2026-02-07,0,wk inc flu hosp,quantile,56
2026-02-07,0.9,32.941949344773555,2026-02-07,0,wk inc flu hosp,quantile,56
2026-02-07,0.95,40.756659447203305,2026-02-07,0,wk inc flu hosp,quantile,56
2026-02-07,0.975,49.05187968218178,2026-02-07,0,wk inc flu hosp,quantile,56
2026-02-07,0.99,60.80955182920246,2026-02-07,0,wk inc flu hosp,quantile,56
2026-02-14,0.01,62.86309928257165,2026-02-07,1,wk inc flu hosp,quantile,01
2026-02-14,0.025,76.24960617903302,2026-02-07,1,wk inc flu hosp,quantile,01
2026-02-14,0.05,90.0633094117481,2026-02-07,1,wk inc flu hosp,quantile,01
2026-02-14,0.1,109.04296522129034,2026-02-07,1,wk inc flu hosp,quantile,01
2026-02-14,0.15,123.92627751964702,2026-02-07,1,wk inc flu hosp,quantile,01
2026-02-14,0.2,137.37235659510876,2026-02-07,1,wk inc flu hosp,quantile,01
2026-02-14,0.25,149.9727317148597,2026-02-07,1,wk inc flu hosp,quantile,01
2026-02-14,0.3,162.29759779767093,2026-02-07,1,wk inc flu hosp,quantile,01
2026-02-14,0.35,174.6653171315992,2026-02-07,1,wk inc flu hosp,quantile,01
2026-02-14,0.4,187.22298279285275,2026-02-07,1,wk inc flu hosp,quantile,01
2026-02-14,0.45,200.28448067120448,2026-02-07,1,wk inc flu hosp,quantile,01
2026-02-14,0.5,214.00774252687822,2026-02-07,1,wk inc flu hosp,quantile,01
2026-02-14,0.55,228.62944818609623,2026-02-07,1,wk inc flu hosp,quantile,01
2026-02-14,0.6,244.48762181894796,2026-02-07,1,wk inc flu hosp,quantile,01
2026-02-14,0.65,261.99548155262283,2026-02-07,1,wk inc flu hosp,quantile,01
2026-02-14,0.7,281.9247653460751,2026-02-07,1,wk inc flu hosp,quantile,01
2026-02-14,0.75,304.93076733234824,2026-02-07,1,wk inc flu hosp,quantile,01
2026-02-14,0.8,332.8559970630271,2026-02-07,1,wk inc flu hosp,quantile,01
2026-02-14,0.85,369.1860981444541,2026-02-07,1,wk inc flu hosp,quantile,01
2026-02-14,0.9,420.163201245492,2026-02-07,1,wk inc flu hosp,quantile,01
2026-02-14,0.95,508.5185065497993,2026-02-07,1,wk inc flu hosp,quantile,01
2026-02-14,0.975,600.4038401986968,2026-02-07,1,wk inc flu hosp,quantile,01
2026-02-14,0.99,727.9632044104637,2026-02-07,1,wk inc flu hosp,quantile,01
2026-02-14,0.01,6.093939962218323,2026-02-07,1,wk inc flu hosp,quantile,02
2026-02-14,0.025,7.487614620235057,2026-02-07,1,wk inc flu hosp,quantile,02
2026-02-14,0.05,8.943068904663054,2026-02-07,1,wk inc flu hosp,quantile,02
2026-02-14,0.1,10.96697586806391,2026-02-07,1,wk inc flu hosp,quantile,02
2026-02-14,0.15,12.570898773844917,2026-02-07,1,wk inc flu hosp,quantile,02
2026-02-14,0.2,14.031114280641779,2026-02-07,1,wk inc flu hosp,quantile,02
2026-02-14,0.25,15.408216149897234,2026-02-07,1,wk inc flu hosp,quantile,02
2026-02-14,0.3,16.762722252058673,2026-02-07,1,wk inc flu hosp,quantile,02
2026-02-14,0.35,18.12887195050218,2026-02-07,1,wk inc flu hosp,quantile,02
2026-02-14,0.4,19.522637048194397,2026-02-07,1,wk inc flu hosp,quantile,02
2026-02-14,0.45,20.97896539787238,2026-02-07,1,wk inc flu hosp,quantile,02
2026-02-14,0.5,22.515929842613023,2026-02-07,1,wk inc flu hosp,quantile,02
2026-02-14,0.55,24.160776525494505,2026-02-07,1,wk inc flu hosp,quantile,02
2026-02-14,0.6,25.952674590189744,2026-02-07,1,wk inc flu hosp,quantile,02
2026-02-14,0.65,27.940008825391825,2026-02-07,1,wk inc flu hosp,quantile,02
2026-02-14,0.7,30.213005244464966,2026-02-07,1,wk inc flu hosp,quantile,02
2026-02-14,0.75,32.85026309045066,2026-02-07,1,wk inc flu hosp,quantile,02
2026-02-14,0.8,36.06927178471921,2026-02-07,1,wk inc flu hosp,quantile,02
2026-02-14,0.85,40.28404994010645,2026-02-07,1,wk inc flu hosp,quantile,02
2026-02-14,0.9,46.244496221746715,2026-02-07,1,wk inc flu hosp,quantile,02
2026-02-14,0.95,56.68766925739396,2026-02-07,1,wk inc flu hosp,quantile,02
2026-02-14,0.975,67.67784077819475,2026-02-07,1,wk inc flu hosp,quantile,02
2026-02-14,0.99,83.11974545967085,2026-02-07,1,wk inc flu hosp,quantile,02
2026-02-14,0.01,54.00744793740847,2026-02-07,1,wk inc flu hosp,quantile,04
2026-02-14,0.025,66.42337700806893,2026-02-07,1,wk inc flu hosp,quantile,04
2026-02-14,0.05,79.40136880586401,2026-02-07,1,wk inc flu hosp,quantile,04
2026-02-14,0.1,97.46446367149576,2026-02-07,1,wk inc flu hosp,quantile,04
2026-02-14,0.15,111.79063067922353,2026-02-07,1,wk inc flu hosp,quantile,04
2026-02-14,0.2,124.84075859971452,2026-02-07,1,wk inc flu hosp,quantile,04
2026-02-14,0.25,137.15398336121748,2026-02-07,1,wk inc flu hosp,quantile,04
2026-02-14,0.3,149.27024519849687,2026-02-07,1,wk inc flu hosp,quantile,04
2026-02-14,0.35,161.49534438897192,2026-02-07,1,wk inc flu hosp,quantile,04
2026-02-14,0.4,173.9720439806374,2026-02-07,1,wk inc flu hosp,quantile,04
2026-02-14,0.45,187.0132864454051,2026-02-07,1,wk inc flu hosp,quantile,04
2026-02-14,0.5,200.78124635939986,2026-02-07,1,wk inc flu hosp,quantile,04
2026-02-14,0.55,215.5205122657485,2026-02-07,1,wk inc flu hosp,quantile,04
2026-02-14,0.6,231.58286953250234,2026-02-07,1,wk inc flu hosp,quantile,04
2026-02-14,0.65,249.40320329511087,2026-02-07,1,wk inc flu hosp,quantile,04
2026-02-14,0.7,269.7923711449404,2026-02-07,1,wk inc flu hosp,quantile,04
2026-02-14,0.75,293.4580710676098,2026-02-07,1,wk inc flu hosp,quantile,04
2026-02-14,0.8,322.3562654631757,2026-02-07,1,wk inc flu hosp,quantile,04
2026-02-14,0.85,360.21210288120176,2026-02-07,1,wk inc flu hosp,quantile,04
2026-02-14,0.9,413.77852769538663,2026-02-07,1,wk inc flu hosp,quantile,04
2026-02-14,0.95,507.70762407441134,2026-02-07,1,wk inc flu hosp,quantile,04
2026-02-14,0.975,606.6450370267619,2026-02-07,1,wk inc flu hosp,quantile,04
2026-02-14,0.99,745.7846799372603,2026-02-07,1,wk inc flu hosp,quantile,04
2026-02-14,0.01,32.876960226290784,2026-02-07,1,wk inc flu hosp,quantile,05
2026-02-14,0.025,40.545945710240616,2026-02-07,1,wk inc flu hosp,quantile,05
2026-02-14,0.05,48.5824588901993,2026-02-07,1,wk inc flu hosp,quantile,05
2026-02-14,0.1,59.796402201015574,2026-02-07,1,wk inc flu hosp,quantile,05
2026-02-14,0.15,68.71029674387297,2026-02-07,1,wk inc flu hosp,quantile,05
2026-02-14,0.2,76.84346894659264,2026-02-07,1,wk inc flu hosp,quantile,05
2026-02-14,0.25,84.52773865878413,2026-02-07,1,wk inc flu hosp,quantile,05
2026-02-14,0.3,92.09801736472967,2026-02-07,1,wk inc flu hosp,quantile,05
2026-02-14,0.35,99.74454575584676,2026-02-07,1,wk inc flu hosp,quantile,05
2026-02-14,0.4,107.55634516239587,2026-02-07,1,wk inc flu hosp,quantile,05
2026-02-14,0.45,115.72953294577188,2026-02-07,1,wk inc flu hosp,quantile,05
2026-02-14,0.5,124.36634753155398,2026-02-07,1,wk inc flu hosp,quantile,05
2026-02-14,0.55,133.62115261309395,2026-02-07,1,wk inc flu hosp,quantile,05
2026-02-14,0.6,143.7162528528638,2026-02-07,1,wk inc flu hosp,quantile,05
2026-02-14,0.65,154.92705435623438,2026-02-07,1,wk inc flu hosp,quantile,05
2026-02-14,0.7,167.7668826317418,2026-02-07,1,wk inc flu hosp,quantile,05
2026-02-14,0.75,182.68612012252925,2026-02-07,1,wk inc flu hosp,quantile,05
2026-02-14,0.8,200.92549750499754,2026-02-07,1,wk inc flu hosp,quantile,05
2026-02-14,0.85,224.85107532988138,2026-02-07,1,wk inc flu hosp,quantile,05
2026-02-14,0.9,258.76222822600874,2026-02-07,1,wk inc flu hosp,quantile,05
2026-02-14,0.95,318.3622678066296,2026-02-07,1,wk inc flu hosp,quantile,05
2026-02-14,0.975,381.29851367757425,2026-02-07,1,wk inc flu hosp,quantile,05
2026-02-14,0.99,470.03468929193696,2026-02-07,1,wk inc flu hosp,quantile,05
2026-02-14,0.01,603.1245855437209,2026-02-07,1,wk inc flu hosp,quantile,06
2026-02-14,0.025,688.2571727366333,2026-02-07,1,wk inc flu hosp,quantile,06
2026-02-14,0.05,771.2718181529328,2026-02-07,1,wk inc flu hosp,quantile,06
2026-02-14,0.1,879.0416301838997,2026-02-07,1,wk inc flu hosp,quantile,06
2026-02-14,0.15,959.4309140166035,2026-02-07,1,wk inc flu hosp,quantile,06
2026-02-14,0.2,1029.4634025750036,2026-02-07,1,wk inc flu hosp,quantile,06
2026-02-14,0.25,1093.1463620780025,2026-02-07,1,wk inc flu hosp,quantile,06
2026-02-14,0.3,1153.8190297029819,2026-02-07,1,wk inc flu hosp,quantile,06
2026-02-14,0.35,1213.2548560768387,2026-02-07,1,wk inc flu hosp,quantile,06
2026-02-14,0.4,1272.257051194068,2026-02-07,1,wk inc flu hosp,quantile,06
2026-02-14,0.45,1332.3137965840094,2026-02-07,1,wk inc flu hosp,quantile,06
2026-02-14,0.5,1394.094255770049,2026-02-07,1,wk inc flu hosp,quantile,06
2026-02-14,0.55,1458.5568888769265,2026-02-07,1,wk inc flu hosp,quantile,06
2026-02-14,0.6,1527.014823002674,2026-02-07,1,wk inc flu hosp,quantile,06
2026-02-14,0.65,1600.984196986293,2026-02-07,1,wk inc flu hosp,quantile,06
2026-02-14,0.7,1683.3082815003904,2026-02-07,1,wk inc flu hosp,quantile,06
2026-02-14,0.75,1776.0881791659754,2026-02-07,1,wk inc flu hosp,quantile,06
2026-02-14,0.8,1885.7858970014265,2026-02-07,1,wk inc flu hosp,quantile,06
2026-02-14,0.85,2024.2429418392078,2026-02-07,1,wk inc flu hosp,quantile,06
2026-02-14,0.9,2211.4748447537017,2026-02-07,1,wk inc flu hosp,quantile,06
2026-02-14,0.95,2519.845226862091,2026-02-07,1,wk inc flu hosp,quantile,06
2026-02-14,0.975,2823.006321803984,2026-02-07,1,wk inc flu hosp,quantile,06
2026-02-14,0.99,3220.588902956107,2026-02-07,1,wk inc flu hosp,quantile,06
2026-02-14,0.01,37.17668697871701,2026-02-07,1,wk inc flu hosp,quantile,08
2026-02-14,0.025,45.89474545865419,2026-02-07,1,wk inc flu hosp,quantile,08
2026-02-14,0.05,55.03912097285929,2026-02-07,1,wk inc flu hosp,quantile,08
2026-02-14,0.1,67.81088782455512,2026-02-07,1,wk inc flu hosp,quantile,08
2026-02-14,0.15,77.97142836035182,2026-02-07,1,wk inc flu hosp,quantile,08
2026-02-14,0.2,87.2476091954772,2026-02-07,1,wk inc flu hosp,quantile,08
2026-02-14,0.25,96.01614154702226,2026-02-07,1,wk inc flu hosp,quantile,08
2026-02-14,0.3,104.65834283009572,2026-02-07,1,wk inc flu hosp,quantile,08
2026-02-14,0.35,113.39105112468972,2026-02-07,1,wk inc flu hosp,quantile,08
2026-02-14,0.4,122.3158231213466,2026-02-07,1,wk inc flu hosp,quantile,08
2026-02-14,0.45,131.65679791422562,2026-02-07,1,wk inc flu hosp,quantile,08
2026-02-14,0.5,141.53107822877726,2026-02-07,1,wk inc flu hosp,quantile,08
2026-02-14,0.55,152.11553973247922,2026-02-07,1,wk inc flu hosp,quantile,08
2026-02-14,0.6,163.66502650474953,2026-02-07,1,wk inc flu hosp,quantile,08
2026-02-14,0.65,176.4955027636524,2026-02-07,1,wk inc flu hosp,quantile,08
2026-02-14,0.7,191.19581377756182,2026-02-07,1,wk inc flu hosp,quantile,08
2026-02-14,0.75,208.28359442969224,2026-02-07,1,wk inc flu hosp,quantile,08
2026-02-14,0.8,229.1831524173488,2026-02-07,1,wk inc flu hosp,quantile,08
2026-02-14,0.85,256.6119221011996,2026-02-07,1,wk inc flu hosp,quantile,08
2026-02-14,0.9,295.51204866103075,2026-02-07,1,wk inc flu hosp,quantile,08
2026-02-14,0.95,363.9380306533732,2026-02-07,1,wk inc flu hosp,quantile,08
2026-02-14,0.975,436.26113604414974,2026-02-07,1,wk inc flu hosp,quantile,08
2026-02-14,0.99,538.3279280324656,2026-02-07,1,wk inc flu hosp,quantile,08
2026-02-14,0.01,27.363860660742073,2026-02-07,1,wk inc flu hosp,quantile,09
2026-02-14,0.025,33.61015919956543,2026-02-07,1,wk inc flu hosp,quantile,09
2026-02-14,0.05,40.13123003938805,2026-02-07,1,wk inc flu hosp,quantile,09
2026-02-14,0.1,49.196262040677105,2026-02-07,1,wk inc flu hosp,quantile,09
2026-02-14,0.15,56.37813890493709,2026-02-07,1,wk inc flu hosp,quantile,09
2026-02-14,0.2,62.915174293861895,2026-02-07,1,wk inc flu hosp,quantile,09
2026-02-14,0.25,69.07906593581845,2026-02-07,1,wk inc flu hosp,quantile,09
2026-02-14,0.3,75.14090367598409,2026-02-07,1,wk inc flu hosp,quantile,09
2026-02-14,0.35,81.2540056891972,2026-02-07,1,wk inc flu hosp,quantile,09
2026-02-14,0.4,87.48987050752373,2026-02-07,1,wk inc flu hosp,quantile,09
2026-02-14,0.45,94.00484183640731,2026-02-07,1,wk inc flu hosp,quantile,09
2026-02-14,0.5,100.87970975266488,2026-02-07,1,wk inc flu hosp,quantile,09
2026-02-14,0.55,108.23625339564725,2026-02-07,1,wk inc flu hosp,quantile,09
2026-02-14,0.6,116.24951324599924,2026-02-07,1,wk inc flu hosp,quantile,09
2026-02-14,0.65,125.1356532540778,2026-02-07,1,wk inc flu hosp,quantile,09
2026-02-14,0.7,135.2977849060849,2026-02-07,1,wk inc flu hosp,quantile,09
2026-02-14,0.75,147.0868350918072,2026-02-07,1,wk inc flu hosp,quantile,09
2026-02-14,0.8,161.47425239479446,2026-02-07,1,wk inc flu hosp,quantile,09
2026-02-14,0.85,180.30900259632364,2026-02-07,1,wk inc flu hosp,quantile,09
2026-02-14,0.9,206.93903744292723,2026-02-07,1,wk inc flu hosp,quantile,09
2026-02-14,0.95,253.58326490805473,2026-02-07,1,wk inc flu hosp,quantile,09
2026-02-14,0.975,302.65482760427795,2026-02-07,1,wk inc flu hosp,quantile,09
2026-02-14,0.99,371.5810194090378,2026-02-07,1,wk inc flu hosp,quantile,09
2026-02-14,0.01,16.89566993153748,2026-02-07,1,wk inc flu hosp,quantile,10
2026-02-14,0.025,20.369983417550106,2026-02-07,1,wk inc flu hosp,quantile,10
2026-02-14,0.05,23.93512326885425,2026-02-07,1,wk inc flu hosp,quantile,10
2026-02-14,0.1,28.806047743510785,2026-02-07,1,wk inc flu hosp,quantile,10
2026-02-14,0.15,32.606838314902866,2026-02-07,1,wk inc flu hosp,quantile,10
2026-02-14,0.2,36.028249954518266,2026-02-07,1,wk inc flu hosp,quantile,10
2026-02-14,0.25,39.224926259900734,2026-02-07,1,wk inc flu hosp,quantile,10
2026-02-14,0.3,42.34356287616257,2026-02-07,1,wk inc flu hosp,quantile,10
2026-02-14,0.35,45.46558714182065,2026-02-07,1,wk inc flu hosp,quantile,10
2026-02-14,0.4,48.6284788155545,2026-02-07,1,wk inc flu hosp,quantile,10
2026-02-14,0.45,51.91122742455468,2026-02-07,1,wk inc flu hosp,quantile,10
2026-02-14,0.5,55.353082389454656,2026-02-07,1,wk inc flu hosp,quantile,10
2026-02-14,0.55,59.012675911030804,2026-02-07,1,wk inc flu hosp,quantile,10
2026-02-14,0.6,62.97346796910872,2026-02-07,1,wk inc flu hosp,quantile,10
2026-02-14,0.65,67.33696735375102,2026-02-07,1,wk inc flu hosp,quantile,10
2026-02-14,0.7,72.2928803727527,2026-02-07,1,wk inc flu hosp,quantile,10
2026-02-14,0.75,78.00030137549038,2026-02-07,1,wk inc flu hosp,quantile,10
2026-02-14,0.8,84.91007929263304,2026-02-07,1,wk inc flu hosp,quantile,10
2026-02-14,0.85,93.87259131883603,2026-02-07,1,wk inc flu hosp,quantile,10
2026-02-14,0.9,106.40247483785626,2026-02-07,1,wk inc flu hosp,quantile,10
2026-02-14,0.95,128.00996499803097,2026-02-07,1,wk inc flu hosp,quantile,10
2026-02-14,0.975,150.35594772588533,2026-02-07,1,wk inc flu hosp,quantile,10
2026-02-14,0.99,181.20306139226568,2026-02-07,1,wk inc flu hosp,quantile,10
2026-02-14,0.01,6.458815733178575,2026-02-07,1,wk inc flu hosp,quantile,11
2026-02-14,0.025,8.041573642279271,2026-02-07,1,wk inc flu hosp,quantile,11
2026-02-14,0.05,9.714872590591135,2026-02-07,1,wk inc flu hosp,quantile,11
2026-02-14,0.1,12.070520650163582,2026-02-07,1,wk inc flu hosp,quantile,11
2026-02-14,0.15,13.957623572000232,2026-02-07,1,wk inc flu hosp,quantile,11
2026-02-14,0.2,15.689227168691225,2026-02-07,1,wk inc flu hosp,quantile,11
2026-02-14,0.25,17.332944240548198,2026-02-07,1,wk inc flu hosp,quantile,11
2026-02-14,0.3,18.95893459117927,2026-02-07,1,wk inc flu hosp,quantile,11
2026-02-14,0.35,20.60747657929837,2026-02-07,1,wk inc flu hosp,quantile,11
2026-02-14,0.4,22.297585655796752,2026-02-07,1,wk inc flu hosp,quantile,11
2026-02-14,0.45,24.07185453375014,2026-02-07,1,wk inc flu hosp,quantile,11
2026-02-14,0.5,25.952956432691963,2026-02-07,1,wk inc flu hosp,quantile,11
2026-02-14,0.55,27.975242559408994,2026-02-07,1,wk inc flu hosp,quantile,11
2026-02-14,0.6,30.188394892308654,2026-02-07,1,wk inc flu hosp,quantile,11
2026-02-14,0.65,32.654410792820826,2026-02-07,1,wk inc flu hosp,quantile,11
2026-02-14,0.7,35.48870198896447,2026-02-07,1,wk inc flu hosp,quantile,11
2026-02-14,0.75,38.79435782468143,2026-02-07,1,wk inc flu hosp,quantile,11
2026-02-14,0.8,42.85225865927165,2026-02-07,1,wk inc flu hosp,quantile,11
2026-02-14,0.85,48.20044374047039,2026-02-07,1,wk inc flu hosp,quantile,11
2026-02-14,0.9,55.824593835430846,2026-02-07,1,wk inc flu hosp,quantile,11
2026-02-14,0.95,69.33167228851646,2026-02-07,1,wk inc flu hosp,quantile,11
2026-02-14,0.975,83.72027583074315,2026-02-07,1,wk inc flu hosp,quantile,11
2026-02-14,0.99,104.18834808467767,2026-02-07,1,wk inc flu hosp,quantile,11
2026-02-14,0.01,661.9133544843219,2026-02-07,1,wk inc flu hosp,quantile,12
2026-02-14,0.025,735.3847553928493,2026-02-07,1,wk inc flu hosp,quantile,12
2026-02-14,0.05,805.2685086316869,2026-02-07,1,wk inc flu hosp,quantile,12
2026-02-14,0.1,893.7629217972882,2026-02-07,1,wk inc flu hosp,quantile,12
2026-02-14,0.15,958.3380188314978,2026-02-07,1,wk inc flu hosp,quantile,12
2026-02-14,0.2,1013.7020224684414,2026-02-07,1,wk inc flu hosp,quantile,12
2026-02-14,0.25,1063.3857180713512,2026-02-07,1,wk inc flu hosp,quantile,12
2026-02-14,0.3,1110.1770969906254,2026-02-07,1,wk inc flu hosp,quantile,12
2026-02-14,0.35,1155.5328666179814,2026-02-07,1,wk inc flu hosp,quantile,12
2026-02-14,0.4,1200.113958406333,2026-02-07,1,wk inc flu hosp,quantile,12
2026-02-14,0.45,1245.0632104843216,2026-02-07,1,wk inc flu hosp,quantile,12
2026-02-14,0.5,1290.8757784231764,2026-02-07,1,wk inc flu hosp,quantile,12
2026-02-14,0.55,1338.2404546723462,2026-02-07,1,wk inc flu hosp,quantile,12
2026-02-14,0.6,1388.0782839827377,2026-02-07,1,wk inc flu hosp,quantile,12
2026-02-14,0.65,1441.4219728765006,2026-02-07,1,wk inc flu hosp,quantile,12
2026-02-14,0.7,1500.2067065959757,2026-02-07,1,wk inc flu hosp,quantile,12
2026-02-14,0.75,1565.763531355555,2026-02-07,1,wk inc flu hosp,quantile,12
2026-02-14,0.8,1642.385724349923,2026-02-07,1,wk inc flu hosp,quantile,12
2026-02-14,0.85,1737.8196603962715,2026-02-07,1,wk inc flu hosp,quantile,12
2026-02-14,0.9,1864.798904295406,2026-02-07,1,wk inc flu hosp,quantile,12
2026-02-14,0.95,2069.311348736134,2026-02-07,1,wk inc flu hosp,quantile,12
2026-02-14,0.975,2265.4646032959413,2026-02-07,1,wk inc flu hosp,quantile,12
2026-02-14,0.99,2516.3722142102133,2026-02-07,1,wk inc flu hosp,quantile,12
2026-02-14,0.01,83.55363177238958,2026-02-07,1,wk inc flu hosp,quantile,13
2026-02-14,0.025,100.30036849023097,2026-02-07,1,wk inc flu hosp,quantile,13
2026-02-14,0.05,117.41613115719012,2026-02-07,1,wk inc flu hosp,quantile,13
2026-02-14,0.1,140.7069192223731,2026-02-07,1,wk inc flu hosp,quantile,13
2026-02-14,0.15,158.8165624924125,2026-02-07,1,wk inc flu hosp,quantile,13
2026-02-14,0.2,175.07663097031565,2026-02-07,1,wk inc flu hosp,quantile,13
2026-02-14,0.25,190.23631155917386,2026-02-07,1,wk inc flu hosp,quantile,13
2026-02-14,0.3,204.99834802149238,2026-02-07,1,wk inc flu hosp,quantile,13
2026-02-14,0.35,219.75123618734006,2026-02-07,1,wk inc flu hosp,quantile,13
2026-02-14,0.4,234.67335898553696,2026-02-07,1,wk inc flu hosp,quantile,13
2026-02-14,0.45,250.13723618160105,2026-02-07,1,wk inc flu hosp,quantile,13
2026-02-14,0.5,266.32634951374666,2026-02-07,1,wk inc flu hosp,quantile,13
2026-02-14,0.55,283.5141195380467,2026-02-07,1,wk inc flu hosp,quantile,13
2026-02-14,0.6,302.08878315224825,2026-02-07,1,wk inc flu hosp,quantile,13
2026-02-14,0.65,322.52078879046417,2026-02-07,1,wk inc flu hosp,quantile,13
2026-02-14,0.7,345.68973494028705,2026-02-07,1,wk inc flu hosp,quantile,13
2026-02-14,0.75,372.3266388406721,2026-02-07,1,wk inc flu hosp,quantile,13
2026-02-14,0.8,404.5150069382394,2026-02-07,1,wk inc flu hosp,quantile,13
2026-02-14,0.85,446.17624346324425,2026-02-07,1,wk inc flu hosp,quantile,13
2026-02-14,0.9,504.2676337744692,2026-02-07,1,wk inc flu hosp,quantile,13
2026-02-14,0.95,604.0827441857853,2026-02-07,1,wk inc flu hosp,quantile,13
2026-02-14,0.975,706.8990485168548,2026-02-07,1,wk inc flu hosp,quantile,13
2026-02-14,0.99,848.2584456856262,2026-02-07,1,wk inc flu hosp,quantile,13
2026-02-14,0.01,9.959463965447377,2026-02-07,1,wk inc flu hosp,quantile,15
2026-02-14,0.025,11.943634968713587,2026-02-07,1,wk inc flu hosp,quantile,15
2026-02-14,0.05,13.969638723458408,2026-02-07,1,wk inc flu hosp,quantile,15
2026-02-14,0.1,16.724007281088493,2026-02-07,1,wk inc flu hosp,quantile,15
2026-02-14,0.15,18.863892141109016,2026-02-07,1,wk inc flu hosp,quantile,15
2026-02-14,0.2,20.784075599913617,2026-02-07,1,wk inc flu hosp,quantile,15
2026-02-14,0.25,22.57342514736772,2026-02-07,1,wk inc flu hosp,quantile,15
2026-02-14,0.3,24.315084081129747,2026-02-07,1,wk inc flu hosp,quantile,15
2026-02-14,0.35,26.05497359905124,2026-02-07,1,wk inc flu hosp,quantile,15
2026-02-14,0.4,27.81416772212994,2026-02-07,1,wk inc flu hosp,quantile,15
2026-02-14,0.45,29.636580769968276,2026-02-07,1,wk inc flu hosp,quantile,15
2026-02-14,0.5,31.543798620600622,2026-02-07,1,wk inc flu hosp,quantile,15
2026-02-14,0.55,33.56796911599953,2026-02-07,1,wk inc flu hosp,quantile,15
2026-02-14,0.6,35.75471295184709,2026-02-07,1,wk inc flu hosp,quantile,15
2026-02-14,0.65,38.15926315288721,2026-02-07,1,wk inc flu hosp,quantile,15
2026-02-14,0.7,40.88489942974131,2026-02-07,1,wk inc flu hosp,quantile,15
2026-02-14,0.75,44.017273400470266,2026-02-07,1,wk inc flu hosp,quantile,15
2026-02-14,0.8,47.800834446772214,2026-02-07,1,wk inc flu hosp,quantile,15
2026-02-14,0.85,52.695433893584536,2026-02-07,1,wk inc flu hosp,quantile,15
2026-02-14,0.9,59.51618630692653,2026-02-07,1,wk inc flu hosp,quantile,15
2026-02-14,0.95,71.22603265888905,2026-02-07,1,wk inc flu hosp,quantile,15
2026-02-14,0.975,83.27680234790168,2026-02-07,1,wk inc flu hosp,quantile,15
2026-02-14,0.99,99.82954972154666,2026-02-07,1,wk inc flu hosp,quantile,15
2026-02-14,0.01,19.029010580222234,2026-02-07,1,wk inc flu hosp,quantile,16
2026-02-14,0.025,23.258575625840134,2026-02-07,1,wk inc flu hosp,quantile,16
2026-02-14,0.05,27.654204636753338,2026-02-07,1,wk inc flu hosp,quantile,16
2026-02-14,0.1,33.73685559439464,2026-02-07,1,wk inc flu hosp,quantile,16
2026-02-14,0.15,38.53665737138363,2026-02-07,1,wk inc flu hosp,quantile,16
2026-02-14,0.2,42.89277782085945,2026-02-07,1,wk inc flu hosp,quantile,16
2026-02-14,0.25,46.99034698203263,2026-02-07,1,wk inc flu hosp,quantile,16
2026-02-14,0.3,51.0115758987392,2026-02-07,1,wk inc flu hosp,quantile,16
2026-02-14,0.35,55.05898941968205,2026-02-07,1,wk inc flu hosp,quantile,16
2026-02-14,0.4,59.18021512448087,2026-02-07,1,wk inc flu hosp,quantile,16
2026-02-14,0.45,63.478436208438424,2026-02-07,1,wk inc flu hosp,quantile,16
2026-02-14,0.5,68.00641513190891,2026-02-07,1,wk inc flu hosp,quantile,16
2026-02-14,0.55,72.8435138096013,2026-02-07,1,wk inc flu hosp,quantile,16
2026-02-14,0.6,78.1035285258275,2026-02-07,1,wk inc flu hosp,quantile,16
2026-02-14,0.65,83.92644306822935,2026-02-07,1,wk inc flu hosp,quantile,16
2026-02-14,0.7,90.5734616838096,2026-02-07,1,wk inc flu hosp,quantile,16
2026-02-14,0.75,98.26980462358988,2026-02-07,1,wk inc flu hosp,quantile,16
2026-02-14,0.8,107.64267074334792,2026-02-07,1,wk inc flu hosp,quantile,16
2026-02-14,0.85,119.88301012998973,2026-02-07,1,wk inc flu hosp,quantile,16
2026-02-14,0.9,137.1380819396909,2026-02-07,1,wk inc flu hosp,quantile,16
2026-02-14,0.95,167.23767211544958,2026-02-07,1,wk inc flu hosp,quantile,16
2026-02-14,0.975,198.76123599038178,2026-02-07,1,wk inc flu hosp,quantile,16
2026-02-14,0.99,242.83751072831856,2026-02-07,1,wk inc flu hosp,quantile,16
2026-02-14,0.01,199.59943914730033,2026-02-07,1,wk inc flu hosp,quantile,17
2026-02-14,0.025,229.3557677869814,2026-02-07,1,wk inc flu hosp,quantile,17
2026-02-14,0.05,258.5588983881175,2026-02-07,1,wk inc flu hosp,quantile,17
2026-02-14,0.1,296.7151357329384,2026-02-07,1,wk inc flu hosp,quantile,17
2026-02-14,0.15,325.3393527889712,2026-02-07,1,wk inc flu hosp,quantile,17
2026-02-14,0.2,350.3790008739379,2026-02-07,1,wk inc flu hosp,quantile,17
2026-02-14,0.25,373.226294571678,2026-02-07,1,wk inc flu hosp,quantile,17
2026-02-14,0.3,395.0587043059628,2026-02-07,1,wk inc flu hosp,quantile,17
2026-02-14,0.35,416.50454183776833,2026-02-07,1,wk inc flu hosp,quantile,17
2026-02-14,0.4,437.84849615763596,2026-02-07,1,wk inc flu hosp,quantile,17
2026-02-14,0.45,459.6273014796107,2026-02-07,1,wk inc flu hosp,quantile,17
2026-02-14,0.5,482.08496001805315,2026-02-07,1,wk inc flu hosp,quantile,17
2026-02-14,0.55,505.5732872380592,2026-02-07,1,wk inc flu hosp,quantile,17
2026-02-14,0.6,530.5770185267659,2026-02-07,1,wk inc flu hosp,quantile,17
2026-02-14,0.65,557.6598476582145,2026-02-07,1,wk inc flu hosp,quantile,17
2026-02-14,0.7,587.8787721221566,2026-02-07,1,wk inc flu hosp,quantile,17
2026-02-14,0.75,622.028593703088,2026-02-07,1,wk inc flu hosp,quantile,17
2026-02-14,0.8,662.5259551838607,2026-02-07,1,wk inc flu hosp,quantile,17
2026-02-14,0.85,713.8163437162927,2026-02-07,1,wk inc flu hosp,quantile,17
2026-02-14,0.9,783.4661822765692,2026-02-07,1,wk inc flu hosp,quantile,17
2026-02-14,0.95,898.844521909507,2026-02-07,1,wk inc flu hosp,quantile,17
2026-02-14,0.975,1012.9999891856775,2026-02-07,1,wk inc flu hosp,quantile,17
2026-02-14,0.99,1163.6790393867964,2026-02-07,1,wk inc flu hosp,quantile,17
2026-02-14,0.01,94.95883881805379,2026-02-07,1,wk inc flu hosp,quantile,18
2026-02-14,0.025,110.80637836454464,2026-02-07,1,wk inc flu hosp,quantile,18
2026-02-14,0.05,126.58288032087215,2026-02-07,1,wk inc flu hosp,quantile,18
2026-02-14,0.1,147.4928962060986,2026-02-07,1,wk inc flu hosp,quantile,18
2026-02-14,0.15,163.37834264096088,2026-02-07,1,wk inc flu hosp,quantile,18
2026-02-14,0.2,177.40249241124133,2026-02-07,1,wk inc flu hosp,quantile,18
2026-02-14,0.25,190.29616605101336,2026-02-07,1,wk inc flu hosp,quantile,18
2026-02-14,0.3,202.69910631594726,2026-02-07,1,wk inc flu hosp,quantile,18
2026-02-14,0.35,214.95657333886493,2026-02-07,1,wk inc flu hosp,quantile,18
2026-02-14,0.4,227.22539206592165,2026-02-07,1,wk inc flu hosp,quantile,18
2026-02-14,0.45,239.81258548781602,2026-02-07,1,wk inc flu hosp,quantile,18
2026-02-14,0.5,252.8614279628938,2026-02-07,1,wk inc flu hosp,quantile,18
2026-02-14,0.55,266.5812738322283,2026-02-07,1,wk inc flu hosp,quantile,18
2026-02-14,0.6,281.2639620277445,2026-02-07,1,wk inc flu hosp,quantile,18
2026-02-14,0.65,297.254087796452,2026-02-07,1,wk inc flu hosp,quantile,18
2026-02-14,0.7,315.1974055585801,2026-02-07,1,wk inc flu hosp,quantile,18
2026-02-14,0.75,335.5978229153805,2026-02-07,1,wk inc flu hosp,quantile,18
2026-02-14,0.8,359.9508763694613,2026-02-07,1,wk inc flu hosp,quantile,18
2026-02-14,0.85,391.0305966142272,2026-02-07,1,wk inc flu hosp,quantile,18
2026-02-14,0.9,433.6300212979422,2026-02-07,1,wk inc flu hosp,quantile,18
2026-02-14,0.95,505.110916859477,2026-02-07,1,wk inc flu hosp,quantile,18
2026-02-14,0.975,576.8437361548124,2026-02-07,1,wk inc flu hosp,quantile,18
2026-02-14,0.99,672.8944699819943,2026-02-07,1,wk inc flu hosp,quantile,18
2026-02-14,0.01,40.632195865482885,2026-02-07,1,wk inc flu hosp,quantile,19
2026-02-14,0.025,49.40413535967013,2026-02-07,1,wk inc flu hosp,quantile,19
2026-02-14,0.05,58.4763440527223,2026-02-07,1,wk inc flu hosp,quantile,19
2026-02-14,0.1,70.9694152682192,2026-02-07,1,wk inc flu hosp,quantile,19
2026-02-14,0.15,80.78554368911773,2026-02-07,1,wk inc flu hosp,quantile,19
2026-02-14,0.2,89.6665555800832,2026-02-07,1,wk inc flu hosp,quantile,19
2026-02-14,0.25,97.99892102819096,2026-02-07,1,wk inc flu hosp,quantile,19
2026-02-14,0.3,106.15760901346594,2026-02-07,1,wk inc flu hosp,quantile,19
2026-02-14,0.35,114.35248371696694,2026-02-07,1,wk inc flu hosp,quantile,19
2026-02-14,0.4,122.6806678488473,2026-02-07,1,wk inc flu hosp,quantile,19
2026-02-14,0.45,131.3504241548648,2026-02-07,1,wk inc flu hosp,quantile,19
2026-02-14,0.5,140.46707291282368,2026-02-07,1,wk inc flu hosp,quantile,19
2026-02-14,0.55,150.18863974390973,2026-02-07,1,wk inc flu hosp,quantile,19
2026-02-14,0.6,160.74110598311134,2026-02-07,1,wk inc flu hosp,quantile,19
2026-02-14,0.65,172.40127567497854,2026-02-07,1,wk inc flu hosp,quantile,19
2026-02-14,0.7,185.68597321486482,2026-02-07,1,wk inc flu hosp,quantile,19
2026-02-14,0.75,201.03619503706048,2026-02-07,1,wk inc flu hosp,quantile,19
2026-02-14,0.8,219.68809540426005,2026-02-07,1,wk inc flu hosp,quantile,19
2026-02-14,0.85,243.9829848966291,2026-02-07,1,wk inc flu hosp,quantile,19
2026-02-14,0.9,278.122738664704,2026-02-07,1,wk inc flu hosp,quantile,19
2026-02-14,0.95,337.415081859546,2026-02-07,1,wk inc flu hosp,quantile,19
2026-02-14,0.975,399.21387418298326,2026-02-07,1,wk inc flu hosp,quantile,19
2026-02-14,0.99,485.1997648341553,2026-02-07,1,wk inc flu hosp,quantile,19
2026-02-14,0.01,37.71512657760635,2026-02-07,1,wk inc flu hosp,quantile,20
2026-02-14,0.025,45.219408650542036,2026-02-07,1,wk inc flu hosp,quantile,20
2026-02-14,0.05,52.88041245116818,2026-02-07,1,wk inc flu hosp,quantile,20
2026-02-14,0.1,63.29357420602368,2026-02-07,1,wk inc flu hosp,quantile,20
2026-02-14,0.15,71.38222872382947,2026-02-07,1,wk inc flu hosp,quantile,20
2026-02-14,0.2,78.63951469576783,2026-02-07,1,wk inc flu hosp,quantile,20
2026-02-14,0.25,85.40161680413675,2026-02-07,1,wk inc flu hosp,quantile,20
2026-02-14,0.3,91.98289573899639,2026-02-07,1,wk inc flu hosp,quantile,20
2026-02-14,0.35,98.55694370101098,2026-02-07,1,wk inc flu hosp,quantile,20
2026-02-14,0.4,105.20341630941837,2026-02-07,1,wk inc flu hosp,quantile,20
2026-02-14,0.45,112.08822590962183,2026-02-07,1,wk inc flu hosp,quantile,20
2026-02-14,0.5,119.29289148811903,2026-02-07,1,wk inc flu hosp,quantile,20
2026-02-14,0.55,126.93880416480827,2026-02-07,1,wk inc flu hosp,quantile,20
2026-02-14,0.6,135.19820763502833,2026-02-07,1,wk inc flu hosp,quantile,20
2026-02-14,0.65,144.27959947643183,2026-02-07,1,wk inc flu hosp,quantile,20
2026-02-14,0.7,154.5728554795842,2026-02-07,1,wk inc flu hosp,quantile,20
2026-02-14,0.75,166.40116243313702,2026-02-07,1,wk inc flu hosp,quantile,20
2026-02-14,0.8,180.68715506565067,2026-02-07,1,wk inc flu hosp,quantile,20
2026-02-14,0.85,199.16628546415242,2026-02-07,1,wk inc flu hosp,quantile,20
2026-02-14,0.9,224.91416020228792,2026-02-07,1,wk inc flu hosp,quantile,20
2026-02-14,0.95,269.1102550620705,2026-02-07,1,wk inc flu hosp,quantile,20
2026-02-14,0.975,314.58428612187436,2026-02-07,1,wk inc flu hosp,quantile,20
2026-02-14,0.99,377.03445532048187,2026-02-07,1,wk inc flu hosp,quantile,20
2026-02-14,0.01,79.18102890504774,2026-02-07,1,wk inc flu hosp,quantile,21
2026-02-14,0.025,93.35932593948704,2026-02-07,1,wk inc flu hosp,quantile,21
2026-02-14,0.05,107.61063792897178,2026-02-07,1,wk inc flu hosp,quantile,21
2026-02-14,0.1,126.68230514542356,2026-02-07,1,wk inc flu hosp,quantile,21
2026-02-14,0.15,141.2948931813455,2026-02-07,1,wk inc flu hosp,quantile,21
2026-02-14,0.2,154.27538147895797,2026-02-07,1,wk inc flu hosp,quantile,21
2026-02-14,0.25,166.27074455559975,2026-02-07,1,wk inc flu hosp,quantile,21
2026-02-14,0.3,177.8613312475418,2026-02-07,1,wk inc flu hosp,quantile,21
2026-02-14,0.35,189.36296133424233,2026-02-07,1,wk inc flu hosp,quantile,21
2026-02-14,0.4,200.91951302461462,2026-02-07,1,wk inc flu hosp,quantile,21
2026-02-14,0.45,212.81964288207962,2026-02-07,1,wk inc flu hosp,quantile,21
2026-02-14,0.5,225.20063412450156,2026-02-07,1,wk inc flu hosp,quantile,21
2026-02-14,0.55,238.26468216270933,2026-02-07,1,wk inc flu hosp,quantile,21
2026-02-14,0.6,252.29568376349698,2026-02-07,1,wk inc flu hosp,quantile,21
2026-02-14,0.65,267.63216243230937,2026-02-07,1,wk inc flu hosp,quantile,21
2026-02-14,0.7,284.9080616052318,2026-02-07,1,wk inc flu hosp,quantile,21
2026-02-14,0.75,304.63000718112914,2026-02-07,1,wk inc flu hosp,quantile,21
2026-02-14,0.8,328.27859375751694,2026-02-07,1,wk inc flu hosp,quantile,21
2026-02-14,0.85,358.61512589520993,2026-02-07,1,wk inc flu hosp,quantile,21
2026-02-14,0.9,400.45798488098245,2026-02-07,1,wk inc flu hosp,quantile,21
2026-02-14,0.95,471.2814400979186,2026-02-07,1,wk inc flu hosp,quantile,21
2026-02-14,0.975,543.0373684233103,2026-02-07,1,wk inc flu hosp,quantile,21
2026-02-14,0.99,640.0534490459938,2026-02-07,1,wk inc flu hosp,quantile,21
2026-02-14,0.01,71.41218476445547,2026-02-07,1,wk inc flu hosp,quantile,22
2026-02-14,0.025,86.37023413902662,2026-02-07,1,wk inc flu hosp,quantile,22
2026-02-14,0.05,101.76449533488801,2026-02-07,1,wk inc flu hosp,quantile,22
2026-02-14,0.1,122.85923447002101,2026-02-07,1,wk inc flu hosp,quantile,22
2026-02-14,0.15,139.3622339617281,2026-02-07,1,wk inc flu hosp,quantile,22
2026-02-14,0.2,154.24605062571055,2026-02-07,1,wk inc flu hosp,quantile,22
2026-02-14,0.25,168.1739642670957,2026-02-07,1,wk inc flu hosp,quantile,22
2026-02-14,0.3,181.78044356085474,2026-02-07,1,wk inc flu hosp,quantile,22
2026-02-14,0.35,195.41874127957578,2026-02-07,1,wk inc flu hosp,quantile,22
2026-02-14,0.4,209.25176824049964,2026-02-07,1,wk inc flu hosp,quantile,22
2026-02-14,0.45,223.62512888052171,2026-02-07,1,wk inc flu hosp,quantile,22
2026-02-14,0.5,238.71167665505305,2026-02-07,1,wk inc flu hosp,quantile,22
2026-02-14,0.55,254.77006798238014,2026-02-07,1,wk inc flu hosp,quantile,22
2026-02-14,0.6,272.1691369940364,2026-02-07,1,wk inc flu hosp,quantile,22
2026-02-14,0.65,291.3586835377386,2026-02-07,1,wk inc flu hosp,quantile,22
2026-02-14,0.7,313.1790357322613,2026-02-07,1,wk inc flu hosp,quantile,22
2026-02-14,0.75,338.3395478858179,2026-02-07,1,wk inc flu hosp,quantile,22
2026-02-14,0.8,368.84212982574286,2026-02-07,1,wk inc flu hosp,quantile,22
2026-02-14,0.85,408.4686327179863,2026-02-07,1,wk inc flu hosp,quantile,22
2026-02-14,0.9,463.97425130759007,2026-02-07,1,wk inc flu hosp,quantile,22
2026-02-14,0.95,559.946842139945,2026-02-07,1,wk inc flu hosp,quantile,22
2026-02-14,0.975,659.4896383766517,2026-02-07,1,wk inc flu hosp,quantile,22
2026-02-14,0.99,797.3087419528655,2026-02-07,1,wk inc flu hosp,quantile,22
2026-02-14,0.01,14.857918769981103,2026-02-07,1,wk inc flu hosp,quantile,23
2026-02-14,0.025,18.363267138829507,2026-02-07,1,wk inc flu hosp,quantile,23
2026-02-14,0.05,22.043951174456634,2026-02-07,1,wk inc flu hosp,quantile,23
2026-02-14,0.1,27.19019691292687,2026-02-07,1,wk inc flu hosp,quantile,23
2026-02-14,0.15,31.288128073770487,2026-02-07,1,wk inc flu hosp,quantile,23
2026-02-14,0.2,35.03194487913257,2026-02-07,1,wk inc flu hosp,quantile,23
2026-02-14,0.25,38.57288426282525,2026-02-07,1,wk inc flu hosp,quantile,23
2026-02-14,0.3,42.064539882570834,2026-02-07,1,wk inc flu hosp,quantile,23
2026-02-14,0.35,45.5943637634008,2026-02-07,1,wk inc flu hosp,quantile,23
2026-02-14,0.4,49.2033562384903,2026-02-07,1,wk inc flu hosp,quantile,23
2026-02-14,0.45,52.9821928428473,2026-02-07,1,wk inc flu hosp,quantile,23
2026-02-14,0.5,56.97836671828296,2026-02-07,1,wk inc flu hosp,quantile,23
2026-02-14,0.55,61.26364460076378,2026-02-07,1,wk inc flu hosp,quantile,23
2026-02-14,0.6,65.94148350769505,2026-02-07,1,wk inc flu hosp,quantile,23
2026-02-14,0.65,71.14026687210016,2026-02-07,1,wk inc flu hosp,quantile,23
2026-02-14,0.7,77.09922035734796,2026-02-07,1,wk inc flu hosp,quantile,23
2026-02-14,0.75,84.02910042487922,2026-02-07,1,wk inc flu hosp,quantile,23
2026-02-14,0.8,92.50903386652472,2026-02-07,1,wk inc flu hosp,quantile,23
2026-02-14,0.85,103.64453737540757,2026-02-07,1,wk inc flu hosp,quantile,23
2026-02-14,0.9,119.44818795820873,2026-02-07,1,wk inc flu hosp,quantile,23
2026-02-14,0.95,147.27391278246628,2026-02-07,1,wk inc flu hosp,quantile,23
2026-02-14,0.975,176.7155800515636,2026-02-07,1,wk inc flu hosp,quantile,23
2026-02-14,0.99,218.3101205948895,2026-02-07,1,wk inc flu hosp,quantile,23
2026-02-14,0.01,46.38348337817875,2026-02-07,1,wk inc flu hosp,quantile,24
2026-02-14,0.025,57.351179603176725,2026-02-07,1,wk inc flu hosp,quantile,24
2026-02-14,0.05,68.87207092765622,2026-02-07,1,wk inc flu hosp,quantile,24
2026-02-14,0.1,84.9867671493167,2026-02-07,1,wk inc flu hosp,quantile,24
2026-02-14,0.15,97.82333951460463,2026-02-07,1,wk inc flu hosp,quantile,24
2026-02-14,0.2,109.5536731030636,2026-02-07,1,wk inc flu hosp,quantile,24
2026-02-14,0.25,120.65069418648805,2026-02-07,1,wk inc flu hosp,quantile,24
2026-02-14,0.3,131.59529574859704,2026-02-07,1,wk inc flu hosp,quantile,24
2026-02-14,0.35,142.66141492818628,2026-02-07,1,wk inc flu hosp,quantile,24
2026-02-14,0.4,153.9775320697043,2026-02-07,1,wk inc flu hosp,quantile,24
2026-02-14,0.45,165.82800937657998,2026-02-07,1,wk inc flu hosp,quantile,24
2026-02-14,0.5,178.3619276663994,2026-02-07,1,wk inc flu hosp,quantile,24
2026-02-14,0.55,191.80459911852824,2026-02-07,1,wk inc flu hosp,quantile,24
2026-02-14,0.6,206.480891811896,2026-02-07,1,wk inc flu hosp,quantile,24
2026-02-14,0.65,222.794079505465,2026-02-07,1,wk inc flu hosp,quantile,24
2026-02-14,0.7,241.49556791748734,2026-02-07,1,wk inc flu hosp,quantile,24
2026-02-14,0.75,263.2478823712249,2026-02-07,1,wk inc flu hosp,quantile,24
2026-02-14,0.8,289.8706237725638,2026-02-07,1,wk inc flu hosp,quantile,24
2026-02-14,0.85,324.8380027895806,2026-02-07,1,wk inc flu hosp,quantile,24
2026-02-14,0.9,374.4771143989329,2026-02-07,1,wk inc flu hosp,quantile,24
2026-02-14,0.95,461.90901327211196,2026-02-07,1,wk inc flu hosp,quantile,24
2026-02-14,0.975,554.4550758093071,2026-02-07,1,wk inc flu hosp,quantile,24
2026-02-14,0.99,685.2546984294468,2026-02-07,1,wk inc flu hosp,quantile,24
2026-02-14,0.01,60.71977622182283,2026-02-07,1,wk inc flu hosp,quantile,25
2026-02-14,0.025,74.34662661434581,2026-02-07,1,wk inc flu hosp,quantile,25
2026-02-14,0.05,88.5316210825843,2026-02-07,1,wk inc flu hosp,quantile,25
2026-02-14,0.1,108.19291585016667,2026-02-07,1,wk inc flu hosp,quantile,25
2026-02-14,0.15,123.7299204157486,2026-02-07,1,wk inc flu hosp,quantile,25
2026-02-14,0.2,137.84550930516508,2026-02-07,1,wk inc flu hosp,quantile,25
2026-02-14,0.25,151.13480565755626,2026-02-07,1,wk inc flu hosp,quantile,25
2026-02-14,0.3,164.18641298390284,2026-02-07,1,wk inc flu hosp,quantile,25
2026-02-14,0.35,177.33212647378753,2026-02-07,1,wk inc flu hosp,quantile,25
2026-02-14,0.4,190.7262888390723,2026-02-07,1,wk inc flu hosp,quantile,25
2026-02-14,0.45,204.70440705967258,2026-02-07,1,wk inc flu hosp,quantile,25
2026-02-14,0.5,219.43868814809733,2026-02-07,1,wk inc flu hosp,quantile,25
2026-02-14,0.55,235.18835868621585,2026-02-07,1,wk inc flu hosp,quantile,25
2026-02-14,0.6,252.3254484460097,2026-02-07,1,wk inc flu hosp,quantile,25
2026-02-14,0.65,271.30824745231985,2026-02-07,1,wk inc flu hosp,quantile,25
2026-02-14,0.7,292.9917245601387,2026-02-07,1,wk inc flu hosp,quantile,25
2026-02-14,0.75,318.1156256778886,2026-02-07,1,wk inc flu hosp,quantile,25
2026-02-14,0.8,348.7355628921369,2026-02-07,1,wk inc flu hosp,quantile,25
2026-02-14,0.85,388.7581221816112,2026-02-07,1,wk inc flu hosp,quantile,25
2026-02-14,0.9,445.2376770668409,2026-02-07,1,wk inc flu hosp,quantile,25
2026-02-14,0.95,543.9055148812961,2026-02-07,1,wk inc flu hosp,quantile,25
2026-02-14,0.975,647.4087224557904,2026-02-07,1,wk inc flu hosp,quantile,25
2026-02-14,0.99,792.3648934943737,2026-02-07,1,wk inc flu hosp,quantile,25
2026-02-14,0.01,97.92961081815754,2026-02-07,1,wk inc flu hosp,quantile,26
2026-02-14,0.025,113.82562712886072,2026-02-07,1,wk inc flu hosp,quantile,26
2026-02-14,0.05,129.59289711053725,2026-02-07,1,wk inc flu hosp,quantile,26
2026-02-14,0.1,150.41462960169096,2026-02-07,1,wk inc flu hosp,quantile,26
2026-02-14,0.15,166.182228888252,2026-02-07,1,wk inc flu hosp,quantile,26
2026-02-14,0.2,180.0698276637519,2026-02-07,1,wk inc flu hosp,quantile,26
2026-02-14,0.25,192.81328872415042,2026-02-07,1,wk inc flu hosp,quantile,26
2026-02-14,0.3,205.0510126276687,2026-02-07,1,wk inc flu hosp,quantile,26
2026-02-14,0.35,217.12650408549183,2026-02-07,1,wk inc flu hosp,quantile,26
2026-02-14,0.4,229.19565965832493,2026-02-07,1,wk inc flu hosp,quantile,26
2026-02-14,0.45,241.56080990133373,2026-02-07,1,wk inc flu hosp,quantile,26
2026-02-14,0.5,254.36206900932643,2026-02-07,1,wk inc flu hosp,quantile,26
2026-02-14,0.55,267.8035156086412,2026-02-07,1,wk inc flu hosp,quantile,26
2026-02-14,0.6,282.1688210611126,2026-02-07,1,wk inc flu hosp,quantile,26
2026-02-14,0.65,297.79166283933176,2026-02-07,1,wk inc flu hosp,quantile,26
2026-02-14,0.7,315.29746498060655,2026-02-07,1,wk inc flu hosp,quantile,26
2026-02-14,0.75,335.1697759915933,2026-02-07,1,wk inc flu hosp,quantile,26
2026-02-14,0.8,358.8523677308292,2026-02-07,1,wk inc flu hosp,quantile,26
2026-02-14,0.85,389.0176621282562,2026-02-07,1,wk inc flu hosp,quantile,26
2026-02-14,0.9,430.26568286714206,2026-02-07,1,wk inc flu hosp,quantile,26
2026-02-14,0.95,499.25237865029925,2026-02-07,1,wk inc flu hosp,quantile,26
2026-02-14,0.975,568.2324478313899,2026-02-07,1,wk inc flu hosp,quantile,26
2026-02-14,0.99,660.2600772372824,2026-02-07,1,wk inc flu hosp,quantile,26
2026-02-14,0.01,34.4975366611489,2026-02-07,1,wk inc flu hosp,quantile,27
2026-02-14,0.025,45.163133844411725,2026-02-07,1,wk inc flu hosp,quantile,27
2026-02-14,0.05,56.975552268039046,2026-02-07,1,wk inc flu hosp,quantile,27
2026-02-14,0.1,74.40108212084054,2026-02-07,1,wk inc flu hosp,quantile,27
2026-02-14,0.15,88.94422728253429,2026-02-07,1,wk inc flu hosp,quantile,27
2026-02-14,0.2,102.69373854703737,2026-02-07,1,wk inc flu hosp,quantile,27
2026-02-14,0.25,116.07219460945677,2026-02-07,1,wk inc flu hosp,quantile,27
2026-02-14,0.3,129.5959401449596,2026-02-07,1,wk inc flu hosp,quantile,27
2026-02-14,0.35,143.58143361764348,2026-02-07,1,wk inc flu hosp,quantile,27
2026-02-14,0.4,158.18823510041491,2026-02-07,1,wk inc flu hosp,quantile,27
2026-02-14,0.45,173.79766501203335,2026-02-07,1,wk inc flu hosp,quantile,27
2026-02-14,0.5,190.63720876379801,2026-02-07,1,wk inc flu hosp,quantile,27
2026-02-14,0.55,209.05495219367555,2026-02-07,1,wk inc flu hosp,quantile,27
2026-02-14,0.6,229.5631414608846,2026-02-07,1,wk inc flu hosp,quantile,27
2026-02-14,0.65,252.82312826586113,2026-02-07,1,wk inc flu hosp,quantile,27
2026-02-14,0.7,280.0571847938648,2026-02-07,1,wk inc flu hosp,quantile,27
2026-02-14,0.75,312.45429451864123,2026-02-07,1,wk inc flu hosp,quantile,27
2026-02-14,0.8,353.0937688124488,2026-02-07,1,wk inc flu hosp,quantile,27
2026-02-14,0.85,408.0085931308108,2026-02-07,1,wk inc flu hosp,quantile,27
2026-02-14,0.9,488.71396180134326,2026-02-07,1,wk inc flu hosp,quantile,27
2026-02-14,0.95,637.8532705865251,2026-02-07,1,wk inc flu hosp,quantile,27
2026-02-14,0.975,804.2350854219038,2026-02-07,1,wk inc flu hosp,quantile,27
2026-02-14,0.99,1052.2855670742172,2026-02-07,1,wk inc flu hosp,quantile,27
2026-02-14,0.01,34.67665118254904,2026-02-07,1,wk inc flu hosp,quantile,28
2026-02-14,0.025,40.79145523611349,2026-02-07,1,wk inc flu hosp,quantile,28
2026-02-14,0.05,46.92457420845805,2026-02-07,1,wk inc flu hosp,quantile,28
2026-02-14,0.1,55.11452442835287,2026-02-07,1,wk inc flu hosp,quantile,28
2026-02-14,0.15,61.37773156788314,2026-02-07,1,wk inc flu hosp,quantile,28
2026-02-14,0.2,66.93372747434337,2026-02-07,1,wk inc flu hosp,quantile,28
2026-02-14,0.25,72.0622119219723,2026-02-07,1,wk inc flu hosp,quantile,28
2026-02-14,0.3,77.01269762017634,2026-02-07,1,wk inc flu hosp,quantile,28
2026-02-14,0.35,81.92070893904217,2026-02-07,1,wk inc flu hosp,quantile,28
2026-02-14,0.4,86.84794013066733,2026-02-07,1,wk inc flu hosp,quantile,28
2026-02-14,0.45,91.91750159333489,2026-02-07,1,wk inc flu hosp,quantile,28
2026-02-14,0.5,97.18769183545237,2026-02-07,1,wk inc flu hosp,quantile,28
2026-02-14,0.55,102.7442298220319,2026-02-07,1,wk inc flu hosp,quantile,28
2026-02-14,0.6,108.70728362268876,2026-02-07,1,wk inc flu hosp,quantile,28
2026-02-14,0.65,115.21983545115785,2026-02-07,1,wk inc flu hosp,quantile,28
2026-02-14,0.7,122.54968917232893,2026-02-07,1,wk inc flu hosp,quantile,28
2026-02-14,0.75,130.90974725950878,2026-02-07,1,wk inc flu hosp,quantile,28
2026-02-14,0.8,140.92431274016047,2026-02-07,1,wk inc flu hosp,quantile,28
2026-02-14,0.85,153.75630987823348,2026-02-07,1,wk inc flu hosp,quantile,28
2026-02-14,0.9,171.43057862156962,2026-02-07,1,wk inc flu hosp,quantile,28
2026-02-14,0.95,201.2883183388861,2026-02-07,1,wk inc flu hosp,quantile,28
2026-02-14,0.975,231.47477660600293,2026-02-07,1,wk inc flu hosp,quantile,28
2026-02-14,0.99,272.19979217938356,2026-02-07,1,wk inc flu hosp,quantile,28
2026-02-14,0.01,131.37017444534297,2026-02-07,1,wk inc flu hosp,quantile,29
2026-02-14,0.025,151.18254620534918,2026-02-07,1,wk inc flu hosp,quantile,29
2026-02-14,0.05,170.65380814731344,2026-02-07,1,wk inc flu hosp,quantile,29
2026-02-14,0.1,196.13023189646023,2026-02-07,1,wk inc flu hosp,quantile,29
2026-02-14,0.15,215.26589324733797,2026-02-07,1,wk inc flu hosp,quantile,29
2026-02-14,0.2,232.02027539947323,2026-02-07,1,wk inc flu hosp,quantile,29
2026-02-14,0.25,247.3190890575104,2026-02-07,1,wk inc flu hosp,quantile,29
2026-02-14,0.3,261.9478322927829,2026-02-07,1,wk inc flu hosp,quantile,29
2026-02-14,0.35,276.3260999295696,2026-02-07,1,wk inc flu hosp,quantile,29
2026-02-14,0.4,290.64403897734695,2026-02-07,1,wk inc flu hosp,quantile,29
2026-02-14,0.45,305.26148980865463,2026-02-07,1,wk inc flu hosp,quantile,29
2026-02-14,0.5,320.34243982487504,2026-02-07,1,wk inc flu hosp,quantile,29
2026-02-14,0.55,336.1236641742269,2026-02-07,1,wk inc flu hosp,quantile,29
2026-02-14,0.6,352.9317855604042,2026-02-07,1,wk inc flu hosp,quantile,29
2026-02-14,0.65,371.1472131423852,2026-02-07,1,wk inc flu hosp,quantile,29
2026-02-14,0.7,391.48323453171963,2026-02-07,1,wk inc flu hosp,quantile,29
2026-02-14,0.75,414.47820443584675,2026-02-07,1,wk inc flu hosp,quantile,29
2026-02-14,0.8,441.76502715687053,2026-02-07,1,wk inc flu hosp,quantile,29
2026-02-14,0.85,476.34996541098303,2026-02-07,1,wk inc flu hosp,quantile,29
2026-02-14,0.9,523.357473142639,2026-02-07,1,wk inc flu hosp,quantile,29
2026-02-14,0.95,601.325802616721,2026-02-07,1,wk inc flu hosp,quantile,29
2026-02-14,0.975,678.5749997332757,2026-02-07,1,wk inc flu hosp,quantile,29
2026-02-14,0.99,780.6831084475341,2026-02-07,1,wk inc flu hosp,quantile,29
2026-02-14,0.01,9.294265957611074,2026-02-07,1,wk inc flu hosp,quantile,30
2026-02-14,0.025,11.74787346342956,2026-02-07,1,wk inc flu hosp,quantile,30
2026-02-14,0.05,14.378369282033011,2026-02-07,1,wk inc flu hosp,quantile,30
2026-02-14,0.1,18.13395808093193,2026-02-07,1,wk inc flu hosp,quantile,30
2026-02-14,0.15,21.17985841672309,2026-02-07,1,wk inc flu hosp,quantile,30
2026-02-14,0.2,24.000000568742237,2026-02-07,1,wk inc flu hosp,quantile,30
2026-02-14,0.25,26.69698915581707,2026-02-07,1,wk inc flu hosp,quantile,30
2026-02-14,0.3,29.38231073543501,2026-02-07,1,wk inc flu hosp,quantile,30
2026-02-14,0.35,32.121131315528594,2026-02-07,1,wk inc flu hosp,quantile,30
2026-02-14,0.4,34.944725549081035,2026-02-07,1,wk inc flu hosp,quantile,30
2026-02-14,0.45,37.924820235873376,2026-02-07,1,wk inc flu hosp,quantile,30
2026-02-14,0.5,41.10091051648766,2026-02-07,1,wk inc flu hosp,quantile,30
2026-02-14,0.55,44.53309445959337,2026-02-07,1,wk inc flu hosp,quantile,30
2026-02-14,0.6,48.30882157108909,2026-02-07,1,wk inc flu hosp,quantile,30
2026-02-14,0.65,52.538420500971434,2026-02-07,1,wk inc flu hosp,quantile,30
2026-02-14,0.7,57.42684554076884,2026-02-07,1,wk inc flu hosp,quantile,30
2026-02-14,0.75,63.162216770840104,2026-02-07,1,wk inc flu hosp,quantile,30
2026-02-14,0.8,70.24869129940096,2026-02-07,1,wk inc flu hosp,quantile,30
2026-02-14,0.85,79.65874690884509,2026-02-07,1,wk inc flu hosp,quantile,30
2026-02-14,0.9,93.19667778849394,2026-02-07,1,wk inc flu hosp,quantile,30
2026-02-14,0.95,117.48651597192962,2026-02-07,1,wk inc flu hosp,quantile,30
2026-02-14,0.975,143.72348293418491,2026-02-07,1,wk inc flu hosp,quantile,30
2026-02-14,0.99,181.57602305852072,2026-02-07,1,wk inc flu hosp,quantile,30
2026-02-14,0.01,26.30631744395195,2026-02-07,1,wk inc flu hosp,quantile,31
2026-02-14,0.025,31.88746431148669,2026-02-07,1,wk inc flu hosp,quantile,31
2026-02-14,0.05,37.643254615188425,2026-02-07,1,wk inc flu hosp,quantile,31
2026-02-14,0.1,45.546781414450884,2026-02-07,1,wk inc flu hosp,quantile,31
2026-02-14,0.15,51.74121530568885,2026-02-07,1,wk inc flu hosp,quantile,31
2026-02-14,0.2,57.335309493050346,2026-02-07,1,wk inc flu hosp,quantile,31
2026-02-14,0.25,62.57588118624862,2026-02-07,1,wk inc flu hosp,quantile,31
2026-02-14,0.3,67.70043252780582,2026-02-07,1,wk inc flu hosp,quantile,31
2026-02-14,0.35,72.84148558571611,2026-02-07,1,wk inc flu hosp,quantile,31
2026-02-14,0.4,78.06024342862158,2026-02-07,1,wk inc flu hosp,quantile,31
2026-02-14,0.45,83.48713723215852,2026-02-07,1,wk inc flu hosp,quantile,31
2026-02-14,0.5,89.187704674849,2026-02-07,1,wk inc flu hosp,quantile,31
2026-02-14,0.55,95.2601294310413,2026-02-07,1,wk inc flu hosp,quantile,31
2026-02-14,0.6,101.84458765194852,2026-02-07,1,wk inc flu hosp,quantile,31
2026-02-14,0.65,109.1123454693897,2026-02-07,1,wk inc flu hosp,quantile,31
2026-02-14,0.7,117.38328774783942,2026-02-07,1,wk inc flu hosp,quantile,31
2026-02-14,0.75,126.92867521642533,2026-02-07,1,wk inc flu hosp,quantile,31
2026-02-14,0.8,138.5118533385228,2026-02-07,1,wk inc flu hosp,quantile,31
2026-02-14,0.85,153.57645363518392,2026-02-07,1,wk inc flu hosp,quantile,31
2026-02-14,0.9,174.70625290734077,2026-02-07,1,wk inc flu hosp,quantile,31
2026-02-14,0.95,211.3092535402492,2026-02-07,1,wk inc flu hosp,quantile,31
2026-02-14,0.975,249.3518997705822,2026-02-07,1,wk inc flu hosp,quantile,31
2026-02-14,0.99,302.13243596531197,2026-02-07,1,wk inc flu hosp,quantile,31
2026-02-14,0.01,29.566911368176015,2026-02-07,1,wk inc flu hosp,quantile,32
2026-02-14,0.025,35.42146272111245,2026-02-07,1,wk inc flu hosp,quantile,32
2026-02-14,0.05,41.3938326810137,2026-02-07,1,wk inc flu hosp,quantile,32
2026-02-14,0.1,49.505670269823945,2026-02-07,1,wk inc flu hosp,quantile,32
2026-02-14,0.15,55.802579776967576,2026-02-07,1,wk inc flu hosp,quantile,32
2026-02-14,0.2,61.449577216394765,2026-02-07,1,wk inc flu hosp,quantile,32
2026-02-14,0.25,66.70918265552065,2026-02-07,1,wk inc flu hosp,quantile,32
2026-02-14,0.3,71.82637014711008,2026-02-07,1,wk inc flu hosp,quantile,32
2026-02-14,0.35,76.93631645305886,2026-02-07,1,wk inc flu hosp,quantile,32
2026-02-14,0.4,82.10102373878793,2026-02-07,1,wk inc flu hosp,quantile,32
2026-02-14,0.45,87.44941082179757,2026-02-07,1,wk inc flu hosp,quantile,32
2026-02-14,0.5,93.04471835017864,2026-02-07,1,wk inc flu hosp,quantile,32
2026-02-14,0.55,98.9810739003048,2026-02-07,1,wk inc flu hosp,quantile,32
2026-02-14,0.6,105.39197319910637,2026-02-07,1,wk inc flu hosp,quantile,32
2026-02-14,0.65,112.43889728953027,2026-02-07,1,wk inc flu hosp,quantile,32
2026-02-14,0.7,120.42382829827221,2026-02-07,1,wk inc flu hosp,quantile,32
2026-02-14,0.75,129.59666758755526,2026-02-07,1,wk inc flu hosp,quantile,32
2026-02-14,0.8,140.6716078111704,2026-02-07,1,wk inc flu hosp,quantile,32
2026-02-14,0.85,154.991486498304,2026-02-07,1,wk inc flu hosp,quantile,32
2026-02-14,0.9,174.93436927187963,2026-02-07,1,wk inc flu hosp,quantile,32
2026-02-14,0.95,209.14321518703537,2026-02-07,1,wk inc flu hosp,quantile,32
2026-02-14,0.975,244.31519199710866,2026-02-07,1,wk inc flu hosp,quantile,32
2026-02-14,0.99,292.5812171457734,2026-02-07,1,wk inc flu hosp,quantile,32
2026-02-14,0.01,15.842630277572223,2026-02-07,1,wk inc flu hosp,quantile,33
2026-02-14,0.025,18.837343079406843,2026-02-07,1,wk inc flu hosp,quantile,33
2026-02-14,0.05,21.871074788759795,2026-02-07,1,wk inc flu hosp,quantile,33
2026-02-14,0.1,25.962836242986672,2026-02-07,1,wk inc flu hosp,quantile,33
2026-02-14,0.15,29.11960647775304,2026-02-07,1,wk inc flu hosp,quantile,33
2026-02-14,0.2,31.93789637117178,2026-02-07,1,wk inc flu hosp,quantile,33
2026-02-14,0.25,34.55312862836546,2026-02-07,1,wk inc flu hosp,quantile,33
2026-02-14,0.3,37.08930229172598,2026-02-07,1,wk inc flu hosp,quantile,33
2026-02-14,0.35,39.61438118188248,2026-02-07,1,wk inc flu hosp,quantile,33
2026-02-14,0.4,42.15942792962433,2026-02-07,1,wk inc flu hosp,quantile,33
2026-02-14,0.45,44.78796878000803,2026-02-07,1,wk inc flu hosp,quantile,33
2026-02-14,0.5,47.53070641199261,2026-02-07,1,wk inc flu hosp,quantile,33
2026-02-14,0.55,50.43312371160883,2026-02-07,1,wk inc flu hosp,quantile,33
2026-02-14,0.6,53.55943108889845,2026-02-07,1,wk inc flu hosp,quantile,33
2026-02-14,0.65,56.98678440865593,2026-02-07,1,wk inc flu hosp,quantile,33
2026-02-14,0.7,60.85957229627284,2026-02-07,1,wk inc flu hosp,quantile,33
2026-02-14,0.75,65.29536026218653,2026-02-07,1,wk inc flu hosp,quantile,33
2026-02-14,0.8,70.63363260200849,2026-02-07,1,wk inc flu hosp,quantile,33
2026-02-14,0.85,77.51027104351081,2026-02-07,1,wk inc flu hosp,quantile,33
2026-02-14,0.9,87.04361772660835,2026-02-07,1,wk inc flu hosp,quantile,33
2026-02-14,0.95,103.29386999733485,2026-02-07,1,wk inc flu hosp,quantile,33
2026-02-14,0.975,119.88623964468181,2026-02-07,1,wk inc flu hosp,quantile,33
2026-02-14,0.99,142.49643219033544,2026-02-07,1,wk inc flu hosp,quantile,33
2026-02-14,0.01,59.02194597353114,2026-02-07,1,wk inc flu hosp,quantile,34
2026-02-14,0.025,74.78338807517703,2026-02-07,1,wk inc flu hosp,quantile,34
2026-02-14,0.05,91.71891191142046,2026-02-07,1,wk inc flu hosp,quantile,34
2026-02-14,0.1,115.95231426166639,2026-02-07,1,wk inc flu hosp,quantile,34
2026-02-14,0.15,135.64508358691103,2026-02-07,1,wk inc flu hosp,quantile,34
2026-02-14,0.2,153.9044402933633,2026-02-07,1,wk inc flu hosp,quantile,34
2026-02-14,0.25,171.38718033076782,2026-02-07,1,wk inc flu hosp,quantile,34
2026-02-14,0.3,188.81239823241745,2026-02-07,1,wk inc flu hosp,quantile,34
2026-02-14,0.35,206.60168438457058,2026-02-07,1,wk inc flu hosp,quantile,34
2026-02-14,0.4,224.95795664374543,2026-02-07,1,wk inc flu hosp,quantile,34
2026-02-14,0.45,244.34820704642905,2026-02-07,1,wk inc flu hosp,quantile,34
2026-02-14,0.5,265.03098397419404,2026-02-07,1,wk inc flu hosp,quantile,34
2026-02-14,0.55,287.39993581910403,2026-02-07,1,wk inc flu hosp,quantile,34
2026-02-14,0.6,312.0283796967719,2026-02-07,1,wk inc flu hosp,quantile,34
2026-02-14,0.65,339.64085095323264,2026-02-07,1,wk inc flu hosp,quantile,34
2026-02-14,0.7,371.58283516159213,2026-02-07,1,wk inc flu hosp,quantile,34
2026-02-14,0.75,409.0945215875542,2026-02-07,1,wk inc flu hosp,quantile,34
2026-02-14,0.8,455.49117431261595,2026-02-07,1,wk inc flu hosp,quantile,34
2026-02-14,0.85,517.1746778755711,2026-02-07,1,wk inc flu hosp,quantile,34
2026-02-14,0.9,606.0465554273688,2026-02-07,1,wk inc flu hosp,quantile,34
2026-02-14,0.95,765.8242650483988,2026-02-07,1,wk inc flu hosp,quantile,34
2026-02-14,0.975,938.793438527774,2026-02-07,1,wk inc flu hosp,quantile,34
2026-02-14,0.99,1188.9020167441336,2026-02-07,1,wk inc flu hosp,quantile,34
2026-02-14,0.01,29.721821364783043,2026-02-07,1,wk inc flu hosp,quantile,35
2026-02-14,0.025,35.844832991177725,2026-02-07,1,wk inc flu hosp,quantile,35
2026-02-14,0.05,42.1297369957188,2026-02-07,1,wk inc flu hosp,quantile,35
2026-02-14,0.1,50.71907854618976,2026-02-07,1,wk inc flu hosp,quantile,35
2026-02-14,0.15,57.42307223321303,2026-02-07,1,wk inc flu hosp,quantile,35
2026-02-14,0.2,63.45902645737293,2026-02-07,1,wk inc flu hosp,quantile,35
2026-02-14,0.25,69.09937890299437,2026-02-07,1,wk inc flu hosp,quantile,35
2026-02-14,0.3,74.60277727092611,2026-02-07,1,wk inc flu hosp,quantile,35
2026-02-14,0.35,80.11283366869209,2026-02-07,1,wk inc flu hosp,quantile,35
2026-02-14,0.4,85.69566278971051,2026-02-07,1,wk inc flu hosp,quantile,35
2026-02-14,0.45,91.49069421736225,2026-02-07,1,wk inc flu hosp,quantile,35
2026-02-14,0.5,97.56725412615376,2026-02-07,1,wk inc flu hosp,quantile,35
2026-02-14,0.55,104.02892227011827,2026-02-07,1,wk inc flu hosp,quantile,35
2026-02-14,0.6,111.02316516335301,2026-02-07,1,wk inc flu hosp,quantile,35
2026-02-14,0.65,118.7293876756721,2026-02-07,1,wk inc flu hosp,quantile,35
2026-02-14,0.7,127.4828622889792,2026-02-07,1,wk inc flu hosp,quantile,35
2026-02-14,0.75,137.56494283414523,2026-02-07,1,wk inc flu hosp,quantile,35
2026-02-14,0.8,149.77261547175982,2026-02-07,1,wk inc flu hosp,quantile,35
2026-02-14,0.85,165.60936344658302,2026-02-07,1,wk inc flu hosp,quantile,35
2026-02-14,0.9,187.75384949754684,2026-02-07,1,wk inc flu hosp,quantile,35
2026-02-14,0.95,225.95150463116966,2026-02-07,1,wk inc flu hosp,quantile,35
2026-02-14,0.975,265.46604744273446,2026-02-07,1,wk inc flu hosp,quantile,35
2026-02-14,0.99,320.0291217903543,2026-02-07,1,wk inc flu hosp,quantile,35
2026-02-14,0.01,128.19685664463836,2026-02-07,1,wk inc flu hosp,quantile,36
2026-02-14,0.025,156.5961121421673,2026-02-07,1,wk inc flu hosp,quantile,36
2026-02-14,0.05,186.09381539408218,2026-02-07,1,wk inc flu hosp,quantile,36
2026-02-14,0.1,226.8895791229446,2026-02-07,1,wk inc flu hosp,quantile,36
2026-02-14,0.15,259.0654412049347,2026-02-07,1,wk inc flu hosp,quantile,36
2026-02-14,0.2,288.2565067460962,2026-02-07,1,wk inc flu hosp,quantile,36
2026-02-14,0.25,315.7067760235596,2026-02-07,1,wk inc flu hosp,quantile,36
2026-02-14,0.3,342.63858830751207,2026-02-07,1,wk inc flu hosp,quantile,36
2026-02-14,0.35,369.73928881123356,2026-02-07,1,wk inc flu hosp,quantile,36
2026-02-14,0.4,397.3280357535261,2026-02-07,1,wk inc flu hosp,quantile,36
2026-02-14,0.45,426.09546279643996,2026-02-07,1,wk inc flu hosp,quantile,36
2026-02-14,0.5,456.3942677441918,2026-02-07,1,wk inc flu hosp,quantile,36
2026-02-14,0.55,488.75480968118205,2026-02-07,1,wk inc flu hosp,quantile,36
2026-02-14,0.6,523.9373325303397,2026-02-07,1,wk inc flu hosp,quantile,36
2026-02-14,0.65,562.8765753446651,2026-02-07,1,wk inc flu hosp,quantile,36
2026-02-14,0.7,607.3168514740406,2026-02-07,1,wk inc flu hosp,quantile,36
2026-02-14,0.75,658.760371865995,2026-02-07,1,wk inc flu hosp,quantile,36
2026-02-14,0.8,721.3936655954194,2026-02-07,1,wk inc flu hosp,quantile,36
2026-02-14,0.85,803.1639550701615,2026-02-07,1,wk inc flu hosp,quantile,36
2026-02-14,0.9,918.3922905664729,2026-02-07,1,wk inc flu hosp,quantile,36
2026-02-14,0.95,1119.2934367138018,2026-02-07,1,wk inc flu hosp,quantile,36
2026-02-14,0.975,1329.5815635912822,2026-02-07,1,wk inc flu hosp,quantile,36
2026-02-14,0.99,1623.440261158855,2026-02-07,1,wk inc flu hosp,quantile,36
2026-02-14,0.01,51.00822657332426,2026-02-07,1,wk inc flu hosp,quantile,37
2026-02-14,0.025,69.56394610609982,2026-02-07,1,wk inc flu hosp,quantile,37
2026-02-14,0.05,90.90664751365352,2026-02-07,1,wk inc flu hosp,quantile,37
2026-02-14,0.1,123.61372210041088,2026-02-07,1,wk inc flu hosp,quantile,37
2026-02-14,0.15,151.8334981665106,2026-02-07,1,wk inc flu hosp,quantile,37
2026-02-14,0.2,179.1693406607745,2026-02-07,1,wk inc flu hosp,quantile,37
2026-02-14,0.25,206.30789253141805,2026-02-07,1,wk inc flu hosp,quantile,37
2026-02-14,0.3,234.22851889453304,2026-02-07,1,wk inc flu hosp,quantile,37
2026-02-14,0.35,263.5713770114762,2026-02-07,1,wk inc flu hosp,quantile,37
2026-02-14,0.4,294.68426701315656,2026-02-07,1,wk inc flu hosp,quantile,37
2026-02-14,0.45,328.4176938514634,2026-02-07,1,wk inc flu hosp,quantile,37
2026-02-14,0.5,365.3280502630974,2026-02-07,1,wk inc flu hosp,quantile,37
2026-02-14,0.55,406.26715884561827,2026-02-07,1,wk inc flu hosp,quantile,37
2026-02-14,0.6,452.5000810799826,2026-02-07,1,wk inc flu hosp,quantile,37
2026-02-14,0.65,505.69848194784043,2026-02-07,1,wk inc flu hosp,quantile,37
2026-02-14,0.7,568.9334603460082,2026-02-07,1,wk inc flu hosp,quantile,37
2026-02-14,0.75,645.3761654265559,2026-02-07,1,wk inc flu hosp,quantile,37
2026-02-14,0.8,742.9715006259695,2026-02-07,1,wk inc flu hosp,quantile,37
2026-02-14,0.85,877.5560588158636,2026-02-07,1,wk inc flu hosp,quantile,37
2026-02-14,0.9,1080.316928731199,2026-02-07,1,wk inc flu hosp,quantile,37
2026-02-14,0.95,1468.1264845902047,2026-02-07,1,wk inc flu hosp,quantile,37
2026-02-14,0.975,1917.3257835218772,2026-02-07,1,wk inc flu hosp,quantile,37
2026-02-14,0.99,2613.1075616234148,2026-02-07,1,wk inc flu hosp,quantile,37
2026-02-14,0.01,12.43762030211772,2026-02-07,1,wk inc flu hosp,quantile,38
2026-02-14,0.025,14.907771625926452,2026-02-07,1,wk inc flu hosp,quantile,38
2026-02-14,0.05,17.428789580576197,2026-02-07,1,wk inc flu hosp,quantile,38
2026-02-14,0.1,20.85448196537062,2026-02-07,1,wk inc flu hosp,quantile,38
2026-02-14,0.15,23.51479329368712,2026-02-07,1,wk inc flu hosp,quantile,38
2026-02-14,0.2,25.901234006812338,2026-02-07,1,wk inc flu hosp,quantile,38
2026-02-14,0.25,28.12450371902201,2026-02-07,1,wk inc flu hosp,quantile,38
2026-02-14,0.3,30.28803407450305,2026-02-07,1,wk inc flu hosp,quantile,38
2026-02-14,0.35,32.448924583172406,2026-02-07,1,wk inc flu hosp,quantile,38
2026-02-14,0.4,34.633372065455646,2026-02-07,1,wk inc flu hosp,quantile,38
2026-02-14,0.45,36.89590485906511,2026-02-07,1,wk inc flu hosp,quantile,38
2026-02-14,0.5,39.26329820413866,2026-02-07,1,wk inc flu hosp,quantile,38
2026-02-14,0.55,41.77541621265493,2026-02-07,1,wk inc flu hosp,quantile,38
2026-02-14,0.6,44.48881240194471,2026-02-07,1,wk inc flu hosp,quantile,38
2026-02-14,0.65,47.47192534106499,2026-02-07,1,wk inc flu hosp,quantile,38
2026-02-14,0.7,50.85273424352906,2026-02-07,1,wk inc flu hosp,quantile,38
2026-02-14,0.75,54.737257939637125,2026-02-07,1,wk inc flu hosp,quantile,38
2026-02-14,0.8,59.42828509961795,2026-02-07,1,wk inc flu hosp,quantile,38
2026-02-14,0.85,65.49526548320794,2026-02-07,1,wk inc flu hosp,quantile,38
2026-02-14,0.9,73.94710727924837,2026-02-07,1,wk inc flu hosp,quantile,38
2026-02-14,0.95,88.45090649526477,2026-02-07,1,wk inc flu hosp,quantile,38
2026-02-14,0.975,103.3698492878554,2026-02-07,1,wk inc flu hosp,quantile,38
2026-02-14,0.99,123.85236565107523,2026-02-07,1,wk inc flu hosp,quantile,38
2026-02-14,0.01,158.2175292681785,2026-02-07,1,wk inc flu hosp,quantile,39
2026-02-14,0.025,192.3139532308079,2026-02-07,1,wk inc flu hosp,quantile,39
2026-02-14,0.05,227.56722288116814,2026-02-07,1,wk inc flu hosp,quantile,39
2026-02-14,0.1,276.09923538667425,2026-02-07,1,wk inc flu hosp,quantile,39
2026-02-14,0.15,314.2222667604092,2026-02-07,1,wk inc flu hosp,quantile,39
2026-02-14,0.2,348.7071019464596,2026-02-07,1,wk inc flu hosp,quantile,39
2026-02-14,0.25,381.05652877120025,2026-02-07,1,wk inc flu hosp,quantile,39
2026-02-14,0.3,412.72737090683876,2026-02-07,1,wk inc flu hosp,quantile,39
2026-02-14,0.35,444.53473259237853,2026-02-07,1,wk inc flu hosp,quantile,39
2026-02-14,0.4,476.85575262780685,2026-02-07,1,wk inc flu hosp,quantile,39
2026-02-14,0.45,510.49863126667316,2026-02-07,1,wk inc flu hosp,quantile,39
2026-02-14,0.5,545.8718118667438,2026-02-07,1,wk inc flu hosp,quantile,39
2026-02-14,0.55,583.5880400368135,2026-02-07,1,wk inc flu hosp,quantile,39
2026-02-14,0.6,624.5234148078895,2026-02-07,1,wk inc flu hosp,quantile,39
2026-02-14,0.65,669.7507899488094,2026-02-07,1,wk inc flu hosp,quantile,39
2026-02-14,0.7,721.2733772197109,2026-02-07,1,wk inc flu hosp,quantile,39
2026-02-14,0.75,780.7993947691912,2026-02-07,1,wk inc flu hosp,quantile,39
2026-02-14,0.8,853.1190460125122,2026-02-07,1,wk inc flu hosp,quantile,39
2026-02-14,0.85,947.3037173062143,2026-02-07,1,wk inc flu hosp,quantile,39
2026-02-14,0.9,1079.6289868267822,2026-02-07,1,wk inc flu hosp,quantile,39
2026-02-14,0.95,1309.3847324954727,2026-02-07,1,wk inc flu hosp,quantile,39
2026-02-14,0.975,1548.7834381779996,2026-02-07,1,wk inc flu hosp,quantile,39
2026-02-14,0.99,1881.7812016918726,2026-02-07,1,wk inc flu hosp,quantile,39
2026-02-14,0.01,37.67857652645985,2026-02-07,1,wk inc flu hosp,quantile,40
2026-02-14,0.025,45.59245582727446,2026-02-07,1,wk inc flu hosp,quantile,40
2026-02-14,0.05,53.740717685019675,2026-02-07,1,wk inc flu hosp,quantile,40
2026-02-14,0.1,64.91121716193011,2026-02-07,1,wk inc flu hosp,quantile,40
2026-02-14,0.15,73.65361226449794,2026-02-07,1,wk inc flu hosp,quantile,40
2026-02-14,0.2,81.54048806556989,2026-02-07,1,wk inc flu hosp,quantile,40
2026-02-14,0.25,88.92256617696015,2026-02-07,1,wk inc flu hosp,quantile,40
2026-02-14,0.3,96.13575794414898,2026-02-07,1,wk inc flu hosp,quantile,40
2026-02-14,0.35,103.36717502484018,2026-02-07,1,wk inc flu hosp,quantile,40
2026-02-14,0.4,110.70313425741992,2026-02-07,1,wk inc flu hosp,quantile,40
2026-02-14,0.45,118.32693019703426,2026-02-07,1,wk inc flu hosp,quantile,40
2026-02-14,0.5,126.3303277314774,2026-02-07,1,wk inc flu hosp,quantile,40
2026-02-14,0.55,134.8506774261941,2026-02-07,1,wk inc flu hosp,quantile,40
2026-02-14,0.6,144.08388703341828,2026-02-07,1,wk inc flu hosp,quantile,40
2026-02-14,0.65,154.26896497054767,2026-02-07,1,wk inc flu hosp,quantile,40
2026-02-14,0.7,165.85240979150151,2026-02-07,1,wk inc flu hosp,quantile,40
2026-02-14,0.75,179.2114966964984,2026-02-07,1,wk inc flu hosp,quantile,40
2026-02-14,0.8,195.4103006243131,2026-02-07,1,wk inc flu hosp,quantile,40
2026-02-14,0.85,216.45945916477893,2026-02-07,1,wk inc flu hosp,quantile,40
2026-02-14,0.9,245.95193146634475,2026-02-07,1,wk inc flu hosp,quantile,40
2026-02-14,0.95,296.9665472994728,2026-02-07,1,wk inc flu hosp,quantile,40
2026-02-14,0.975,349.9021153294955,2026-02-07,1,wk inc flu hosp,quantile,40
2026-02-14,0.99,423.2250898054152,2026-02-07,1,wk inc flu hosp,quantile,40
2026-02-14,0.01,67.79012014812636,2026-02-07,1,wk inc flu hosp,quantile,41
2026-02-14,0.025,82.3073741004938,2026-02-07,1,wk inc flu hosp,quantile,41
2026-02-14,0.05,97.30168364604266,2026-02-07,1,wk inc flu hosp,quantile,41
2026-02-14,0.1,117.92246965335706,2026-02-07,1,wk inc flu hosp,quantile,41
2026-02-14,0.15,134.10582655694407,2026-02-07,1,wk inc flu hosp,quantile,41
2026-02-14,0.2,148.7350451646547,2026-02-07,1,wk inc flu hosp,quantile,41
2026-02-14,0.25,162.45084426851122,2026-02-07,1,wk inc flu hosp,quantile,41
2026-02-14,0.3,175.87248150798914,2026-02-07,1,wk inc flu hosp,quantile,41
2026-02-14,0.35,189.34605218496142,2026-02-07,1,wk inc flu hosp,quantile,41
2026-02-14,0.4,203.03156887302345,2026-02-07,1,wk inc flu hosp,quantile,41
2026-02-14,0.45,217.27117016811872,2026-02-07,1,wk inc flu hosp,quantile,41
2026-02-14,0.5,232.23736041417672,2026-02-07,1,wk inc flu hosp,quantile,41
2026-02-14,0.55,248.18878723873684,2026-02-07,1,wk inc flu hosp,quantile,41
2026-02-14,0.6,265.49504480781485,2026-02-07,1,wk inc flu hosp,quantile,41
2026-02-14,0.65,284.60831518156243,2026-02-07,1,wk inc flu hosp,quantile,41
2026-02-14,0.7,306.3730115885498,2026-02-07,1,wk inc flu hosp,quantile,41
2026-02-14,0.75,331.5075802715277,2026-02-07,1,wk inc flu hosp,quantile,41
2026-02-14,0.8,362.02954585960885,2026-02-07,1,wk inc flu hosp,quantile,41
2026-02-14,0.85,401.75749386213437,2026-02-07,1,wk inc flu hosp,quantile,41
2026-02-14,0.9,457.5358265729084,2026-02-07,1,wk inc flu hosp,quantile,41
2026-02-14,0.95,554.2931206662747,2026-02-07,1,wk inc flu hosp,quantile,41
2026-02-14,0.975,655.0080056705154,2026-02-07,1,wk inc flu hosp,quantile,41
2026-02-14,0.99,794.9543651441248,2026-02-07,1,wk inc flu hosp,quantile,41
2026-02-14,0.01,417.7667539745939,2026-02-07,1,wk inc flu hosp,quantile,42
2026-02-14,0.025,477.9309914540375,2026-02-07,1,wk inc flu hosp,quantile,42
2026-02-14,0.05,536.7350117640394,2026-02-07,1,wk inc flu hosp,quantile,42
2026-02-14,0.1,613.2523696090216,2026-02-07,1,wk inc flu hosp,quantile,42
2026-02-14,0.15,670.4467713525185,2026-02-07,1,wk inc flu hosp,quantile,42
2026-02-14,0.2,720.3471241266421,2026-02-07,1,wk inc flu hosp,quantile,42
2026-02-14,0.25,765.779318498439,2026-02-07,1,wk inc flu hosp,quantile,42
2026-02-14,0.3,809.1107227809566,2026-02-07,1,wk inc flu hosp,quantile,42
2026-02-14,0.35,851.6007535081388,2026-02-07,1,wk inc flu hosp,quantile,42
2026-02-14,0.4,893.8198722255199,2026-02-07,1,wk inc flu hosp,quantile,42
2026-02-14,0.45,936.8317332182904,2026-02-07,1,wk inc flu hosp,quantile,42
2026-02-14,0.5,981.1164802955051,2026-02-07,1,wk inc flu hosp,quantile,42
2026-02-14,0.55,1027.363517976158,2026-02-07,1,wk inc flu hosp,quantile,42
2026-02-14,0.6,1076.5193193387677,2026-02-07,1,wk inc flu hosp,quantile,42
2026-02-14,0.65,1129.6795372374127,2026-02-07,1,wk inc flu hosp,quantile,42
2026-02-14,0.7,1188.8988336943614,2026-02-07,1,wk inc flu hosp,quantile,42
2026-02-14,0.75,1255.7052159162693,2026-02-07,1,wk inc flu hosp,quantile,42
2026-02-14,0.8,1334.7785308131085,2026-02-07,1,wk inc flu hosp,quantile,42
2026-02-14,0.85,1434.7064923617138,2026-02-07,1,wk inc flu hosp,quantile,42
2026-02-14,0.9,1570.0414228810514,2026-02-07,1,wk inc flu hosp,quantile,42
2026-02-14,0.95,1793.404329706429,2026-02-07,1,wk inc flu hosp,quantile,42
2026-02-14,0.975,2013.5015207001304,2026-02-07,1,wk inc flu hosp,quantile,42
2026-02-14,0.99,2302.8238883483764,2026-02-07,1,wk inc flu hosp,quantile,42
2026-02-14,0.01,55.282628049898015,2026-02-07,1,wk inc flu hosp,quantile,72
2026-02-14,0.025,66.85394260618769,2026-02-07,1,wk inc flu hosp,quantile,72
2026-02-14,0.05,78.76134543553353,2026-02-07,1,wk inc flu hosp,quantile,72
2026-02-14,0.1,95.07617898096461,2026-02-07,1,wk inc flu hosp,quantile,72
2026-02-14,0.15,107.83844115870487,2026-02-07,1,wk inc flu hosp,quantile,72
2026-02-14,0.2,119.34769733396138,2026-02-07,1,wk inc flu hosp,quantile,72
2026-02-14,0.25,130.11712630075962,2026-02-07,1,wk inc flu hosp,quantile,72
2026-02-14,0.3,140.6374556096999,2026-02-07,1,wk inc flu hosp,quantile,72
2026-02-14,0.35,151.18187477830674,2026-02-07,1,wk inc flu hosp,quantile,72
2026-02-14,0.4,161.87636185550892,2026-02-07,1,wk inc flu hosp,quantile,72
2026-02-14,0.45,172.9881032204415,2026-02-07,1,wk inc flu hosp,quantile,72
2026-02-14,0.5,184.65069765198,2026-02-07,1,wk inc flu hosp,quantile,72
2026-02-14,0.55,197.06404822034068,2026-02-07,1,wk inc flu hosp,quantile,72
2026-02-14,0.6,210.5131897640145,2026-02-07,1,wk inc flu hosp,quantile,72
2026-02-14,0.65,225.34569147879512,2026-02-07,1,wk inc flu hosp,quantile,72
2026-02-14,0.7,242.21090020077392,2026-02-07,1,wk inc flu hosp,quantile,72
2026-02-14,0.75,261.656816939503,2026-02-07,1,wk inc flu hosp,quantile,72
2026-02-14,0.8,285.2302334778199,2026-02-07,1,wk inc flu hosp,quantile,72
2026-02-14,0.85,315.8530507372675,2026-02-07,1,wk inc flu hosp,quantile,72
2026-02-14,0.9,358.7438333890699,2026-02-07,1,wk inc flu hosp,quantile,72
2026-02-14,0.95,432.8969627108869,2026-02-07,1,wk inc flu hosp,quantile,72
2026-02-14,0.975,509.79989531357046,2026-02-07,1,wk inc flu hosp,quantile,72
2026-02-14,0.99,616.2614055036196,2026-02-07,1,wk inc flu hosp,quantile,72
2026-02-14,0.01,9.463144708317413,2026-02-07,1,wk inc flu hosp,quantile,44
2026-02-14,0.025,11.50551658557971,2026-02-07,1,wk inc flu hosp,quantile,44
2026-02-14,0.05,13.617699327039725,2026-02-07,1,wk inc flu hosp,quantile,44
2026-02-14,0.1,16.526184557683234,2026-02-07,1,wk inc flu hosp,quantile,44
2026-02-14,0.15,18.811360195047715,2026-02-07,1,wk inc flu hosp,quantile,44
2026-02-14,0.2,20.878779093904697,2026-02-07,1,wk inc flu hosp,quantile,44
2026-02-14,0.25,22.818428852017387,2026-02-07,1,wk inc flu hosp,quantile,44
2026-02-14,0.3,24.717606921588914,2026-02-07,1,wk inc flu hosp,quantile,44
2026-02-14,0.35,26.625169781296197,2026-02-07,1,wk inc flu hosp,quantile,44
2026-02-14,0.4,28.563726837647586,2026-02-07,1,wk inc flu hosp,quantile,44
2026-02-14,0.45,30.58175504834582,2026-02-07,1,wk inc flu hosp,quantile,44
2026-02-14,0.5,32.70376697692777,2026-02-07,1,wk inc flu hosp,quantile,44
2026-02-14,0.55,34.96654106188451,2026-02-07,1,wk inc flu hosp,quantile,44
2026-02-14,0.6,37.422670137926104,2026-02-07,1,wk inc flu hosp,quantile,44
2026-02-14,0.65,40.13657232604071,2026-02-07,1,wk inc flu hosp,quantile,44
2026-02-14,0.7,43.22852424355146,2026-02-07,1,wk inc flu hosp,quantile,44
2026-02-14,0.75,46.80114499960797,2026-02-07,1,wk inc flu hosp,quantile,44
2026-02-14,0.8,51.14210428447531,2026-02-07,1,wk inc flu hosp,quantile,44
2026-02-14,0.85,56.79624283129601,2026-02-07,1,wk inc flu hosp,quantile,44
2026-02-14,0.9,64.74132420322836,2026-02-07,1,wk inc flu hosp,quantile,44
2026-02-14,0.95,78.53937807941524,2026-02-07,1,wk inc flu hosp,quantile,44
2026-02-14,0.975,92.92003142710338,2026-02-07,1,wk inc flu hosp,quantile,44
2026-02-14,0.99,112.92808986801201,2026-02-07,1,wk inc flu hosp,quantile,44
2026-02-14,0.01,53.16759959531386,2026-02-07,1,wk inc flu hosp,quantile,45
2026-02-14,0.025,65.06645380465162,2026-02-07,1,wk inc flu hosp,quantile,45
2026-02-14,0.05,77.44683331516572,2026-02-07,1,wk inc flu hosp,quantile,45
2026-02-14,0.1,94.59869402165457,2026-02-07,1,wk inc flu hosp,quantile,45
2026-02-14,0.15,108.14702288895535,2026-02-07,1,wk inc flu hosp,quantile,45
2026-02-14,0.2,120.45214158328412,2026-02-07,1,wk inc flu hosp,quantile,45
2026-02-14,0.25,132.03404346203823,2026-02-07,1,wk inc flu hosp,quantile,45
2026-02-14,0.3,143.4062985924367,2026-02-07,1,wk inc flu hosp,quantile,45
2026-02-14,0.35,154.8582525316465,2026-02-07,1,wk inc flu hosp,quantile,45
2026-02-14,0.4,166.52444838831866,2026-02-07,1,wk inc flu hosp,quantile,45
2026-02-14,0.45,178.69706918078424,2026-02-07,1,wk inc flu hosp,quantile,45
2026-02-14,0.5,191.5259215802207,2026-02-07,1,wk inc flu hosp,quantile,45
2026-02-14,0.55,205.23646169353495,2026-02-07,1,wk inc flu hosp,quantile,45
2026-02-14,0.6,220.1521715792921,2026-02-07,1,wk inc flu hosp,quantile,45
2026-02-14,0.65,236.67137484195453,2026-02-07,1,wk inc flu hosp,quantile,45
2026-02-14,0.7,255.53721524989655,2026-02-07,1,wk inc flu hosp,quantile,45
2026-02-14,0.75,277.3920414266336,2026-02-07,1,wk inc flu hosp,quantile,45
2026-02-14,0.8,304.0219306889676,2026-02-07,1,wk inc flu hosp,quantile,45
2026-02-14,0.85,338.82040131372054,2026-02-07,1,wk inc flu hosp,quantile,45
2026-02-14,0.9,387.9126163165241,2026-02-07,1,wk inc flu hosp,quantile,45
2026-02-14,0.95,473.6384490515872,2026-02-07,1,wk inc flu hosp,quantile,45
2026-02-14,0.975,563.5232903327678,2026-02-07,1,wk inc flu hosp,quantile,45
2026-02-14,0.99,689.3471619770957,2026-02-07,1,wk inc flu hosp,quantile,45
2026-02-14,0.01,12.319252577463777,2026-02-07,1,wk inc flu hosp,quantile,46
2026-02-14,0.025,14.924395346006198,2026-02-07,1,wk inc flu hosp,quantile,46
2026-02-14,0.05,17.609637985814597,2026-02-07,1,wk inc flu hosp,quantile,46
2026-02-14,0.1,21.294907133442926,2026-02-07,1,wk inc flu hosp,quantile,46
2026-02-14,0.15,24.1819113478647,2026-02-07,1,wk inc flu hosp,quantile,46
2026-02-14,0.2,26.78823359524061,2026-02-07,1,wk inc flu hosp,quantile,46
2026-02-14,0.25,29.22916180655641,2026-02-07,1,wk inc flu hosp,quantile,46
2026-02-14,0.3,31.615464023818234,2026-02-07,1,wk inc flu hosp,quantile,46
2026-02-14,0.35,34.008912331370496,2026-02-07,1,wk inc flu hosp,quantile,46
2026-02-14,0.4,36.438024532854115,2026-02-07,1,wk inc flu hosp,quantile,46
2026-02-14,0.45,38.96350510905049,2026-02-07,1,wk inc flu hosp,quantile,46
2026-02-14,0.5,41.61582002494332,2026-02-07,1,wk inc flu hosp,quantile,46
2026-02-14,0.55,44.44059776351288,2026-02-07,1,wk inc flu hosp,quantile,46
2026-02-14,0.6,47.502961720081636,2026-02-07,1,wk inc flu hosp,quantile,46
2026-02-14,0.65,50.88244138183859,2026-02-07,1,wk inc flu hosp,quantile,46
2026-02-14,0.7,54.727588599321294,2026-02-07,1,wk inc flu hosp,quantile,46
2026-02-14,0.75,59.1642283427885,2026-02-07,1,wk inc flu hosp,quantile,46
2026-02-14,0.8,64.54669940852587,2026-02-07,1,wk inc flu hosp,quantile,46
2026-02-14,0.85,71.54493669046074,2026-02-07,1,wk inc flu hosp,quantile,46
2026-02-14,0.9,81.3573638069589,2026-02-07,1,wk inc flu hosp,quantile,46
2026-02-14,0.95,98.3472464594542,2026-02-07,1,wk inc flu hosp,quantile,46
2026-02-14,0.975,115.99609964662507,2026-02-07,1,wk inc flu hosp,quantile,46
2026-02-14,0.99,140.46917535644613,2026-02-07,1,wk inc flu hosp,quantile,46
2026-02-14,0.01,113.30810266212143,2026-02-07,1,wk inc flu hosp,quantile,47
2026-02-14,0.025,130.84361645239284,2026-02-07,1,wk inc flu hosp,quantile,47
2026-02-14,0.05,148.1320669346428,2026-02-07,1,wk inc flu hosp,quantile,47
2026-02-14,0.1,170.8245513072649,2026-02-07,1,wk inc flu hosp,quantile,47
2026-02-14,0.15,187.91708674397762,2026-02-07,1,wk inc flu hosp,quantile,47
2026-02-14,0.2,202.9131750449259,2026-02-07,1,wk inc flu hosp,quantile,47
2026-02-14,0.25,216.62958621676233,2026-02-07,1,wk inc flu hosp,quantile,47
2026-02-14,0.3,229.7646165943864,2026-02-07,1,wk inc flu hosp,quantile,47
2026-02-14,0.35,242.69219296204528,2026-02-07,1,wk inc flu hosp,quantile,47
2026-02-14,0.4,255.58183629192138,2026-02-07,1,wk inc flu hosp,quantile,47
2026-02-14,0.45,268.75708760319543,2026-02-07,1,wk inc flu hosp,quantile,47
2026-02-14,0.5,282.3662296828055,2026-02-07,1,wk inc flu hosp,quantile,47
2026-02-14,0.55,296.62402561023674,2026-02-07,1,wk inc flu hosp,quantile,47
2026-02-14,0.6,311.8275277131636,2026-02-07,1,wk inc flu hosp,quantile,47
2026-02-14,0.65,328.3239018816784,2026-02-07,1,wk inc flu hosp,quantile,47
2026-02-14,0.7,346.7640326866079,2026-02-07,1,wk inc flu hosp,quantile,47
2026-02-14,0.75,367.6433146999261,2026-02-07,1,wk inc flu hosp,quantile,47
2026-02-14,0.8,392.456119148951,2026-02-07,1,wk inc flu hosp,quantile,47
2026-02-14,0.85,423.9588066216659,2026-02-07,1,wk inc flu hosp,quantile,47
2026-02-14,0.9,466.86574885665794,2026-02-07,1,wk inc flu hosp,quantile,47
2026-02-14,0.95,538.2365876560469,2026-02-07,1,wk inc flu hosp,quantile,47
2026-02-14,0.975,609.1726106763466,2026-02-07,1,wk inc flu hosp,quantile,47
2026-02-14,0.99,703.235637265114,2026-02-07,1,wk inc flu hosp,quantile,47
2026-02-14,0.01,133.19067986197854,2026-02-07,1,wk inc flu hosp,quantile,48
2026-02-14,0.025,183.7791063419333,2026-02-07,1,wk inc flu hosp,quantile,48
2026-02-14,0.05,242.5981112172063,2026-02-07,1,wk inc flu hosp,quantile,48
2026-02-14,0.1,333.7250412959607,2026-02-07,1,wk inc flu hosp,quantile,48
2026-02-14,0.15,413.1001357958339,2026-02-07,1,wk inc flu hosp,quantile,48
2026-02-14,0.2,490.5249469487916,2026-02-07,1,wk inc flu hosp,quantile,48
2026-02-14,0.25,567.834473535812,2026-02-07,1,wk inc flu hosp,quantile,48
2026-02-14,0.3,647.7735775253581,2026-02-07,1,wk inc flu hosp,quantile,48
2026-02-14,0.35,732.1727536588778,2026-02-07,1,wk inc flu hosp,quantile,48
2026-02-14,0.4,822.0507106979554,2026-02-07,1,wk inc flu hosp,quantile,48
2026-02-14,0.45,919.903337277097,2026-02-07,1,wk inc flu hosp,quantile,48
2026-02-14,0.5,1027.4057895054368,2026-02-07,1,wk inc flu hosp,quantile,48
2026-02-14,0.55,1147.1210078004044,2026-02-07,1,wk inc flu hosp,quantile,48
2026-02-14,0.6,1282.862961781228,2026-02-07,1,wk inc flu hosp,quantile,48
2026-02-14,0.65,1439.7019643173012,2026-02-07,1,wk inc flu hosp,quantile,48
2026-02-14,0.7,1626.9377773905378,2026-02-07,1,wk inc flu hosp,quantile,48
2026-02-14,0.75,1854.3251796857335,2026-02-07,1,wk inc flu hosp,quantile,48
2026-02-14,0.8,2146.1008925388714,2026-02-07,1,wk inc flu hosp,quantile,48
2026-02-14,0.85,2550.808398183175,2026-02-07,1,wk inc flu hosp,quantile,48
2026-02-14,0.9,3164.8748405776755,2026-02-07,1,wk inc flu hosp,quantile,48
2026-02-14,0.95,4351.00335636123,2026-02-07,1,wk inc flu hosp,quantile,48
2026-02-14,0.975,5739.726394042266,2026-02-07,1,wk inc flu hosp,quantile,48
2026-02-14,0.99,7914.4406669266045,2026-02-07,1,wk inc flu hosp,quantile,48
2026-02-14,0.01,17.764704283576464,2026-02-07,1,wk inc flu hosp,quantile,49
2026-02-14,0.025,21.50360815423353,2026-02-07,1,wk inc flu hosp,quantile,49
2026-02-14,0.05,25.354518705443226,2026-02-07,1,wk inc flu hosp,quantile,49
2026-02-14,0.1,30.63550579049167,2026-02-07,1,wk inc flu hosp,quantile,49
2026-02-14,0.15,34.76978326368572,2026-02-07,1,wk inc flu hosp,quantile,49
2026-02-14,0.2,38.50027808349436,2026-02-07,1,wk inc flu hosp,quantile,49
2026-02-14,0.25,41.992617089653876,2026-02-07,1,wk inc flu hosp,quantile,49
2026-02-14,0.3,45.40558349408779,2026-02-07,1,wk inc flu hosp,quantile,49
2026-02-14,0.35,48.82765453083538,2026-02-07,1,wk inc flu hosp,quantile,49
2026-02-14,0.4,52.299655052632104,2026-02-07,1,wk inc flu hosp,quantile,49
2026-02-14,0.45,55.90834036045596,2026-02-07,1,wk inc flu hosp,quantile,49
2026-02-14,0.5,59.69717590491039,2026-02-07,1,wk inc flu hosp,quantile,49
2026-02-14,0.55,63.731231426549016,2026-02-07,1,wk inc flu hosp,quantile,49
2026-02-14,0.6,68.10333617790168,2026-02-07,1,wk inc flu hosp,quantile,49
2026-02-14,0.65,72.92677611884737,2026-02-07,1,wk inc flu hosp,quantile,49
2026-02-14,0.7,78.41317570302525,2026-02-07,1,wk inc flu hosp,quantile,49
2026-02-14,0.75,84.74148056475065,2026-02-07,1,wk inc flu hosp,quantile,49
2026-02-14,0.8,92.41616050561117,2026-02-07,1,wk inc flu hosp,quantile,49
2026-02-14,0.85,102.39061048101792,2026-02-07,1,wk inc flu hosp,quantile,49
2026-02-14,0.9,116.36906689737809,2026-02-07,1,wk inc flu hosp,quantile,49
2026-02-14,0.95,140.55553093327583,2026-02-07,1,wk inc flu hosp,quantile,49
2026-02-14,0.975,165.66097577374245,2026-02-07,1,wk inc flu hosp,quantile,49
2026-02-14,0.99,200.44701085102363,2026-02-07,1,wk inc flu hosp,quantile,49
2026-02-14,0.01,5.7478946300156775,2026-02-07,1,wk inc flu hosp,quantile,50
2026-02-14,0.025,6.973188398458418,2026-02-07,1,wk inc flu hosp,quantile,50
2026-02-14,0.05,8.237802373497912,2026-02-07,1,wk inc flu hosp,quantile,50
2026-02-14,0.1,9.975648593205657,2026-02-07,1,wk inc flu hosp,quantile,50
2026-02-14,0.15,11.338626080192,2026-02-07,1,wk inc flu hosp,quantile,50
2026-02-14,0.2,12.570121696087444,2026-02-07,1,wk inc flu hosp,quantile,50
2026-02-14,0.25,13.724267019495057,2026-02-07,1,wk inc flu hosp,quantile,50
2026-02-14,0.3,14.853267341806433,2026-02-07,1,wk inc flu hosp,quantile,50
2026-02-14,0.35,15.98627628736113,2026-02-07,1,wk inc flu hosp,quantile,50
2026-02-14,0.4,17.136765381506656,2026-02-07,1,wk inc flu hosp,quantile,50
2026-02-14,0.45,18.333492690042938,2026-02-07,1,wk inc flu hosp,quantile,50
2026-02-14,0.5,19.590933463443463,2026-02-07,1,wk inc flu hosp,quantile,50
2026-02-14,0.55,20.930782656397604,2026-02-07,1,wk inc flu hosp,quantile,50
2026-02-14,0.6,22.38402791433057,2026-02-07,1,wk inc flu hosp,quantile,50
2026-02-14,0.65,23.988555974826298,2026-02-07,1,wk inc flu hosp,quantile,50
2026-02-14,0.7,25.815123703260582,2026-02-07,1,wk inc flu hosp,quantile,50
2026-02-14,0.75,27.92383449690698,2026-02-07,1,wk inc flu hosp,quantile,50
2026-02-14,0.8,30.483642676812227,2026-02-07,1,wk inc flu hosp,quantile,50
2026-02-14,0.85,33.814203649295365,2026-02-07,1,wk inc flu hosp,quantile,50
2026-02-14,0.9,38.48805483196485,2026-02-07,1,wk inc flu hosp,quantile,50
2026-02-14,0.95,46.59020040781418,2026-02-07,1,wk inc flu hosp,quantile,50
2026-02-14,0.975,55.01749130462145,2026-02-07,1,wk inc flu hosp,quantile,50
2026-02-14,0.99,66.71866772747337,2026-02-07,1,wk inc flu hosp,quantile,50
2026-02-14,0.01,131.25537510298733,2026-02-07,1,wk inc flu hosp,quantile,51
2026-02-14,0.025,152.21643942679123,2026-02-07,1,wk inc flu hosp,quantile,51
2026-02-14,0.05,172.96417005855298,2026-02-07,1,wk inc flu hosp,quantile,51
2026-02-14,0.1,200.30543725204961,2026-02-07,1,wk inc flu hosp,quantile,51
2026-02-14,0.15,220.97172911679445,2026-02-07,1,wk inc flu hosp,quantile,51
2026-02-14,0.2,239.14942780209665,2026-02-07,1,wk inc flu hosp,quantile,51
2026-02-14,0.25,255.81096703079052,2026-02-07,1,wk inc flu hosp,quantile,51
2026-02-14,0.3,271.79568489131407,2026-02-07,1,wk inc flu hosp,quantile,51
2026-02-14,0.35,287.55444110330353,2026-02-07,1,wk inc flu hosp,quantile,51
2026-02-14,0.4,303.2917689823138,2026-02-07,1,wk inc flu hosp,quantile,51
2026-02-14,0.45,319.4021439947187,2026-02-07,1,wk inc flu hosp,quantile,51
2026-02-14,0.5,336.06767162435796,2026-02-07,1,wk inc flu hosp,quantile,51
2026-02-14,0.55,353.5530849316975,2026-02-07,1,wk inc flu hosp,quantile,51
2026-02-14,0.6,372.2257459174196,2026-02-07,1,wk inc flu hosp,quantile,51
2026-02-14,0.65,392.51681719817634,2026-02-07,1,wk inc flu hosp,quantile,51
2026-02-14,0.7,415.23452771805756,2026-02-07,1,wk inc flu hosp,quantile,51
2026-02-14,0.75,441.0004010101416,2026-02-07,1,wk inc flu hosp,quantile,51
2026-02-14,0.8,471.67670524067967,2026-02-07,1,wk inc flu hosp,quantile,51
2026-02-14,0.85,510.7063200086233,2026-02-07,1,wk inc flu hosp,quantile,51
2026-02-14,0.9,564.0024507521833,2026-02-07,1,wk inc flu hosp,quantile,51
2026-02-14,0.95,652.9711914223651,2026-02-07,1,wk inc flu hosp,quantile,51
2026-02-14,0.975,741.7462879575755,2026-02-07,1,wk inc flu hosp,quantile,51
2026-02-14,0.99,859.9335384821281,2026-02-07,1,wk inc flu hosp,quantile,51
2026-02-14,0.01,76.52995522064178,2026-02-07,1,wk inc flu hosp,quantile,53
2026-02-14,0.025,92.20734465046914,2026-02-07,1,wk inc flu hosp,quantile,53
2026-02-14,0.05,108.2849206181427,2026-02-07,1,wk inc flu hosp,quantile,53
2026-02-14,0.1,130.23791781831062,2026-02-07,1,wk inc flu hosp,quantile,53
2026-02-14,0.15,147.3588055550801,2026-02-07,1,wk inc flu hosp,quantile,53
2026-02-14,0.2,162.76481428479684,2026-02-07,1,wk inc flu hosp,quantile,53
2026-02-14,0.25,177.15428694364817,2026-02-07,1,wk inc flu hosp,quantile,53
2026-02-14,0.3,191.1885536962886,2026-02-07,1,wk inc flu hosp,quantile,53
2026-02-14,0.35,205.2344778800658,2026-02-07,1,wk inc flu hosp,quantile,53
2026-02-14,0.4,219.4608570319203,2026-02-07,1,wk inc flu hosp,quantile,53
2026-02-14,0.45,234.2229534704393,2026-02-07,1,wk inc flu hosp,quantile,53
2026-02-14,0.5,249.69706110514076,2026-02-07,1,wk inc flu hosp,quantile,53
2026-02-14,0.55,266.14643981879095,2026-02-07,1,wk inc flu hosp,quantile,53
2026-02-14,0.6,283.94568974488914,2026-02-07,1,wk inc flu hosp,quantile,53
2026-02-14,0.65,303.5501699190117,2026-02-07,1,wk inc flu hosp,quantile,53
2026-02-14,0.7,325.8109435168676,2026-02-07,1,wk inc flu hosp,quantile,53
2026-02-14,0.75,351.4407819992266,2026-02-07,1,wk inc flu hosp,quantile,53
2026-02-14,0.8,382.4612911159176,2026-02-07,1,wk inc flu hosp,quantile,53
2026-02-14,0.85,422.68433768921705,2026-02-07,1,wk inc flu hosp,quantile,53
2026-02-14,0.9,478.8954130966881,2026-02-07,1,wk inc flu hosp,quantile,53
2026-02-14,0.95,575.7775413761912,2026-02-07,1,wk inc flu hosp,quantile,53
2026-02-14,0.975,675.9111498563617,2026-02-07,1,wk inc flu hosp,quantile,53
2026-02-14,0.99,814.0553152695447,2026-02-07,1,wk inc flu hosp,quantile,53
2026-02-14,0.01,30.16584489720227,2026-02-07,1,wk inc flu hosp,quantile,54
2026-02-14,0.025,37.32874832703727,2026-02-07,1,wk inc flu hosp,quantile,54
2026-02-14,0.05,44.85854283971793,2026-02-07,1,wk inc flu hosp,quantile,54
2026-02-14,0.1,55.39862336096703,2026-02-07,1,wk inc flu hosp,quantile,54
2026-02-14,0.15,63.800106929333964,2026-02-07,1,wk inc flu hosp,quantile,54
2026-02-14,0.2,71.48123557282993,2026-02-07,1,wk inc flu hosp,quantile,54
2026-02-14,0.25,78.75054253700208,2026-02-07,1,wk inc flu hosp,quantile,54
2026-02-14,0.3,85.92248830447969,2026-02-07,1,wk inc flu hosp,quantile,54
2026-02-14,0.35,93.17636202694015,2026-02-07,1,wk inc flu hosp,quantile,54
2026-02-14,0.4,100.59631416094068,2026-02-07,1,wk inc flu hosp,quantile,54
2026-02-14,0.45,108.36885762773662,2026-02-07,1,wk inc flu hosp,quantile,54
2026-02-14,0.5,116.5919466291098,2026-02-07,1,wk inc flu hosp,quantile,54
2026-02-14,0.55,125.41366795829819,2026-02-07,1,wk inc flu hosp,quantile,54
2026-02-14,0.6,135.04761981512627,2026-02-07,1,wk inc flu hosp,quantile,54
2026-02-14,0.65,145.75911507043344,2026-02-07,1,wk inc flu hosp,quantile,54
2026-02-14,0.7,158.04245012768084,2026-02-07,1,wk inc flu hosp,quantile,54
2026-02-14,0.75,172.33411676853856,2026-02-07,1,wk inc flu hosp,quantile,54
2026-02-14,0.8,189.8317986060926,2026-02-07,1,wk inc flu hosp,quantile,54
2026-02-14,0.85,212.82313093558776,2026-02-07,1,wk inc flu hosp,quantile,54
2026-02-14,0.9,245.47714418324458,2026-02-07,1,wk inc flu hosp,quantile,54
2026-02-14,0.95,303.0310919534653,2026-02-07,1,wk inc flu hosp,quantile,54
2026-02-14,0.975,363.9966127901195,2026-02-07,1,wk inc flu hosp,quantile,54
2026-02-14,0.99,450.22666078574645,2026-02-07,1,wk inc flu hosp,quantile,54
2026-02-14,0.01,66.75628778098363,2026-02-07,1,wk inc flu hosp,quantile,55
2026-02-14,0.025,80.88398230339925,2026-02-07,1,wk inc flu hosp,quantile,55
2026-02-14,0.05,95.44786058162846,2026-02-07,1,wk inc flu hosp,quantile,55
2026-02-14,0.1,115.4380375502215,2026-02-07,1,wk inc flu hosp,quantile,55
2026-02-14,0.15,131.09985860350744,2026-02-07,1,wk inc flu hosp,quantile,55
2026-02-14,0.2,145.2401213109602,2026-02-07,1,wk inc flu hosp,quantile,55
2026-02-14,0.25,158.48393123843218,2026-02-07,1,wk inc flu hosp,quantile,55
2026-02-14,0.3,171.43210059305753,2026-02-07,1,wk inc flu hosp,quantile,55
2026-02-14,0.35,184.41972852331642,2026-02-07,1,wk inc flu hosp,quantile,55
2026-02-14,0.4,197.6015308509412,2026-02-07,1,wk inc flu hosp,quantile,55
2026-02-14,0.45,211.30693325888677,2026-02-07,1,wk inc flu hosp,quantile,55
2026-02-14,0.5,225.70131166149,2026-02-07,1,wk inc flu hosp,quantile,55
2026-02-14,0.55,241.0323644633675,2026-02-07,1,wk inc flu hosp,quantile,55
2026-02-14,0.6,257.65364554621067,2026-02-07,1,wk inc flu hosp,quantile,55
2026-02-14,0.65,275.9969672830204,2026-02-07,1,wk inc flu hosp,quantile,55
2026-02-14,0.7,296.8688930509397,2026-02-07,1,wk inc flu hosp,quantile,55
2026-02-14,0.75,320.9527764411614,2026-02-07,1,wk inc flu hosp,quantile,55
2026-02-14,0.8,350.1726964365537,2026-02-07,1,wk inc flu hosp,quantile,55
2026-02-14,0.85,388.1666741167685,2026-02-07,1,wk inc flu hosp,quantile,55
2026-02-14,0.9,441.4434163220768,2026-02-07,1,wk inc flu hosp,quantile,55
2026-02-14,0.95,533.7005916425358,2026-02-07,1,wk inc flu hosp,quantile,55
2026-02-14,0.975,629.5478360502822,2026-02-07,1,wk inc flu hosp,quantile,55
2026-02-14,0.99,762.4725659392983,2026-02-07,1,wk inc flu hosp,quantile,55
2026-02-14,0.01,3.349073287207981,2026-02-07,1,wk inc flu hosp,quantile,56
2026-02-14,0.025,4.1657968438345145,2026-02-07,1,wk inc flu hosp,quantile,56
2026-02-14,0.05,5.02847711720873,2026-02-07,1,wk inc flu hosp,quantile,56
2026-02-14,0.1,6.241867948089527,2026-02-07,1,wk inc flu hosp,quantile,56
2026-02-14,0.15,7.2131540150185165,2026-02-07,1,wk inc flu hosp,quantile,56
2026-02-14,0.2,8.103898522491615,2026-02-07,1,wk inc flu hosp,quantile,56
2026-02-14,0.25,8.949036131291837,2026-02-07,1,wk inc flu hosp,quantile,56
2026-02-14,0.3,9.784715215907328,2026-02-07,1,wk inc flu hosp,quantile,56
2026-02-14,0.35,10.631665741171666,2026-02-07,1,wk inc flu hosp,quantile,56
2026-02-14,0.4,11.499665140665531,2026-02-07,1,wk inc flu hosp,quantile,56
2026-02-14,0.45,12.410578712307368,2026-02-07,1,wk inc flu hosp,quantile,56
2026-02-14,0.5,13.376021344016895,2026-02-07,1,wk inc flu hosp,quantile,56
2026-02-14,0.55,14.413584608512295,2026-02-07,1,wk inc flu hosp,quantile,56
2026-02-14,0.6,15.548700614948212,2026-02-07,1,wk inc flu hosp,quantile,56
2026-02-14,0.65,16.8130829993352,2026-02-07,1,wk inc flu hosp,quantile,56
2026-02-14,0.7,18.26577611994793,2026-02-07,1,wk inc flu hosp,quantile,56
2026-02-14,0.75,19.959426984314025,2026-02-07,1,wk inc flu hosp,quantile,56
2026-02-14,0.8,22.037634919971953,2026-02-07,1,wk inc flu hosp,quantile,56
2026-02-14,0.85,24.775348401515988,2026-02-07,1,wk inc flu hosp,quantile,56
2026-02-14,0.9,28.675860203053777,2026-02-07,1,wk inc flu hosp,quantile,56
2026-02-14,0.95,35.580541947891284,2026-02-07,1,wk inc flu hosp,quantile,56
2026-02-14,0.975,42.92939006908811,2026-02-07,1,wk inc flu hosp,quantile,56
2026-02-14,0.99,53.37395390307553,2026-02-07,1,wk inc flu hosp,quantile,56
2026-02-21,0.01,51.33153968790693,2026-02-07,2,wk inc flu hosp,quantile,01
2026-02-21,0.025,64.28224128670789,2026-02-07,2,wk inc flu hosp,quantile,01
2026-02-21,0.05,78.0475447363046,2026-02-07,2,wk inc flu hosp,quantile,01
2026-02-21,0.1,97.53105381921047,2026-02-07,2,wk inc flu hosp,quantile,01
2026-02-21,0.15,113.21333012968323,2026-02-07,2,wk inc flu hosp,quantile,01
2026-02-21,0.2,127.65313433185501,2026-02-07,2,wk inc flu hosp,quantile,01
2026-02-21,0.25,141.39927000590293,2026-02-07,2,wk inc flu hosp,quantile,01
2026-02-21,0.3,155.03119905680535,2026-02-07,2,wk inc flu hosp,quantile,01
2026-02-21,0.35,168.88383865594747,2026-02-07,2,wk inc flu hosp,quantile,01
2026-02-21,0.4,183.11624953363227,2026-02-07,2,wk inc flu hosp,quantile,01
2026-02-21,0.45,198.08810472278086,2026-02-07,2,wk inc flu hosp,quantile,01
2026-02-21,0.5,213.99335522446177,2026-02-07,2,wk inc flu hosp,quantile,01
2026-02-21,0.55,231.12638516055623,2026-02-07,2,wk inc flu hosp,quantile,01
2026-02-21,0.6,249.91399770547557,2026-02-07,2,wk inc flu hosp,quantile,01
2026-02-21,0.65,270.8910814606068,2026-02-07,2,wk inc flu hosp,quantile,01
2026-02-21,0.7,295.0525771771005,2026-02-07,2,wk inc flu hosp,quantile,01
2026-02-21,0.75,323.29668574852025,2026-02-07,2,wk inc flu hosp,quantile,01
2026-02-21,0.8,358.0548512081605,2026-02-07,2,wk inc flu hosp,quantile,01
2026-02-21,0.85,403.9971756973409,2026-02-07,2,wk inc flu hosp,quantile,01
2026-02-21,0.9,469.7213133272271,2026-02-07,2,wk inc flu hosp,quantile,01
2026-02-21,0.95,586.7273201287452,2026-02-07,2,wk inc flu hosp,quantile,01
2026-02-21,0.975,712.0364726232413,2026-02-07,2,wk inc flu hosp,quantile,01
2026-02-21,0.99,891.2592084468473,2026-02-07,2,wk inc flu hosp,quantile,01
2026-02-21,0.01,5.907350475466552,2026-02-07,2,wk inc flu hosp,quantile,02
2026-02-21,0.025,7.300800823002006,2026-02-07,2,wk inc flu hosp,quantile,02
2026-02-21,0.05,8.76390645382661,2026-02-07,2,wk inc flu hosp,quantile,02
2026-02-21,0.1,10.809523997417624,2026-02-07,2,wk inc flu hosp,quantile,02
2026-02-21,0.15,12.438396031885752,2026-02-07,2,wk inc flu hosp,quantile,02
2026-02-21,0.2,13.926483423247134,2026-02-07,2,wk inc flu hosp,quantile,02
2026-02-21,0.25,15.333908674148867,2026-02-07,2,wk inc flu hosp,quantile,02
2026-02-21,0.3,16.721725417098064,2026-02-07,2,wk inc flu hosp,quantile,02
2026-02-21,0.35,18.124694668986336,2026-02-07,2,wk inc flu hosp,quantile,02
2026-02-21,0.4,19.559113038813525,2026-02-07,2,wk inc flu hosp,quantile,02
2026-02-21,0.45,21.061019688462345,2026-02-07,2,wk inc flu hosp,quantile,02
2026-02-21,0.5,22.649289506034556,2026-02-07,2,wk inc flu hosp,quantile,02
2026-02-21,0.55,24.352443921361257,2026-02-07,2,wk inc flu hosp,quantile,02
2026-02-21,0.6,26.211598051900374,2026-02-07,2,wk inc flu hosp,quantile,02
2026-02-21,0.65,28.277771800011546,2026-02-07,2,wk inc flu hosp,quantile,02
2026-02-21,0.7,30.64603445473455,2026-02-07,2,wk inc flu hosp,quantile,02
2026-02-21,0.75,33.40013632019842,2026-02-07,2,wk inc flu hosp,quantile,02
2026-02-21,0.8,36.770219361025184,2026-02-07,2,wk inc flu hosp,quantile,02
2026-02-21,0.85,41.195603347526166,2026-02-07,2,wk inc flu hosp,quantile,02
2026-02-21,0.9,47.476040974160625,2026-02-07,2,wk inc flu hosp,quantile,02
2026-02-21,0.95,58.53379836327506,2026-02-07,2,wk inc flu hosp,quantile,02
2026-02-21,0.975,70.23336818788127,2026-02-07,2,wk inc flu hosp,quantile,02
2026-02-21,0.99,86.76175841605169,2026-02-07,2,wk inc flu hosp,quantile,02
2026-02-21,0.01,47.039292696995645,2026-02-07,2,wk inc flu hosp,quantile,04
2026-02-21,0.025,59.214463428325125,2026-02-07,2,wk inc flu hosp,quantile,04
2026-02-21,0.05,72.21799885224769,2026-02-07,2,wk inc flu hosp,quantile,04
2026-02-21,0.1,90.71269382767841,2026-02-07,2,wk inc flu hosp,quantile,04
2026-02-21,0.15,105.66245875939427,2026-02-07,2,wk inc flu hosp,quantile,04
2026-02-21,0.2,119.47049652403678,2026-02-07,2,wk inc flu hosp,quantile,04
2026-02-21,0.25,132.64895786790882,2026-02-07,2,wk inc flu hosp,quantile,04
2026-02-21,0.3,145.74728413792826,2026-02-07,2,wk inc flu hosp,quantile,04
2026-02-21,0.35,159.08502639470794,2026-02-07,2,wk inc flu hosp,quantile,04
2026-02-21,0.4,172.81481859658874,2026-02-07,2,wk inc flu hosp,quantile,04
2026-02-21,0.45,187.28460190436064,2026-02-07,2,wk inc flu hosp,quantile,04
2026-02-21,0.5,202.68420417404008,2026-02-07,2,wk inc flu hosp,quantile,04
2026-02-21,0.55,219.3021755088959,2026-02-07,2,wk inc flu hosp,quantile,04
2026-02-21,0.6,237.55773138314584,2026-02-07,2,wk inc flu hosp,quantile,04
2026-02-21,0.65,257.97823170022536,2026-02-07,2,wk inc flu hosp,quantile,04
2026-02-21,0.7,281.54390354803854,2026-02-07,2,wk inc flu hosp,quantile,04
2026-02-21,0.75,309.14797729038474,2026-02-07,2,wk inc flu hosp,quantile,04
2026-02-21,0.8,343.1947610132723,2026-02-07,2,wk inc flu hosp,quantile,04
2026-02-21,0.85,388.3133090851581,2026-02-07,2,wk inc flu hosp,quantile,04
2026-02-21,0.9,453.0629780793404,2026-02-07,2,wk inc flu hosp,quantile,04
2026-02-21,0.95,568.8388136412574,2026-02-07,2,wk inc flu hosp,quantile,04
2026-02-21,0.975,693.4256273019455,2026-02-07,2,wk inc flu hosp,quantile,04
2026-02-21,0.99,872.4835213381157,2026-02-07,2,wk inc flu hosp,quantile,04
2026-02-21,0.01,29.605522405988655,2026-02-07,2,wk inc flu hosp,quantile,05
2026-02-21,0.025,37.11926239129804,2026-02-07,2,wk inc flu hosp,quantile,05
2026-02-21,0.05,45.114480062763306,2026-02-07,2,wk inc flu hosp,quantile,05
2026-02-21,0.1,56.44358704574188,2026-02-07,2,wk inc flu hosp,quantile,05
2026-02-21,0.15,65.57130216176486,2026-02-07,2,wk inc flu hosp,quantile,05
2026-02-21,0.2,73.98183958638506,2026-02-07,2,wk inc flu hosp,quantile,05
2026-02-21,0.25,81.99306908012423,2026-02-07,2,wk inc flu hosp,quantile,05
2026-02-21,0.3,89.94184016354507,2026-02-07,2,wk inc flu hosp,quantile,05
2026-02-21,0.35,98.02312133060599,2026-02-07,2,wk inc flu hosp,quantile,05
2026-02-21,0.4,106.32962720005492,2026-02-07,2,wk inc flu hosp,quantile,05
2026-02-21,0.45,115.07140454102182,2026-02-07,2,wk inc flu hosp,quantile,05
2026-02-21,0.5,124.36202326533454,2026-02-07,2,wk inc flu hosp,quantile,05
2026-02-21,0.55,134.37392361889053,2026-02-07,2,wk inc flu hosp,quantile,05
2026-02-21,0.6,145.35723415956988,2026-02-07,2,wk inc flu hosp,quantile,05
2026-02-21,0.65,157.62570064221921,2026-02-07,2,wk inc flu hosp,quantile,05
2026-02-21,0.7,171.76282186046214,2026-02-07,2,wk inc flu hosp,quantile,05
2026-02-21,0.75,188.29650396419993,2026-02-07,2,wk inc flu hosp,quantile,05
2026-02-21,0.8,208.65391608368776,2026-02-07,2,wk inc flu hosp,quantile,05
2026-02-21,0.85,235.5777534705774,2026-02-07,2,wk inc flu hosp,quantile,05
2026-02-21,0.9,274.1224033925954,2026-02-07,2,wk inc flu hosp,quantile,05
2026-02-21,0.95,342.8108467693247,2026-02-07,2,wk inc flu hosp,quantile,05
2026-02-21,0.975,416.4547229027443,2026-02-07,2,wk inc flu hosp,quantile,05
2026-02-21,0.99,521.9013021782991,2026-02-07,2,wk inc flu hosp,quantile,05
2026-02-21,0.01,499.57256606757653,2026-02-07,2,wk inc flu hosp,quantile,06
2026-02-21,0.025,587.2594318803467,2026-02-07,2,wk inc flu hosp,quantile,06
2026-02-21,0.05,675.1524697963303,2026-02-07,2,wk inc flu hosp,quantile,06
2026-02-21,0.1,792.446213978638,2026-02-07,2,wk inc flu hosp,quantile,06
2026-02-21,0.15,882.0949243825164,2026-02-07,2,wk inc flu hosp,quantile,06
2026-02-21,0.2,961.5881264199141,2026-02-07,2,wk inc flu hosp,quantile,06
2026-02-21,0.25,1034.939609446622,2026-02-07,2,wk inc flu hosp,quantile,06
2026-02-21,0.3,1105.7240821640241,2026-02-07,2,wk inc flu hosp,quantile,06
2026-02-21,0.35,1175.8820761490638,2026-02-07,2,wk inc flu hosp,quantile,06
2026-02-21,0.4,1246.296782031458,2026-02-07,2,wk inc flu hosp,quantile,06
2026-02-21,0.45,1318.7277491722737,2026-02-07,2,wk inc flu hosp,quantile,06
2026-02-21,0.5,1394.007138990659,2026-02-07,2,wk inc flu hosp,quantile,06
2026-02-21,0.55,1473.3578873400772,2026-02-07,2,wk inc flu hosp,quantile,06
2026-02-21,0.6,1558.4936003585517,2026-02-07,2,wk inc flu hosp,quantile,06
2026-02-21,0.65,1651.4518941892848,2026-02-07,2,wk inc flu hosp,quantile,06
2026-02-21,0.7,1756.0493835710568,2026-02-07,2,wk inc flu hosp,quantile,06
2026-02-21,0.75,1875.3154790205417,2026-02-07,2,wk inc flu hosp,quantile,06
2026-02-21,0.8,2018.1424894100262,2026-02-07,2,wk inc flu hosp,quantile,06
2026-02-21,0.85,2201.088638437846,2026-02-07,2,wk inc flu hosp,quantile,06
2026-02-21,0.9,2452.965604021286,2026-02-07,2,wk inc flu hosp,quantile,06
2026-02-21,0.95,2878.2235791352564,2026-02-07,2,wk inc flu hosp,quantile,06
2026-02-21,0.975,3307.88931952349,2026-02-07,2,wk inc flu hosp,quantile,06
2026-02-21,0.99,3887.1838910087017,2026-02-07,2,wk inc flu hosp,quantile,06
2026-02-21,0.01,37.31526689542184,2026-02-07,2,wk inc flu hosp,quantile,08
2026-02-21,0.025,46.30242834203792,2026-02-07,2,wk inc flu hosp,quantile,08
2026-02-21,0.05,55.7739254554114,2026-02-07,2,wk inc flu hosp,quantile,08
2026-02-21,0.1,69.06580358734905,2026-02-07,2,wk inc flu hosp,quantile,08
2026-02-21,0.15,79.68447100038706,2026-02-07,2,wk inc flu hosp,quantile,08
2026-02-21,0.2,89.40852079634298,2026-02-07,2,wk inc flu hosp,quantile,08
2026-02-21,0.25,98.62364269372218,2026-02-07,2,wk inc flu hosp,quantile,08
2026-02-21,0.3,107.72608258388306,2026-02-07,2,wk inc flu hosp,quantile,08
2026-02-21,0.35,116.9424506523254,2026-02-07,2,wk inc flu hosp,quantile,08
2026-02-21,0.4,126.3793790556103,2026-02-07,2,wk inc flu hosp,quantile,08
2026-02-21,0.45,136.27434122644783,2026-02-07,2,wk inc flu hosp,quantile,08
2026-02-21,0.5,146.7528079761755,2026-02-07,2,wk inc flu hosp,quantile,08
2026-02-21,0.55,158.00465389164154,2026-02-07,2,wk inc flu hosp,quantile,08
2026-02-21,0.6,170.30408779396873,2026-02-07,2,wk inc flu hosp,quantile,08
2026-02-21,0.65,183.99241925270138,2026-02-07,2,wk inc flu hosp,quantile,08
2026-02-21,0.7,199.70530315052721,2026-02-07,2,wk inc flu hosp,quantile,08
2026-02-21,0.75,218.0069582869658,2026-02-07,2,wk inc flu hosp,quantile,08
2026-02-21,0.8,240.44063215214243,2026-02-07,2,wk inc flu hosp,quantile,08
2026-02-21,0.85,269.95780434259643,2026-02-07,2,wk inc flu hosp,quantile,08
2026-02-21,0.9,311.94995065313583,2026-02-07,2,wk inc flu hosp,quantile,08
2026-02-21,0.95,386.1329053374086,2026-02-07,2,wk inc flu hosp,quantile,08
2026-02-21,0.975,464.91141665474794,2026-02-07,2,wk inc flu hosp,quantile,08
2026-02-21,0.99,576.621544663237,2026-02-07,2,wk inc flu hosp,quantile,08
2026-02-21,0.01,27.214698799609195,2026-02-07,2,wk inc flu hosp,quantile,09
2026-02-21,0.025,33.75623009276761,2026-02-07,2,wk inc flu hosp,quantile,09
2026-02-21,0.05,40.64784401214939,2026-02-07,2,wk inc flu hosp,quantile,09
2026-02-21,0.1,50.31577180899696,2026-02-07,2,wk inc flu hosp,quantile,09
2026-02-21,0.15,58.03690057881342,2026-02-07,2,wk inc flu hosp,quantile,09
2026-02-21,0.2,65.10591121511116,2026-02-07,2,wk inc flu hosp,quantile,09
2026-02-21,0.25,71.80368325513847,2026-02-07,2,wk inc flu hosp,quantile,09
2026-02-21,0.3,78.4184598301805,2026-02-07,2,wk inc flu hosp,quantile,09
2026-02-21,0.35,85.11501404459626,2026-02-07,2,wk inc flu hosp,quantile,09
2026-02-21,0.4,91.97085226955505,2026-02-07,2,wk inc flu hosp,quantile,09
2026-02-21,0.45,99.15846932078239,2026-02-07,2,wk inc flu hosp,quantile,09
2026-02-21,0.5,106.76892702345039,2026-02-07,2,wk inc flu hosp,quantile,09
2026-02-21,0.55,114.9400101721021,2026-02-07,2,wk inc flu hosp,quantile,09
2026-02-21,0.6,123.87066779834578,2026-02-07,2,wk inc flu hosp,quantile,09
2026-02-21,0.65,133.80846097242824,2026-02-07,2,wk inc flu hosp,quantile,09
2026-02-21,0.7,145.2144707912586,2026-02-07,2,wk inc flu hosp,quantile,09
2026-02-21,0.75,158.49766678150868,2026-02-07,2,wk inc flu hosp,quantile,09
2026-02-21,0.8,174.77715490231589,2026-02-07,2,wk inc flu hosp,quantile,09
2026-02-21,0.85,196.19285297477055,2026-02-07,2,wk inc flu hosp,quantile,09
2026-02-21,0.9,226.65247031613097,2026-02-07,2,wk inc flu hosp,quantile,09
2026-02-21,0.95,280.44482786276336,2026-02-07,2,wk inc flu hosp,quantile,09
2026-02-21,0.975,337.54937782247725,2026-02-07,2,wk inc flu hosp,quantile,09
2026-02-21,0.99,418.49618765538435,2026-02-07,2,wk inc flu hosp,quantile,09
2026-02-21,0.01,16.259841532549135,2026-02-07,2,wk inc flu hosp,quantile,10
2026-02-21,0.025,19.62632448143999,2026-02-07,2,wk inc flu hosp,quantile,10
2026-02-21,0.05,23.08455923692957,2026-02-07,2,wk inc flu hosp,quantile,10
2026-02-21,0.1,27.814560898845816,2026-02-07,2,wk inc flu hosp,quantile,10
2026-02-21,0.15,31.50891899972594,2026-02-07,2,wk inc flu hosp,quantile,10
2026-02-21,0.2,34.83683736416721,2026-02-07,2,wk inc flu hosp,quantile,10
2026-02-21,0.25,37.94795245780736,2026-02-07,2,wk inc flu hosp,quantile,10
2026-02-21,0.3,40.98464622159584,2026-02-07,2,wk inc flu hosp,quantile,10
2026-02-21,0.35,44.026039777205646,2026-02-07,2,wk inc flu hosp,quantile,10
2026-02-21,0.4,47.108576764078045,2026-02-07,2,wk inc flu hosp,quantile,10
2026-02-21,0.45,50.30925054703144,2026-02-07,2,wk inc flu hosp,quantile,10
2026-02-21,0.5,53.666410538508735,2026-02-07,2,wk inc flu hosp,quantile,10
2026-02-21,0.55,57.237381067862295,2026-02-07,2,wk inc flu hosp,quantile,10
2026-02-21,0.6,61.10381390449953,2026-02-07,2,wk inc flu hosp,quantile,10
2026-02-21,0.65,65.36511704231592,2026-02-07,2,wk inc flu hosp,quantile,10
2026-02-21,0.7,70.20704751266635,2026-02-07,2,wk inc flu hosp,quantile,10
2026-02-21,0.75,75.78576517764455,2026-02-07,2,wk inc flu hosp,quantile,10
2026-02-21,0.8,82.54312632483703,2026-02-07,2,wk inc flu hosp,quantile,10
2026-02-21,0.85,91.31302815556353,2026-02-07,2,wk inc flu hosp,quantile,10
2026-02-21,0.9,103.58231735562347,2026-02-07,2,wk inc flu hosp,quantile,10
2026-02-21,0.95,124.76113345709874,2026-02-07,2,wk inc flu hosp,quantile,10
2026-02-21,0.975,146.68736717761487,2026-02-07,2,wk inc flu hosp,quantile,10
2026-02-21,0.99,176.98806251433498,2026-02-07,2,wk inc flu hosp,quantile,10
2026-02-21,0.01,7.070909786392387,2026-02-07,2,wk inc flu hosp,quantile,11
2026-02-21,0.025,8.837372996285033,2026-02-07,2,wk inc flu hosp,quantile,11
2026-02-21,0.05,10.71151036896377,2026-02-07,2,wk inc flu hosp,quantile,11
2026-02-21,0.1,13.35929890807741,2026-02-07,2,wk inc flu hosp,quantile,11
2026-02-21,0.15,15.487065313874382,2026-02-07,2,wk inc flu hosp,quantile,11
2026-02-21,0.2,17.443948528639254,2026-02-07,2,wk inc flu hosp,quantile,11
2026-02-21,0.25,19.305011853803567,2026-02-07,2,wk inc flu hosp,quantile,11
2026-02-21,0.3,21.149040200436403,2026-02-07,2,wk inc flu hosp,quantile,11
2026-02-21,0.35,23.021463964493723,2026-02-07,2,wk inc flu hosp,quantile,11
2026-02-21,0.4,24.943814309741924,2026-02-07,2,wk inc flu hosp,quantile,11
2026-02-21,0.45,26.964623755514147,2026-02-07,2,wk inc flu hosp,quantile,11
2026-02-21,0.5,29.10994782443376,2026-02-07,2,wk inc flu hosp,quantile,11
2026-02-21,0.55,31.41931056132699,2026-02-07,2,wk inc flu hosp,quantile,11
2026-02-21,0.6,33.949967897285944,2026-02-07,2,wk inc flu hosp,quantile,11
2026-02-21,0.65,36.77357150071795,2026-02-07,2,wk inc flu hosp,quantile,11
2026-02-21,0.7,40.02343606705708,2026-02-07,2,wk inc flu hosp,quantile,11
2026-02-21,0.75,43.81948169710129,2026-02-07,2,wk inc flu hosp,quantile,11
2026-02-21,0.8,48.48704640276985,2026-02-07,2,wk inc flu hosp,quantile,11
2026-02-21,0.85,54.65043887769631,2026-02-07,2,wk inc flu hosp,quantile,11
2026-02-21,0.9,63.45709531729167,2026-02-07,2,wk inc flu hosp,quantile,11
2026-02-21,0.95,79.10923151236713,2026-02-07,2,wk inc flu hosp,quantile,11
2026-02-21,0.975,95.84162427223961,2026-02-07,2,wk inc flu hosp,quantile,11
2026-02-21,0.99,119.72888172043837,2026-02-07,2,wk inc flu hosp,quantile,11
2026-02-21,0.01,635.3301787206942,2026-02-07,2,wk inc flu hosp,quantile,12
2026-02-21,0.025,711.2283147363099,2026-02-07,2,wk inc flu hosp,quantile,12
2026-02-21,0.05,783.9310490341779,2026-02-07,2,wk inc flu hosp,quantile,12
2026-02-21,0.1,876.6463300778962,2026-02-07,2,wk inc flu hosp,quantile,12
2026-02-21,0.15,944.7246766122033,2026-02-07,2,wk inc flu hosp,quantile,12
2026-02-21,0.2,1003.3571712560373,2026-02-07,2,wk inc flu hosp,quantile,12
2026-02-21,0.25,1056.171401920754,2026-02-07,2,wk inc flu hosp,quantile,12
2026-02-21,0.3,1106.0742248849306,2026-02-07,2,wk inc flu hosp,quantile,12
2026-02-21,0.35,1154.5910398281278,2026-02-07,2,wk inc flu hosp,quantile,12
2026-02-21,0.4,1202.413246214279,2026-02-07,2,wk inc flu hosp,quantile,12
2026-02-21,0.45,1250.7602489019814,2026-02-07,2,wk inc flu hosp,quantile,12
2026-02-21,0.5,1300.1654936726497,2026-02-07,2,wk inc flu hosp,quantile,12
2026-02-21,0.55,1351.3776337008314,2026-02-07,2,wk inc flu hosp,quantile,12
2026-02-21,0.6,1405.4050572744277,2026-02-07,2,wk inc flu hosp,quantile,12
2026-02-21,0.65,1463.3881432025826,2026-02-07,2,wk inc flu hosp,quantile,12
2026-02-21,0.7,1527.4647614570642,2026-02-07,2,wk inc flu hosp,quantile,12
2026-02-21,0.75,1599.1366872320884,2026-02-07,2,wk inc flu hosp,quantile,12
2026-02-21,0.8,1683.1802888348116,2026-02-07,2,wk inc flu hosp,quantile,12
2026-02-21,0.85,1788.2524641300258,2026-02-07,2,wk inc flu hosp,quantile,12
2026-02-21,0.9,1928.6989664706407,2026-02-07,2,wk inc flu hosp,quantile,12
2026-02-21,0.95,2156.33825458665,2026-02-07,2,wk inc flu hosp,quantile,12
2026-02-21,0.975,2376.206826166429,2026-02-07,2,wk inc flu hosp,quantile,12
2026-02-21,0.99,2659.444917337627,2026-02-07,2,wk inc flu hosp,quantile,12
2026-02-21,0.01,78.34672293408619,2026-02-07,2,wk inc flu hosp,quantile,13
2026-02-21,0.025,96.1255462270486,2026-02-07,2,wk inc flu hosp,quantile,13
2026-02-21,0.05,114.66763849416621,2026-02-07,2,wk inc flu hosp,quantile,13
2026-02-21,0.1,140.41702860079747,2026-02-07,2,wk inc flu hosp,quantile,13
2026-02-21,0.15,160.7990438112842,2026-02-07,2,wk inc flu hosp,quantile,13
2026-02-21,0.2,179.33892738763015,2026-02-07,2,wk inc flu hosp,quantile,13
2026-02-21,0.25,196.8111036560154,2026-02-07,2,wk inc flu hosp,quantile,13
2026-02-21,0.3,213.9858928797774,2026-02-07,2,wk inc flu hosp,quantile,13
2026-02-21,0.35,231.2984548658738,2026-02-07,2,wk inc flu hosp,quantile,13
2026-02-21,0.4,248.95154237144553,2026-02-07,2,wk inc flu hosp,quantile,13
2026-02-21,0.45,267.38760165103326,2026-02-07,2,wk inc flu hosp,quantile,13
2026-02-21,0.5,286.83472678899835,2026-02-07,2,wk inc flu hosp,quantile,13
2026-02-21,0.55,307.6365767441524,2026-02-07,2,wk inc flu hosp,quantile,13
2026-02-21,0.6,330.2868506976262,2026-02-07,2,wk inc flu hosp,quantile,13
2026-02-21,0.65,355.3947084024546,2026-02-07,2,wk inc flu hosp,quantile,13
2026-02-21,0.7,384.0962905899634,2026-02-07,2,wk inc flu hosp,quantile,13
2026-02-21,0.75,417.37855654732044,2026-02-07,2,wk inc flu hosp,quantile,13
2026-02-21,0.8,457.9772616499212,2026-02-07,2,wk inc flu hosp,quantile,13
2026-02-21,0.85,511.09666581234035,2026-02-07,2,wk inc flu hosp,quantile,13
2026-02-21,0.9,586.1512230540606,2026-02-07,2,wk inc flu hosp,quantile,13
2026-02-21,0.95,717.4935936216925,2026-02-07,2,wk inc flu hosp,quantile,13
2026-02-21,0.975,855.5318346394952,2026-02-07,2,wk inc flu hosp,quantile,13
2026-02-21,0.99,1049.2231712585385,2026-02-07,2,wk inc flu hosp,quantile,13
2026-02-21,0.01,9.098830606343821,2026-02-07,2,wk inc flu hosp,quantile,15
2026-02-21,0.025,11.068007674763992,2026-02-07,2,wk inc flu hosp,quantile,15
2026-02-21,0.05,13.105420869867132,2026-02-07,2,wk inc flu hosp,quantile,15
2026-02-21,0.1,15.91222993986702,2026-02-07,2,wk inc flu hosp,quantile,15
2026-02-21,0.15,18.118405035547998,2026-02-07,2,wk inc flu hosp,quantile,15
2026-02-21,0.2,20.114935232992202,2026-02-07,2,wk inc flu hosp,quantile,15
2026-02-21,0.25,21.988530579737073,2026-02-07,2,wk inc flu hosp,quantile,15
2026-02-21,0.3,23.8234209200069,2026-02-07,2,wk inc flu hosp,quantile,15
2026-02-21,0.35,25.66676912887097,2026-02-07,2,wk inc flu hosp,quantile,15
2026-02-21,0.4,27.540408302743558,2026-02-07,2,wk inc flu hosp,quantile,15
2026-02-21,0.45,29.491196700045435,2026-02-07,2,wk inc flu hosp,quantile,15
2026-02-21,0.5,31.542852870331703,2026-02-07,2,wk inc flu hosp,quantile,15
2026-02-21,0.55,33.730972452542424,2026-02-07,2,wk inc flu hosp,quantile,15
2026-02-21,0.6,36.10647001786105,2026-02-07,2,wk inc flu hosp,quantile,15
2026-02-21,0.65,38.731733227316674,2026-02-07,2,wk inc flu hosp,quantile,15
2026-02-21,0.7,41.723240970975226,2026-02-07,2,wk inc flu hosp,quantile,15
2026-02-21,0.75,45.18047038085031,2026-02-07,2,wk inc flu hosp,quantile,15
2026-02-21,0.8,49.38211048633903,2026-02-07,2,wk inc flu hosp,quantile,15
2026-02-21,0.85,54.85611900457049,2026-02-07,2,wk inc flu hosp,quantile,15
2026-02-21,0.9,62.550373927336395,2026-02-07,2,wk inc flu hosp,quantile,15
2026-02-21,0.95,75.91832130929262,2026-02-07,2,wk inc flu hosp,quantile,15
2026-02-21,0.975,89.85700680137403,2026-02-07,2,wk inc flu hosp,quantile,15
2026-02-21,0.99,109.25903619880944,2026-02-07,2,wk inc flu hosp,quantile,15
2026-02-21,0.01,17.181023436341956,2026-02-07,2,wk inc flu hosp,quantile,16
2026-02-21,0.025,21.310833061317002,2026-02-07,2,wk inc flu hosp,quantile,16
2026-02-21,0.05,25.661666583774366,2026-02-07,2,wk inc flu hosp,quantile,16
2026-02-21,0.1,31.76526352428778,2026-02-07,2,wk inc flu hosp,quantile,16
2026-02-21,0.15,36.63980817570328,2026-02-07,2,wk inc flu hosp,quantile,16
2026-02-21,0.2,41.10266014993957,2026-02-07,2,wk inc flu hosp,quantile,16
2026-02-21,0.25,45.33114420425602,2026-02-07,2,wk inc flu hosp,quantile,16
2026-02-21,0.3,49.50723508991851,2026-02-07,2,wk inc flu hosp,quantile,16
2026-02-21,0.35,53.734958256704026,2026-02-07,2,wk inc flu hosp,quantile,16
2026-02-21,0.4,58.0632455523718,2026-02-07,2,wk inc flu hosp,quantile,16
2026-02-21,0.45,62.60099800327117,2026-02-07,2,wk inc flu hosp,quantile,16
2026-02-21,0.5,67.40570589378513,2026-02-07,2,wk inc flu hosp,quantile,16
2026-02-21,0.55,72.56435730523894,2026-02-07,2,wk inc flu hosp,quantile,16
2026-02-21,0.6,78.20255544476242,2026-02-07,2,wk inc flu hosp,quantile,16
2026-02-21,0.65,84.47659420308959,2026-02-07,2,wk inc flu hosp,quantile,16
2026-02-21,0.7,91.67756998246028,2026-02-07,2,wk inc flu hosp,quantile,16
2026-02-21,0.75,100.06368045707701,2026-02-07,2,wk inc flu hosp,quantile,16
2026-02-21,0.8,110.34145698675634,2026-02-07,2,wk inc flu hosp,quantile,16
2026-02-21,0.85,123.86190718165778,2026-02-07,2,wk inc flu hosp,quantile,16
2026-02-21,0.9,143.0921142530516,2026-02-07,2,wk inc flu hosp,quantile,16
2026-02-21,0.95,177.05314999325333,2026-02-07,2,wk inc flu hosp,quantile,16
2026-02-21,0.975,213.10536671057957,2026-02-07,2,wk inc flu hosp,quantile,16
2026-02-21,0.99,264.2101936771384,2026-02-07,2,wk inc flu hosp,quantile,16
2026-02-21,0.01,199.59943914730033,2026-02-07,2,wk inc flu hosp,quantile,17
2026-02-21,0.025,229.3557677869814,2026-02-07,2,wk inc flu hosp,quantile,17
2026-02-21,0.05,258.5588983881175,2026-02-07,2,wk inc flu hosp,quantile,17
2026-02-21,0.1,296.7151357329384,2026-02-07,2,wk inc flu hosp,quantile,17
2026-02-21,0.15,325.3393527889712,2026-02-07,2,wk inc flu hosp,quantile,17
2026-02-21,0.2,350.3790008739379,2026-02-07,2,wk inc flu hosp,quantile,17
2026-02-21,0.25,373.226294571678,2026-02-07,2,wk inc flu hosp,quantile,17
2026-02-21,0.3,395.0587043059628,2026-02-07,2,wk inc flu hosp,quantile,17
2026-02-21,0.35,416.50454183776833,2026-02-07,2,wk inc flu hosp,quantile,17
2026-02-21,0.4,437.84849615763596,2026-02-07,2,wk inc flu hosp,quantile,17
2026-02-21,0.45,459.6273014796107,2026-02-07,2,wk inc flu hosp,quantile,17
2026-02-21,0.5,482.08496001805315,2026-02-07,2,wk inc flu hosp,quantile,17
2026-02-21,0.55,505.5732872380592,2026-02-07,2,wk inc flu hosp,quantile,17
2026-02-21,0.6,530.5770185267659,2026-02-07,2,wk inc flu hosp,quantile,17
2026-02-21,0.65,557.6598476582145,2026-02-07,2,wk inc flu hosp,quantile,17
2026-02-21,0.7,587.8787721221566,2026-02-07,2,wk inc flu hosp,quantile,17
2026-02-21,0.75,622.028593703088,2026-02-07,2,wk inc flu hosp,quantile,17
2026-02-21,0.8,662.5259551838607,2026-02-07,2,wk inc flu hosp,quantile,17
2026-02-21,0.85,713.8163437162927,2026-02-07,2,wk inc flu hosp,quantile,17
2026-02-21,0.9,783.4661822765692,2026-02-07,2,wk inc flu hosp,quantile,17
2026-02-21,0.95,898.844521909507,2026-02-07,2,wk inc flu hosp,quantile,17
2026-02-21,0.975,1012.9999891856775,2026-02-07,2,wk inc flu hosp,quantile,17
2026-02-21,0.99,1163.6790393867964,2026-02-07,2,wk inc flu hosp,quantile,17
2026-02-21,0.01,99.54456068490481,2026-02-07,2,wk inc flu hosp,quantile,18
2026-02-21,0.025,116.41522195568803,2026-02-07,2,wk inc flu hosp,quantile,18
2026-02-21,0.05,133.244846960269,2026-02-07,2,wk inc flu hosp,quantile,18
2026-02-21,0.1,155.59668034921592,2026-02-07,2,wk inc flu hosp,quantile,18
2026-02-21,0.15,172.60836852617626,2026-02-07,2,wk inc flu hosp,quantile,18
2026-02-21,0.2,187.6466619546441,2026-02-07,2,wk inc flu hosp,quantile,18
2026-02-21,0.25,201.4878524958636,2026-02-07,2,wk inc flu hosp,quantile,18
2026-02-21,0.3,214.8149858628388,2026-02-07,2,wk inc flu hosp,quantile,18
2026-02-21,0.35,227.9973299475385,2026-02-07,2,wk inc flu hosp,quantile,18
2026-02-21,0.4,241.20270541054936,2026-02-07,2,wk inc flu hosp,quantile,18
2026-02-21,0.45,254.76140810828863,2026-02-07,2,wk inc flu hosp,quantile,18
2026-02-21,0.5,268.82818564413304,2026-02-07,2,wk inc flu hosp,quantile,18
2026-02-21,0.55,283.629556633883,2026-02-07,2,wk inc flu hosp,quantile,18
2026-02-21,0.6,299.4817874373757,2026-02-07,2,wk inc flu hosp,quantile,18
2026-02-21,0.65,316.75911246538794,2026-02-07,2,wk inc flu hosp,quantile,18
2026-02-21,0.7,336.16273759234565,2026-02-07,2,wk inc flu hosp,quantile,18
2026-02-21,0.75,358.2426778190783,2026-02-07,2,wk inc flu hosp,quantile,18
2026-02-21,0.8,384.625844300941,2026-02-07,2,wk inc flu hosp,quantile,18
2026-02-21,0.85,418.3334941023075,2026-02-07,2,wk inc flu hosp,quantile,18
2026-02-21,0.9,464.5969426104934,2026-02-07,2,wk inc flu hosp,quantile,18
2026-02-21,0.95,542.3700334226276,2026-02-07,2,wk inc flu hosp,quantile,18
2026-02-21,0.975,620.5768311718069,2026-02-07,2,wk inc flu hosp,quantile,18
2026-02-21,0.99,725.5129806533912,2026-02-07,2,wk inc flu hosp,quantile,18
2026-02-21,0.01,37.73759415219858,2026-02-07,2,wk inc flu hosp,quantile,19
2026-02-21,0.025,46.42196076241745,2026-02-07,2,wk inc flu hosp,quantile,19
2026-02-21,0.05,55.50105234199163,2026-02-07,2,wk inc flu hosp,quantile,19
2026-02-21,0.1,68.13977982192687,2026-02-07,2,wk inc flu hosp,quantile,19
2026-02-21,0.15,78.16532953790161,2026-02-07,2,wk inc flu hosp,quantile,19
2026-02-21,0.2,87.29892494390728,2026-02-07,2,wk inc flu hosp,quantile,19
2026-02-21,0.25,95.91757404838708,2026-02-07,2,wk inc flu hosp,quantile,19
2026-02-21,0.3,104.3990490610678,2026-02-07,2,wk inc flu hosp,quantile,19
2026-02-21,0.35,112.95734808507106,2026-02-07,2,wk inc flu hosp,quantile,19
2026-02-21,0.4,121.69239203236042,2026-02-07,2,wk inc flu hosp,quantile,19
2026-02-21,0.45,130.8232879727853,2026-02-07,2,wk inc flu hosp,quantile,19
2026-02-21,0.5,140.46362904617132,2026-02-07,2,wk inc flu hosp,quantile,19
2026-02-21,0.55,150.7847474872795,2026-02-07,2,wk inc flu hosp,quantile,19
2026-02-21,0.6,162.03308823769618,2026-02-07,2,wk inc flu hosp,quantile,19
2026-02-21,0.65,174.51335732758506,2026-02-07,2,wk inc flu hosp,quantile,19
2026-02-21,0.7,188.79367564611778,2026-02-07,2,wk inc flu hosp,quantile,19
2026-02-21,0.75,205.3700669412319,2026-02-07,2,wk inc flu hosp,quantile,19
2026-02-21,0.8,225.61315018564832,2026-02-07,2,wk inc flu hosp,quantile,19
2026-02-21,0.85,252.13351681909316,2026-02-07,2,wk inc flu hosp,quantile,19
2026-02-21,0.9,289.66441941089573,2026-02-07,2,wk inc flu hosp,quantile,19
2026-02-21,0.95,355.48553230988296,2026-02-07,2,wk inc flu hosp,quantile,19
2026-02-21,0.975,424.82828508954896,2026-02-07,2,wk inc flu hosp,quantile,19
2026-02-21,0.99,522.3649586388092,2026-02-07,2,wk inc flu hosp,quantile,19
2026-02-21,0.01,34.67441751156144,2026-02-07,2,wk inc flu hosp,quantile,20
2026-02-21,0.025,41.75206312765298,2026-02-07,2,wk inc flu hosp,quantile,20
2026-02-21,0.05,49.006265108670505,2026-02-07,2,wk inc flu hosp,quantile,20
2026-02-21,0.1,58.90583045894852,2026-02-07,2,wk inc flu hosp,quantile,20
2026-02-21,0.15,66.62252856554939,2026-02-07,2,wk inc flu hosp,quantile,20
2026-02-21,0.2,73.56377269966447,2026-02-07,2,wk inc flu hosp,quantile,20
2026-02-21,0.25,80.04506047574242,2026-02-07,2,wk inc flu hosp,quantile,20
2026-02-21,0.3,86.3646919297028,2026-02-07,2,wk inc flu hosp,quantile,20
2026-02-21,0.35,92.6880490918413,2026-02-07,2,wk inc flu hosp,quantile,20
2026-02-21,0.4,99.09119902698356,2026-02-07,2,wk inc flu hosp,quantile,20
2026-02-21,0.45,105.734031810151,2026-02-07,2,wk inc flu hosp,quantile,20
2026-02-21,0.5,112.69579169930321,2026-02-07,2,wk inc flu hosp,quantile,20
2026-02-21,0.55,120.09477390918501,2026-02-07,2,wk inc flu hosp,quantile,20
2026-02-21,0.6,128.0992457769949,2026-02-07,2,wk inc flu hosp,quantile,20
2026-02-21,0.65,136.91364429850617,2026-02-07,2,wk inc flu hosp,quantile,20
2026-02-21,0.7,146.92008542902596,2026-02-07,2,wk inc flu hosp,quantile,20
2026-02-21,0.75,158.4381870022617,2026-02-07,2,wk inc flu hosp,quantile,20
2026-02-21,0.8,172.37519928365057,2026-02-07,2,wk inc flu hosp,quantile,20
2026-02-21,0.85,190.44128238115994,2026-02-07,2,wk inc flu hosp,quantile,20
2026-02-21,0.9,215.6790087643377,2026-02-07,2,wk inc flu hosp,quantile,20
2026-02-21,0.95,259.1550332699285,2026-02-07,2,wk inc flu hosp,quantile,20
2026-02-21,0.975,304.06489643212973,2026-02-07,2,wk inc flu hosp,quantile,20
2026-02-21,0.99,365.9871663999849,2026-02-07,2,wk inc flu hosp,quantile,20
2026-02-21,0.01,77.38864085803031,2026-02-07,2,wk inc flu hosp,quantile,21
2026-02-21,0.025,91.76953830455489,2026-02-07,2,wk inc flu hosp,quantile,21
2026-02-21,0.05,106.30141720271209,2026-02-07,2,wk inc flu hosp,quantile,21
2026-02-21,0.1,125.85228143838711,2026-02-07,2,wk inc flu hosp,quantile,21
2026-02-21,0.15,140.9023913631834,2026-02-07,2,wk inc flu hosp,quantile,21
2026-02-21,0.2,154.3172001407412,2026-02-07,2,wk inc flu hosp,quantile,21
2026-02-21,0.25,166.74893712699122,2026-02-07,2,wk inc flu hosp,quantile,21
2026-02-21,0.3,178.79085040164503,2026-02-07,2,wk inc flu hosp,quantile,21
2026-02-21,0.35,190.76734060201477,2026-02-07,2,wk inc flu hosp,quantile,21
2026-02-21,0.4,202.8265079753066,2026-02-07,2,wk inc flu hosp,quantile,21
2026-02-21,0.45,215.26939917356924,2026-02-07,2,wk inc flu hosp,quantile,21
2026-02-21,0.5,228.24075488547803,2026-02-07,2,wk inc flu hosp,quantile,21
2026-02-21,0.55,241.95460877528856,2026-02-07,2,wk inc flu hosp,quantile,21
2026-02-21,0.6,256.712606492169,2026-02-07,2,wk inc flu hosp,quantile,21
2026-02-21,0.65,272.87632772240755,2026-02-07,2,wk inc flu hosp,quantile,21
2026-02-21,0.7,291.1225852798322,2026-02-07,2,wk inc flu hosp,quantile,21
2026-02-21,0.75,311.9992082213774,2026-02-07,2,wk inc flu hosp,quantile,21
2026-02-21,0.8,337.0941291293625,2026-02-07,2,wk inc flu hosp,quantile,21
2026-02-21,0.85,369.3775819167764,2026-02-07,2,wk inc flu hosp,quantile,21
2026-02-21,0.9,414.0603433541038,2026-02-07,2,wk inc flu hosp,quantile,21
2026-02-21,0.95,490.05354195003406,2026-02-07,2,wk inc flu hosp,quantile,21
2026-02-21,0.975,567.4541495394757,2026-02-07,2,wk inc flu hosp,quantile,21
2026-02-21,0.99,672.6619339141841,2026-02-07,2,wk inc flu hosp,quantile,21
2026-02-21,0.01,64.74354463301044,2026-02-07,2,wk inc flu hosp,quantile,22
2026-02-21,0.025,79.52349188470193,2026-02-07,2,wk inc flu hosp,quantile,22
2026-02-21,0.05,94.95379339885112,2026-02-07,2,wk inc flu hosp,quantile,22
2026-02-21,0.1,116.40393704829954,2026-02-07,2,wk inc flu hosp,quantile,22
2026-02-21,0.15,133.39824696594386,2026-02-07,2,wk inc flu hosp,quantile,22
2026-02-21,0.2,148.86680572056673,2026-02-07,2,wk inc flu hosp,quantile,22
2026-02-21,0.25,163.45249150869407,2026-02-07,2,wk inc flu hosp,quantile,22
2026-02-21,0.3,177.7967681716184,2026-02-07,2,wk inc flu hosp,quantile,22
2026-02-21,0.35,192.26242854091055,2026-02-07,2,wk inc flu hosp,quantile,22
2026-02-21,0.4,207.01865958265714,2026-02-07,2,wk inc flu hosp,quantile,22
2026-02-21,0.45,222.43542654841136,2026-02-07,2,wk inc flu hosp,quantile,22
2026-02-21,0.5,238.70391320125918,2026-02-07,2,wk inc flu hosp,quantile,22
2026-02-21,0.55,256.1123025071082,2026-02-07,2,wk inc flu hosp,quantile,22
2026-02-21,0.6,275.0748198347251,2026-02-07,2,wk inc flu hosp,quantile,22
2026-02-21,0.65,296.1030127460272,2026-02-07,2,wk inc flu hosp,quantile,22
2026-02-21,0.7,320.1508347382473,2026-02-07,2,wk inc flu hosp,quantile,22
2026-02-21,0.75,348.0487671524673,2026-02-07,2,wk inc flu hosp,quantile,22
2026-02-21,0.8,382.0957417997672,2026-02-07,2,wk inc flu hosp,quantile,22
2026-02-21,0.85,426.6673615804097,2026-02-07,2,wk inc flu hosp,quantile,22
2026-02-21,0.9,489.68669189941136,2026-02-07,2,wk inc flu hosp,quantile,22
2026-02-21,0.95,600.0703520761276,2026-02-07,2,wk inc flu hosp,quantile,22
2026-02-21,0.975,716.1997261158607,2026-02-07,2,wk inc flu hosp,quantile,22
2026-02-21,0.99,879.3177182613101,2026-02-07,2,wk inc flu hosp,quantile,22
2026-02-21,0.01,12.74997936471957,2026-02-07,2,wk inc flu hosp,quantile,23
2026-02-21,0.025,16.127086430683008,2026-02-07,2,wk inc flu hosp,quantile,23
2026-02-21,0.05,19.74999457318888,2026-02-07,2,wk inc flu hosp,quantile,23
2026-02-21,0.1,24.925814942149323,2026-02-07,2,wk inc flu hosp,quantile,23
2026-02-21,0.15,29.125952549347392,2026-02-07,2,wk inc flu hosp,quantile,23
2026-02-21,0.2,33.01639255093351,2026-02-07,2,wk inc flu hosp,quantile,23
2026-02-21,0.25,36.73821553411901,2026-02-07,2,wk inc flu hosp,quantile,23
2026-02-21,0.3,40.44505011759819,2026-02-07,2,wk inc flu hosp,quantile,23
2026-02-21,0.35,44.22677277311763,2026-02-07,2,wk inc flu hosp,quantile,23
2026-02-21,0.4,48.12655301408976,2026-02-07,2,wk inc flu hosp,quantile,23
2026-02-21,0.45,52.24349754982442,2026-02-07,2,wk inc flu hosp,quantile,23
2026-02-21,0.5,56.63226374306621,2026-02-07,2,wk inc flu hosp,quantile,23
2026-02-21,0.55,61.37603544387795,2026-02-07,2,wk inc flu hosp,quantile,23
2026-02-21,0.6,66.59588617066512,2026-02-07,2,wk inc flu hosp,quantile,23
2026-02-21,0.65,72.4446402768383,2026-02-07,2,wk inc flu hosp,quantile,23
2026-02-21,0.7,79.20616698627337,2026-02-07,2,wk inc flu hosp,quantile,23
2026-02-21,0.75,87.14133761789692,2026-02-07,2,wk inc flu hosp,quantile,23
2026-02-21,0.8,96.94876764150648,2026-02-07,2,wk inc flu hosp,quantile,23
2026-02-21,0.85,109.97645588254255,2026-02-07,2,wk inc flu hosp,quantile,23
2026-02-21,0.9,128.72686571061413,2026-02-07,2,wk inc flu hosp,quantile,23
2026-02-21,0.95,162.38863087557456,2026-02-07,2,wk inc flu hosp,quantile,23
2026-02-21,0.975,198.7720863396203,2026-02-07,2,wk inc flu hosp,quantile,23
2026-02-21,0.99,251.29728475116409,2026-02-07,2,wk inc flu hosp,quantile,23
2026-02-21,0.01,49.24917686765098,2026-02-07,2,wk inc flu hosp,quantile,24
2026-02-21,0.025,61.2746835167076,2026-02-07,2,wk inc flu hosp,quantile,24
2026-02-21,0.05,73.97980595131463,2026-02-07,2,wk inc flu hosp,quantile,24
2026-02-21,0.1,91.85418007514254,2026-02-07,2,wk inc flu hosp,quantile,24
2026-02-21,0.15,106.16505056201838,2026-02-07,2,wk inc flu hosp,quantile,24
2026-02-21,0.2,119.29118171948151,2026-02-07,2,wk inc flu hosp,quantile,24
2026-02-21,0.25,131.74677875815684,2026-02-07,2,wk inc flu hosp,quantile,24
2026-02-21,0.3,144.06430517889447,2026-02-07,2,wk inc flu hosp,quantile,24
2026-02-21,0.35,156.54919928274882,2026-02-07,2,wk inc flu hosp,quantile,24
2026-02-21,0.4,169.34555854214705,2026-02-07,2,wk inc flu hosp,quantile,24
2026-02-21,0.45,182.77576464976588,2026-02-07,2,wk inc flu hosp,quantile,24
2026-02-21,0.5,197.0111622214705,2026-02-07,2,wk inc flu hosp,quantile,24
2026-02-21,0.55,212.31128677874162,2026-02-07,2,wk inc flu hosp,quantile,24
2026-02-21,0.6,229.05138910667517,2026-02-07,2,wk inc flu hosp,quantile,24
2026-02-21,0.65,247.6994917624579,2026-02-07,2,wk inc flu hosp,quantile,24
2026-02-21,0.7,269.12692862686265,2026-02-07,2,wk inc flu hosp,quantile,24
2026-02-21,0.75,294.11098689627534,2026-02-07,2,wk inc flu hosp,quantile,24
2026-02-21,0.8,324.7711820041541,2026-02-07,2,wk inc flu hosp,quantile,24
2026-02-21,0.85,365.1662075835576,2026-02-07,2,wk inc flu hosp,quantile,24
2026-02-21,0.9,422.7270794669612,2026-02-07,2,wk inc flu hosp,quantile,24
2026-02-21,0.95,524.6426625974198,2026-02-07,2,wk inc flu hosp,quantile,24
2026-02-21,0.975,633.1392789081772,2026-02-07,2,wk inc flu hosp,quantile,24
2026-02-21,0.99,787.3763256905279,2026-02-07,2,wk inc flu hosp,quantile,24
2026-02-21,0.01,59.07056211134903,2026-02-07,2,wk inc flu hosp,quantile,25
2026-02-21,0.025,73.46964130610819,2026-02-07,2,wk inc flu hosp,quantile,25
2026-02-21,0.05,88.67776284934767,2026-02-07,2,wk inc flu hosp,quantile,25
2026-02-21,0.1,110.06685395479155,2026-02-07,2,wk inc flu hosp,quantile,25
2026-02-21,0.15,127.18705535508215,2026-02-07,2,wk inc flu hosp,quantile,25
2026-02-21,0.2,142.88681711495983,2026-02-07,2,wk inc flu hosp,quantile,25
2026-02-21,0.25,157.782118551827,2026-02-07,2,wk inc flu hosp,quantile,25
2026-02-21,0.3,172.51018087584973,2026-02-07,2,wk inc flu hosp,quantile,25
2026-02-21,0.35,187.43639548054807,2026-02-07,2,wk inc flu hosp,quantile,25
2026-02-21,0.4,202.733087566236,2026-02-07,2,wk inc flu hosp,quantile,25
2026-02-21,0.45,218.78557344597496,2026-02-07,2,wk inc flu hosp,quantile,25
2026-02-21,0.5,235.79849570212198,2026-02-07,2,wk inc flu hosp,quantile,25
2026-02-21,0.55,254.08179120745683,2026-02-07,2,wk inc flu hosp,quantile,25
2026-02-21,0.6,274.0835188170042,2026-02-07,2,wk inc flu hosp,quantile,25
2026-02-21,0.65,296.362368963022,2026-02-07,2,wk inc flu hosp,quantile,25
2026-02-21,0.7,321.9585216571948,2026-02-07,2,wk inc flu hosp,quantile,25
2026-02-21,0.75,351.799310082346,2026-02-07,2,wk inc flu hosp,quantile,25
2026-02-21,0.8,388.4143596534395,2026-02-07,2,wk inc flu hosp,quantile,25
2026-02-21,0.85,436.64693286412484,2026-02-07,2,wk inc flu hosp,quantile,25
2026-02-21,0.9,505.36197777085556,2026-02-07,2,wk inc flu hosp,quantile,25
2026-02-21,0.95,626.9926714777525,2026-02-07,2,wk inc flu hosp,quantile,25
2026-02-21,0.975,756.4376156666638,2026-02-07,2,wk inc flu hosp,quantile,25
2026-02-21,0.99,940.3969945215312,2026-02-07,2,wk inc flu hosp,quantile,25
2026-02-21,0.01,87.55819181790352,2026-02-07,2,wk inc flu hosp,quantile,26
2026-02-21,0.025,103.58138929406469,2026-02-07,2,wk inc flu hosp,quantile,26
2026-02-21,0.05,119.73700814245602,2026-02-07,2,wk inc flu hosp,quantile,26
2026-02-21,0.1,141.42423930897348,2026-02-07,2,wk inc flu hosp,quantile,26
2026-02-21,0.15,158.08631161975177,2026-02-07,2,wk inc flu hosp,quantile,26
2026-02-21,0.2,172.91682434668,2026-02-07,2,wk inc flu hosp,quantile,26
2026-02-21,0.25,186.64436000332435,2026-02-07,2,wk inc flu hosp,quantile,26
2026-02-21,0.3,199.92776103774858,2026-02-07,2,wk inc flu hosp,quantile,26
2026-02-21,0.35,213.12656459315403,2026-02-07,2,wk inc flu hosp,quantile,26
2026-02-21,0.4,226.4047602330692,2026-02-07,2,wk inc flu hosp,quantile,26
2026-02-21,0.45,240.0938879063128,2026-02-07,2,wk inc flu hosp,quantile,26
2026-02-21,0.5,254.35262275363283,2026-02-07,2,wk inc flu hosp,quantile,26
2026-02-21,0.55,269.4152199531068,2026-02-07,2,wk inc flu hosp,quantile,26
2026-02-21,0.6,285.61131535863285,2026-02-07,2,wk inc flu hosp,quantile,26
2026-02-21,0.65,303.33518204083714,2026-02-07,2,wk inc flu hosp,quantile,26
2026-02-21,0.7,323.3249733889845,2026-02-07,2,wk inc flu hosp,quantile,26
2026-02-21,0.75,346.17501823271147,2026-02-07,2,wk inc flu hosp,quantile,26
2026-02-21,0.8,373.6138919379453,2026-02-07,2,wk inc flu hosp,quantile,26
2026-02-21,0.85,408.8709418257441,2026-02-07,2,wk inc flu hosp,quantile,26
2026-02-21,0.9,457.5989220243161,2026-02-07,2,wk inc flu hosp,quantile,26
2026-02-21,0.95,540.3066195887211,2026-02-07,2,wk inc flu hosp,quantile,26
2026-02-21,0.975,624.3611051200367,2026-02-07,2,wk inc flu hosp,quantile,26
2026-02-21,0.99,738.359232727805,2026-02-07,2,wk inc flu hosp,quantile,26
2026-02-21,0.01,33.198450051565104,2026-02-07,2,wk inc flu hosp,quantile,27
2026-02-21,0.025,43.728377325645425,2026-02-07,2,wk inc flu hosp,quantile,27
2026-02-21,0.05,55.456567509302566,2026-02-07,2,wk inc flu hosp,quantile,27
2026-02-21,0.1,72.85648791221966,2026-02-07,2,wk inc flu hosp,quantile,27
2026-02-21,0.15,87.45058822183147,2026-02-07,2,wk inc flu hosp,quantile,27
2026-02-21,0.2,101.29842158120152,2026-02-07,2,wk inc flu hosp,quantile,27
2026-02-21,0.25,114.81307668202479,2026-02-07,2,wk inc flu hosp,quantile,27
2026-02-21,0.3,128.5104657664627,2026-02-07,2,wk inc flu hosp,quantile,27
2026-02-21,0.35,142.7096427406344,2026-02-07,2,wk inc flu hosp,quantile,27
2026-02-21,0.4,157.5731050130583,2026-02-07,2,wk inc flu hosp,quantile,27
2026-02-21,0.45,173.4911849707761,2026-02-07,2,wk inc flu hosp,quantile,27
2026-02-21,0.5,190.70001235003818,2026-02-07,2,wk inc flu hosp,quantile,27
2026-02-21,0.55,209.5610531942233,2026-02-07,2,wk inc flu hosp,quantile,27
2026-02-21,0.6,230.60709811254281,2026-02-07,2,wk inc flu hosp,quantile,27
2026-02-21,0.65,254.52857090743663,2026-02-07,2,wk inc flu hosp,quantile,27
2026-02-21,0.7,282.60031832402484,2026-02-07,2,wk inc flu hosp,quantile,27
2026-02-21,0.75,316.07419715003914,2026-02-07,2,wk inc flu hosp,quantile,27
2026-02-21,0.8,358.1749567707586,2026-02-07,2,wk inc flu hosp,quantile,27
2026-02-21,0.85,415.2371622313927,2026-02-07,2,wk inc flu hosp,quantile,27
2026-02-21,0.9,499.4095230074134,2026-02-07,2,wk inc flu hosp,quantile,27
2026-02-21,0.95,655.7560556961521,2026-02-07,2,wk inc flu hosp,quantile,27
2026-02-21,0.975,831.159173422027,2026-02-07,2,wk inc flu hosp,quantile,27
2026-02-21,0.99,1094.1549066353639,2026-02-07,2,wk inc flu hosp,quantile,27
2026-02-21,0.01,29.755511818758382,2026-02-07,2,wk inc flu hosp,quantile,28
2026-02-21,0.025,35.77237913875566,2026-02-07,2,wk inc flu hosp,quantile,28
2026-02-21,0.05,41.93028368519905,2026-02-07,2,wk inc flu hosp,quantile,28
2026-02-21,0.1,50.32138846421032,2026-02-07,2,wk inc flu hosp,quantile,28
2026-02-21,0.15,56.85376538160073,2026-02-07,2,wk inc flu hosp,quantile,28
2026-02-21,0.2,62.724155054759706,2026-02-07,2,wk inc flu hosp,quantile,28
2026-02-21,0.25,68.20126724562431,2026-02-07,2,wk inc flu hosp,quantile,28
2026-02-21,0.3,73.53812018301628,2026-02-07,2,wk inc flu hosp,quantile,28
2026-02-21,0.35,78.87478220037588,2026-02-07,2,wk inc flu hosp,quantile,28
2026-02-21,0.4,84.27561967122055,2026-02-07,2,wk inc flu hosp,quantile,28
2026-02-21,0.45,89.87547519128704,2026-02-07,2,wk inc flu hosp,quantile,28
2026-02-21,0.5,95.74096384785194,2026-02-07,2,wk inc flu hosp,quantile,28
2026-02-21,0.55,101.97143895098344,2026-02-07,2,wk inc flu hosp,quantile,28
2026-02-21,0.6,108.7080959817631,2026-02-07,2,wk inc flu hosp,quantile,28
2026-02-21,0.65,116.12224803402218,2026-02-07,2,wk inc flu hosp,quantile,28
2026-02-21,0.7,124.5341513245678,2026-02-07,2,wk inc flu hosp,quantile,28
2026-02-21,0.75,134.210794993843,2026-02-07,2,wk inc flu hosp,quantile,28
2026-02-21,0.8,145.9116343667915,2026-02-07,2,wk inc flu hosp,quantile,28
2026-02-21,0.85,161.06710966669834,2026-02-07,2,wk inc flu hosp,quantile,28
2026-02-21,0.9,182.2184939098772,2026-02-07,2,wk inc flu hosp,quantile,28
2026-02-21,0.95,218.6068068970915,2026-02-07,2,wk inc flu hosp,quantile,28
2026-02-21,0.975,256.1403825278076,2026-02-07,2,wk inc flu hosp,quantile,28
2026-02-21,0.99,307.81565491907355,2026-02-07,2,wk inc flu hosp,quantile,28
2026-02-21,0.01,125.15696434582463,2026-02-07,2,wk inc flu hosp,quantile,29
2026-02-21,0.025,145.27661096713024,2026-02-07,2,wk inc flu hosp,quantile,29
2026-02-21,0.05,165.2083564368576,2026-02-07,2,wk inc flu hosp,quantile,29
2026-02-21,0.1,191.4966038253243,2026-02-07,2,wk inc flu hosp,quantile,29
2026-02-21,0.15,211.3818250746453,2026-02-07,2,wk inc flu hosp,quantile,29
2026-02-21,0.2,228.88202510561476,2026-02-07,2,wk inc flu hosp,quantile,29
2026-02-21,0.25,244.92979218301454,2026-02-07,2,wk inc flu hosp,quantile,29
2026-02-21,0.3,260.3317304327478,2026-02-07,2,wk inc flu hosp,quantile,29
2026-02-21,0.35,275.52141091679374,2026-02-07,2,wk inc flu hosp,quantile,29
2026-02-21,0.4,290.69555590991655,2026-02-07,2,wk inc flu hosp,quantile,29
2026-02-21,0.45,306.2344212078243,2026-02-07,2,wk inc flu hosp,quantile,29
2026-02-21,0.5,322.3138239493971,2026-02-07,2,wk inc flu hosp,quantile,29
2026-02-21,0.55,339.1895541925238,2026-02-07,2,wk inc flu hosp,quantile,29
2026-02-21,0.6,357.216806677037,2026-02-07,2,wk inc flu hosp,quantile,29
2026-02-21,0.65,376.81283847453875,2026-02-07,2,wk inc flu hosp,quantile,29
2026-02-21,0.7,398.7597799216367,2026-02-07,2,wk inc flu hosp,quantile,29
2026-02-21,0.75,423.6603990152612,2026-02-07,2,wk inc flu hosp,quantile,29
2026-02-21,0.8,453.3181991439661,2026-02-07,2,wk inc flu hosp,quantile,29
2026-02-21,0.85,491.06905380633606,2026-02-07,2,wk inc flu hosp,quantile,29
2026-02-21,0.9,542.6474730002515,2026-02-07,2,wk inc flu hosp,quantile,29
2026-02-21,0.95,628.8144721888625,2026-02-07,2,wk inc flu hosp,quantile,29
2026-02-21,0.975,714.8662453232802,2026-02-07,2,wk inc flu hosp,quantile,29
2026-02-21,0.99,829.5253898547754,2026-02-07,2,wk inc flu hosp,quantile,29
2026-02-21,0.01,8.774493353920072,2026-02-07,2,wk inc flu hosp,quantile,30
2026-02-21,0.025,11.130198533056083,2026-02-07,2,wk inc flu hosp,quantile,30
2026-02-21,0.05,13.664024309839364,2026-02-07,2,wk inc flu hosp,quantile,30
2026-02-21,0.1,17.293535111163475,2026-02-07,2,wk inc flu hosp,quantile,30
2026-02-21,0.15,20.245693779782414,2026-02-07,2,wk inc flu hosp,quantile,30
2026-02-21,0.2,22.984804138600225,2026-02-07,2,wk inc flu hosp,quantile,30
2026-02-21,0.25,25.608868784192683,2026-02-07,2,wk inc flu hosp,quantile,30
2026-02-21,0.3,28.225570058690867,2026-02-07,2,wk inc flu hosp,quantile,30
2026-02-21,0.35,30.898129449229092,2026-02-07,2,wk inc flu hosp,quantile,30
2026-02-21,0.4,33.65701840007653,2026-02-07,2,wk inc flu hosp,quantile,30
2026-02-21,0.45,36.57247449463611,2026-02-07,2,wk inc flu hosp,quantile,30
2026-02-21,0.5,39.68348391892394,2026-02-07,2,wk inc flu hosp,quantile,30
2026-02-21,0.55,43.04941973368718,2026-02-07,2,wk inc flu hosp,quantile,30
2026-02-21,0.6,46.756789669565656,2026-02-07,2,wk inc flu hosp,quantile,30
2026-02-21,0.65,50.91500445092216,2026-02-07,2,wk inc flu hosp,quantile,30
2026-02-21,0.7,55.72721057190213,2026-02-07,2,wk inc flu hosp,quantile,30
2026-02-21,0.75,61.38102330279679,2026-02-07,2,wk inc flu hosp,quantile,30
2026-02-21,0.8,68.37738588298839,2026-02-07,2,wk inc flu hosp,quantile,30
2026-02-21,0.85,77.68413015898015,2026-02-07,2,wk inc flu hosp,quantile,30
2026-02-21,0.9,91.10219286155093,2026-02-07,2,wk inc flu hosp,quantile,30
2026-02-21,0.95,115.24859874491405,2026-02-07,2,wk inc flu hosp,quantile,30
2026-02-21,0.975,141.41566545642266,2026-02-07,2,wk inc flu hosp,quantile,30
2026-02-21,0.99,179.292351183292,2026-02-07,2,wk inc flu hosp,quantile,30
2026-02-21,0.01,23.529408571296056,2026-02-07,2,wk inc flu hosp,quantile,31
2026-02-21,0.025,29.02708115089253,2026-02-07,2,wk inc flu hosp,quantile,31
2026-02-21,0.05,34.78990296407198,2026-02-07,2,wk inc flu hosp,quantile,31
2026-02-21,0.1,42.83354977304416,2026-02-07,2,wk inc flu hosp,quantile,31
2026-02-21,0.15,49.22903849250688,2026-02-07,2,wk inc flu hosp,quantile,31
2026-02-21,0.2,55.06547196762977,2026-02-07,2,wk inc flu hosp,quantile,31
2026-02-21,0.25,60.580623706740056,2026-02-07,2,wk inc flu hosp,quantile,31
2026-02-21,0.3,66.01469861381806,2026-02-07,2,wk inc flu hosp,quantile,31
2026-02-21,0.35,71.50418760484926,2026-02-07,2,wk inc flu hosp,quantile,31
2026-02-21,0.4,77.11297781850884,2026-02-07,2,wk inc flu hosp,quantile,31
2026-02-21,0.45,82.98189508616451,2026-02-07,2,wk inc flu hosp,quantile,31
2026-02-21,0.5,89.18440396575282,2026-02-07,2,wk inc flu hosp,quantile,31
2026-02-21,0.55,95.83143787719736,2026-02-07,2,wk inc flu hosp,quantile,31
2026-02-21,0.6,103.08277943803725,2026-02-07,2,wk inc flu hosp,quantile,31
2026-02-21,0.65,111.13642652850459,2026-02-07,2,wk inc flu hosp,quantile,31
2026-02-21,0.7,120.36140971366173,2026-02-07,2,wk inc flu hosp,quantile,31
2026-02-21,0.75,131.08170446816794,2026-02-07,2,wk inc flu hosp,quantile,31
2026-02-21,0.8,144.18947862848322,2026-02-07,2,wk inc flu hosp,quantile,31
2026-02-21,0.85,161.38634081111783,2026-02-07,2,wk inc flu hosp,quantile,31
2026-02-21,0.9,185.76512880222126,2026-02-07,2,wk inc flu hosp,quantile,31
2026-02-21,0.95,228.62300338846575,2026-02-07,2,wk inc flu hosp,quantile,31
2026-02-21,0.975,273.89301620882907,2026-02-07,2,wk inc flu hosp,quantile,31
2026-02-21,0.99,337.739649497495,2026-02-07,2,wk inc flu hosp,quantile,31
2026-02-21,0.01,23.240331339405067,2026-02-07,2,wk inc flu hosp,quantile,32
2026-02-21,0.025,28.832207955923614,2026-02-07,2,wk inc flu hosp,quantile,32
2026-02-21,0.05,34.72441538198642,2026-02-07,2,wk inc flu hosp,quantile,32
2026-02-21,0.1,42.99183094687238,2026-02-07,2,wk inc flu hosp,quantile,32
2026-02-21,0.15,49.59552205984036,2026-02-07,2,wk inc flu hosp,quantile,32
2026-02-21,0.2,55.642178667171805,2026-02-07,2,wk inc flu hosp,quantile,32
2026-02-21,0.25,61.371840608360316,2026-02-07,2,wk inc flu hosp,quantile,32
2026-02-21,0.3,67.0309819427565,2026-02-07,2,wk inc flu hosp,quantile,32
2026-02-21,0.35,72.76052965738256,2026-02-07,2,wk inc flu hosp,quantile,32
2026-02-21,0.4,78.62678560508503,2026-02-07,2,wk inc flu hosp,quantile,32
2026-02-21,0.45,84.7773583600563,2026-02-07,2,wk inc flu hosp,quantile,32
2026-02-21,0.5,91.29020570035351,2026-02-07,2,wk inc flu hosp,quantile,32
2026-02-21,0.55,98.28329303327159,2026-02-07,2,wk inc flu hosp,quantile,32
2026-02-21,0.6,105.92696679353283,2026-02-07,2,wk inc flu hosp,quantile,32
2026-02-21,0.65,114.43322812378351,2026-02-07,2,wk inc flu hosp,quantile,32
2026-02-21,0.7,124.19691772719007,2026-02-07,2,wk inc flu hosp,quantile,32
2026-02-21,0.75,135.5683800145884,2026-02-07,2,wk inc flu hosp,quantile,32
2026-02-21,0.8,149.50608217089447,2026-02-07,2,wk inc flu hosp,quantile,32
2026-02-21,0.85,167.84294261302,2026-02-07,2,wk inc flu hosp,quantile,32
2026-02-21,0.9,193.92662008388265,2026-02-07,2,wk inc flu hosp,quantile,32
2026-02-21,0.95,239.99854997946676,2026-02-07,2,wk inc flu hosp,quantile,32
2026-02-21,0.975,288.91612580789393,2026-02-07,2,wk inc flu hosp,quantile,32
2026-02-21,0.99,358.27044072780393,2026-02-07,2,wk inc flu hosp,quantile,32
2026-02-21,0.01,13.233328485326235,2026-02-07,2,wk inc flu hosp,quantile,33
2026-02-21,0.025,15.850768561345111,2026-02-07,2,wk inc flu hosp,quantile,33
2026-02-21,0.05,18.52043061868706,2026-02-07,2,wk inc flu hosp,quantile,33
2026-02-21,0.1,22.145823508329713,2026-02-07,2,wk inc flu hosp,quantile,33
2026-02-21,0.15,24.959656885586497,2026-02-07,2,wk inc flu hosp,quantile,33
2026-02-21,0.2,27.482796404313483,2026-02-07,2,wk inc flu hosp,quantile,33
2026-02-21,0.25,29.83263348911856,2026-02-07,2,wk inc flu hosp,quantile,33
2026-02-21,0.3,32.118662403338604,2026-02-07,2,wk inc flu hosp,quantile,33
2026-02-21,0.35,34.40129202592906,2026-02-07,2,wk inc flu hosp,quantile,33
2026-02-21,0.4,36.70822778111228,2026-02-07,2,wk inc flu hosp,quantile,33
2026-02-21,0.45,39.09705378152586,2026-02-07,2,wk inc flu hosp,quantile,33
2026-02-21,0.5,41.596007367761956,2026-02-07,2,wk inc flu hosp,quantile,33
2026-02-21,0.55,44.24711248918783,2026-02-07,2,wk inc flu hosp,quantile,33
2026-02-21,0.6,47.10996284592992,2026-02-07,2,wk inc flu hosp,quantile,33
2026-02-21,0.65,50.256633561249934,2026-02-07,2,wk inc flu hosp,quantile,33
2026-02-21,0.7,53.82191314340077,2026-02-07,2,wk inc flu hosp,quantile,33
2026-02-21,0.75,57.91730078151494,2026-02-07,2,wk inc flu hosp,quantile,33
2026-02-21,0.8,62.86152849246715,2026-02-07,2,wk inc flu hosp,quantile,33
2026-02-21,0.85,69.25382691810286,2026-02-07,2,wk inc flu hosp,quantile,33
2026-02-21,0.9,78.15521235591162,2026-02-07,2,wk inc flu hosp,quantile,33
2026-02-21,0.95,93.42179028438312,2026-02-07,2,wk inc flu hosp,quantile,33
2026-02-21,0.975,109.1155508747686,2026-02-07,2,wk inc flu hosp,quantile,33
2026-02-21,0.99,130.64821637467435,2026-02-07,2,wk inc flu hosp,quantile,33
2026-02-21,0.01,42.10828829161678,2026-02-07,2,wk inc flu hosp,quantile,34
2026-02-21,0.025,56.26794940325502,2026-02-07,2,wk inc flu hosp,quantile,34
2026-02-21,0.05,72.25024470042393,2026-02-07,2,wk inc flu hosp,quantile,34
2026-02-21,0.1,96.28164255675294,2026-02-07,2,wk inc flu hosp,quantile,34
2026-02-21,0.15,116.67526335918474,2026-02-07,2,wk inc flu hosp,quantile,34
2026-02-21,0.2,136.19227824058274,2026-02-07,2,wk inc flu hosp,quantile,34
2026-02-21,0.25,155.3750794771665,2026-02-07,2,wk inc flu hosp,quantile,34
2026-02-21,0.3,174.93815791676707,2026-02-07,2,wk inc flu hosp,quantile,34
2026-02-21,0.35,195.33324987438112,2026-02-07,2,wk inc flu hosp,quantile,34
2026-02-21,0.4,216.79633323696544,2026-02-07,2,wk inc flu hosp,quantile,34
2026-02-21,0.45,239.89976586871168,2026-02-07,2,wk inc flu hosp,quantile,34
2026-02-21,0.5,265.0012968976853,2026-02-07,2,wk inc flu hosp,quantile,34
2026-02-21,0.55,292.64883072351495,2026-02-07,2,wk inc flu hosp,quantile,34
2026-02-21,0.6,323.65273688676615,2026-02-07,2,wk inc flu hosp,quantile,34
2026-02-21,0.65,359.07198575757883,2026-02-07,2,wk inc flu hosp,quantile,34
2026-02-21,0.7,400.8577882591821,2026-02-07,2,wk inc flu hosp,quantile,34
2026-02-21,0.75,450.96775869268913,2026-02-07,2,wk inc flu hosp,quantile,34
2026-02-21,0.8,514.3841301763053,2026-02-07,2,wk inc flu hosp,quantile,34
2026-02-21,0.85,600.9539092404278,2026-02-07,2,wk inc flu hosp,quantile,34
2026-02-21,0.9,729.7730045461171,2026-02-07,2,wk inc flu hosp,quantile,34
2026-02-21,0.95,971.9640640033783,2026-02-07,2,wk inc flu hosp,quantile,34
2026-02-21,0.975,1247.2909602291973,2026-02-07,2,wk inc flu hosp,quantile,34
2026-02-21,0.99,1665.7016925246935,2026-02-07,2,wk inc flu hosp,quantile,34
2026-02-21,0.01,24.770745455233495,2026-02-07,2,wk inc flu hosp,quantile,35
2026-02-21,0.025,30.629877993989282,2026-02-07,2,wk inc flu hosp,quantile,35
2026-02-21,0.05,36.78489407580605,2026-02-07,2,wk inc flu hosp,quantile,35
2026-02-21,0.1,45.39464418608485,2026-02-07,2,wk inc flu hosp,quantile,35
2026-02-21,0.15,52.253311198420995,2026-02-07,2,wk inc flu hosp,quantile,35
2026-02-21,0.2,58.52114108958243,2026-02-07,2,wk inc flu hosp,quantile,35
2026-02-21,0.25,64.45075817684385,2026-02-07,2,wk inc flu hosp,quantile,35
2026-02-21,0.3,70.29908883660018,2026-02-07,2,wk inc flu hosp,quantile,35
2026-02-21,0.35,76.21249938666978,2026-02-07,2,wk inc flu hosp,quantile,35
2026-02-21,0.4,82.25964155583144,2026-02-07,2,wk inc flu hosp,quantile,35
2026-02-21,0.45,88.59247731099211,2026-02-07,2,wk inc flu hosp,quantile,35
2026-02-21,0.5,95.29068573450164,2026-02-07,2,wk inc flu hosp,quantile,35
2026-02-21,0.55,102.47469204704757,2026-02-07,2,wk inc flu hosp,quantile,35
2026-02-21,0.6,110.31813723572093,2026-02-07,2,wk inc flu hosp,quantile,35
2026-02-21,0.65,119.03658025720755,2026-02-07,2,wk inc flu hosp,quantile,35
2026-02-21,0.7,129.03166121841267,2026-02-07,2,wk inc flu hosp,quantile,35
2026-02-21,0.75,140.65755407194794,2026-02-07,2,wk inc flu hosp,quantile,35
2026-02-21,0.8,154.88691299324105,2026-02-07,2,wk inc flu hosp,quantile,35
2026-02-21,0.85,173.57690646063313,2026-02-07,2,wk inc flu hosp,quantile,35
2026-02-21,0.9,200.1099184691327,2026-02-07,2,wk inc flu hosp,quantile,35
2026-02-21,0.95,246.8463201250208,2026-02-07,2,wk inc flu hosp,quantile,35
2026-02-21,0.975,296.31933041472456,2026-02-07,2,wk inc flu hosp,quantile,35
2026-02-21,0.99,366.2459081202944,2026-02-07,2,wk inc flu hosp,quantile,35
2026-02-21,0.01,107.00073048665702,2026-02-07,2,wk inc flu hosp,quantile,36
2026-02-21,0.025,132.33202406864933,2026-02-07,2,wk inc flu hosp,quantile,36
2026-02-21,0.05,158.94662638762372,2026-02-07,2,wk inc flu hosp,quantile,36
2026-02-21,0.1,196.18136995210483,2026-02-07,2,wk inc flu hosp,quantile,36
2026-02-21,0.15,225.84719191056024,2026-02-07,2,wk inc flu hosp,quantile,36
2026-02-21,0.2,252.96014063399366,2026-02-07,2,wk inc flu hosp,quantile,36
2026-02-21,0.25,278.6121674850851,2026-02-07,2,wk inc flu hosp,quantile,36
2026-02-21,0.3,303.914351397096,2026-02-07,2,wk inc flu hosp,quantile,36
2026-02-21,0.35,329.49976977813037,2026-02-07,2,wk inc flu hosp,quantile,36
2026-02-21,0.4,355.6654060972277,2026-02-07,2,wk inc flu hosp,quantile,36
2026-02-21,0.45,383.0688324362699,2026-02-07,2,wk inc flu hosp,quantile,36
2026-02-21,0.5,412.0549624984276,2026-02-07,2,wk inc flu hosp,quantile,36
2026-02-21,0.55,443.1451237425796,2026-02-07,2,wk inc flu hosp,quantile,36
2026-02-21,0.6,477.09107452225965,2026-02-07,2,wk inc flu hosp,quantile,36
2026-02-21,0.65,514.8261710502319,2026-02-07,2,wk inc flu hosp,quantile,36
2026-02-21,0.7,558.0894513029311,2026-02-07,2,wk inc flu hosp,quantile,36
2026-02-21,0.75,608.4149143315672,2026-02-07,2,wk inc flu hosp,quantile,36
2026-02-21,0.8,670.0145051587795,2026-02-07,2,wk inc flu hosp,quantile,36
2026-02-21,0.85,750.9310659674621,2026-02-07,2,wk inc flu hosp,quantile,36
2026-02-21,0.9,865.8147820352427,2026-02-07,2,wk inc flu hosp,quantile,36
2026-02-21,0.95,1068.2041038158459,2026-02-07,2,wk inc flu hosp,quantile,36
2026-02-21,0.975,1282.4768537544405,2026-02-07,2,wk inc flu hosp,quantile,36
2026-02-21,0.99,1585.383027422912,2026-02-07,2,wk inc flu hosp,quantile,36
2026-02-21,0.01,32.76498469378634,2026-02-07,2,wk inc flu hosp,quantile,37
2026-02-21,0.025,47.91119184691781,2026-02-07,2,wk inc flu hosp,quantile,37
2026-02-21,0.05,66.49153055024505,2026-02-07,2,wk inc flu hosp,quantile,37
2026-02-21,0.1,96.8800386931057,2026-02-07,2,wk inc flu hosp,quantile,37
2026-02-21,0.15,124.62499120044833,2026-02-07,2,wk inc flu hosp,quantile,37
2026-02-21,0.2,152.63689303083854,2026-02-07,2,wk inc flu hosp,quantile,37
2026-02-21,0.25,181.41691204183206,2026-02-07,2,wk inc flu hosp,quantile,37
2026-02-21,0.3,211.92906416597253,2026-02-07,2,wk inc flu hosp,quantile,37
2026-02-21,0.35,244.88888433720996,2026-02-07,2,wk inc flu hosp,quantile,37
2026-02-21,0.4,280.7492612754035,2026-02-07,2,wk inc flu hosp,quantile,37
2026-02-21,0.45,320.6024745913993,2026-02-07,2,wk inc flu hosp,quantile,37
2026-02-21,0.5,365.2744091292446,2026-02-07,2,wk inc flu hosp,quantile,37
2026-02-21,0.55,416.0208845582092,2026-02-07,2,wk inc flu hosp,quantile,37
2026-02-21,0.6,474.7245573049279,2026-02-07,2,wk inc flu hosp,quantile,37
2026-02-21,0.65,543.9560273467008,2026-02-07,2,wk inc flu hosp,quantile,37
2026-02-21,0.7,628.3965266933203,2026-02-07,2,wk inc flu hosp,quantile,37
2026-02-21,0.75,733.314594527619,2026-02-07,2,wk inc flu hosp,quantile,37
2026-02-21,0.8,871.35431303851,2026-02-07,2,wk inc flu hosp,quantile,37
2026-02-21,0.85,1068.4326799348771,2026-02-07,2,wk inc flu hosp,quantile,37
2026-02-21,0.9,1378.2011694005714,2026-02-07,2,wk inc flu hosp,quantile,37
2026-02-21,0.95,2006.61329380892,2026-02-07,2,wk inc flu hosp,quantile,37
2026-02-21,0.975,2782.603618375191,2026-02-07,2,wk inc flu hosp,quantile,37
2026-02-21,0.99,4065.670924253652,2026-02-07,2,wk inc flu hosp,quantile,37
2026-02-21,0.01,11.324022864697211,2026-02-07,2,wk inc flu hosp,quantile,38
2026-02-21,0.025,13.64778566089865,2026-02-07,2,wk inc flu hosp,quantile,38
2026-02-21,0.05,16.031513944978517,2026-02-07,2,wk inc flu hosp,quantile,38
2026-02-21,0.1,19.287244888016673,2026-02-07,2,wk inc flu hosp,quantile,38
2026-02-21,0.15,21.82696119215499,2026-02-07,2,wk inc flu hosp,quantile,38
2026-02-21,0.2,24.11269139223561,2026-02-07,2,wk inc flu hosp,quantile,38
2026-02-21,0.25,26.24791073927637,2026-02-07,2,wk inc flu hosp,quantile,38
2026-02-21,0.3,28.330685389289453,2026-02-07,2,wk inc flu hosp,quantile,38
2026-02-21,0.35,30.415431263358716,2026-02-07,2,wk inc flu hosp,quantile,38
2026-02-21,0.4,32.52718996595902,2026-02-07,2,wk inc flu hosp,quantile,38
2026-02-21,0.45,34.7186981552281,2026-02-07,2,wk inc flu hosp,quantile,38
2026-02-21,0.5,37.016141361865884,2026-02-07,2,wk inc flu hosp,quantile,38
2026-02-21,0.55,39.45862882825407,2026-02-07,2,wk inc flu hosp,quantile,38
2026-02-21,0.6,42.10181946596428,2026-02-07,2,wk inc flu hosp,quantile,38
2026-02-21,0.65,45.01338842883036,2026-02-07,2,wk inc flu hosp,quantile,38
2026-02-21,0.7,48.31981624030465,2026-02-07,2,wk inc flu hosp,quantile,38
2026-02-21,0.75,52.127095886546506,2026-02-07,2,wk inc flu hosp,quantile,38
2026-02-21,0.8,56.73573505305992,2026-02-07,2,wk inc flu hosp,quantile,38
2026-02-21,0.85,62.71244256191737,2026-02-07,2,wk inc flu hosp,quantile,38
2026-02-21,0.9,71.06628177318827,2026-02-07,2,wk inc flu hosp,quantile,38
2026-02-21,0.95,85.46800921681914,2026-02-07,2,wk inc flu hosp,quantile,38
2026-02-21,0.975,100.35709722096769,2026-02-07,2,wk inc flu hosp,quantile,38
2026-02-21,0.99,120.90368249925758,2026-02-07,2,wk inc flu hosp,quantile,38
2026-02-21,0.01,156.97207896424655,2026-02-07,2,wk inc flu hosp,quantile,39
2026-02-21,0.025,191.4150179050017,2026-02-07,2,wk inc flu hosp,quantile,39
2026-02-21,0.05,227.13294213641015,2026-02-07,2,wk inc flu hosp,quantile,39
2026-02-21,0.1,276.4520536325292,2026-02-07,2,wk inc flu hosp,quantile,39
2026-02-21,0.15,315.2954434161985,2026-02-07,2,wk inc flu hosp,quantile,39
2026-02-21,0.2,350.4992950357385,2026-02-07,2,wk inc flu hosp,quantile,39
2026-02-21,0.25,383.57562039092926,2026-02-07,2,wk inc flu hosp,quantile,39
2026-02-21,0.3,416.00307293722346,2026-02-07,2,wk inc flu hosp,quantile,39
2026-02-21,0.35,448.611660213067,2026-02-07,2,wk inc flu hosp,quantile,39
2026-02-21,0.4,481.7862923321055,2026-02-07,2,wk inc flu hosp,quantile,39
2026-02-21,0.45,516.3570892115314,2026-02-07,2,wk inc flu hosp,quantile,39
2026-02-21,0.5,552.7464301094858,2026-02-07,2,wk inc flu hosp,quantile,39
2026-02-21,0.55,591.58894769367,2026-02-07,2,wk inc flu hosp,quantile,39
2026-02-21,0.6,633.7935560746982,2026-02-07,2,wk inc flu hosp,quantile,39
2026-02-21,0.65,680.4762263586284,2026-02-07,2,wk inc flu hosp,quantile,39
2026-02-21,0.7,733.7198964534732,2026-02-07,2,wk inc flu hosp,quantile,39
2026-02-21,0.75,795.3122600605117,2026-02-07,2,wk inc flu hosp,quantile,39
2026-02-21,0.8,870.2461615560622,2026-02-07,2,wk inc flu hosp,quantile,39
2026-02-21,0.85,967.9915276157673,2026-02-07,2,wk inc flu hosp,quantile,39
2026-02-21,0.9,1105.5874172327099,2026-02-07,2,wk inc flu hosp,quantile,39
2026-02-21,0.95,1345.1395431920157,2026-02-07,2,wk inc flu hosp,quantile,39
2026-02-21,0.975,1595.4862787182637,2026-02-07,2,wk inc flu hosp,quantile,39
2026-02-21,0.99,1944.759822300292,2026-02-07,2,wk inc flu hosp,quantile,39
2026-02-21,0.01,37.08817943676246,2026-02-07,2,wk inc flu hosp,quantile,40
2026-02-21,0.025,45.182994371821955,2026-02-07,2,wk inc flu hosp,quantile,40
2026-02-21,0.05,53.570040949203026,2026-02-07,2,wk inc flu hosp,quantile,40
2026-02-21,0.1,65.14055881873196,2026-02-07,2,wk inc flu hosp,quantile,40
2026-02-21,0.15,74.24631579046876,2026-02-07,2,wk inc flu hosp,quantile,40
2026-02-21,0.2,82.49419833922335,2026-02-07,2,wk inc flu hosp,quantile,40
2026-02-21,0.25,90.23998398016259,2026-02-07,2,wk inc flu hosp,quantile,40
2026-02-21,0.3,97.83069559331638,2026-02-07,2,wk inc flu hosp,quantile,40
2026-02-21,0.35,105.46093785818614,2026-02-07,2,wk inc flu hosp,quantile,40
2026-02-21,0.4,113.22089522121033,2026-02-07,2,wk inc flu hosp,quantile,40
2026-02-21,0.45,121.30470094607428,2026-02-07,2,wk inc flu hosp,quantile,40
2026-02-21,0.5,129.8109341947226,2026-02-07,2,wk inc flu hosp,quantile,40
2026-02-21,0.55,138.88764526106587,2026-02-07,2,wk inc flu hosp,quantile,40
2026-02-21,0.6,148.7467659495798,2026-02-07,2,wk inc flu hosp,quantile,40
2026-02-21,0.65,159.64830570090874,2026-02-07,2,wk inc flu hosp,quantile,40
2026-02-21,0.7,172.0776214536935,2026-02-07,2,wk inc flu hosp,quantile,40
2026-02-21,0.75,186.45048169540829,2026-02-07,2,wk inc flu hosp,quantile,40
2026-02-21,0.8,203.9294697518986,2026-02-07,2,wk inc flu hosp,quantile,40
2026-02-21,0.85,226.71863809165598,2026-02-07,2,wk inc flu hosp,quantile,40
2026-02-21,0.9,258.78035952237366,2026-02-07,2,wk inc flu hosp,quantile,40
2026-02-21,0.95,314.55469172828424,2026-02-07,2,wk inc flu hosp,quantile,40
2026-02-21,0.975,372.79116349082017,2026-02-07,2,wk inc flu hosp,quantile,40
2026-02-21,0.99,453.96803432750767,2026-02-07,2,wk inc flu hosp,quantile,40
2026-02-21,0.01,51.23177900905582,2026-02-07,2,wk inc flu hosp,quantile,41
2026-02-21,0.025,64.64500492533205,2026-02-07,2,wk inc flu hosp,quantile,41
2026-02-21,0.05,79.00229061553418,2026-02-07,2,wk inc flu hosp,quantile,41
2026-02-21,0.1,99.46747686480923,2026-02-07,2,wk inc flu hosp,quantile,41
2026-02-21,0.15,116.04205120769485,2026-02-07,2,wk inc flu hosp,quantile,41
2026-02-21,0.2,131.3724038156603,2026-02-07,2,wk inc flu hosp,quantile,41
2026-02-21,0.25,146.02084823800936,2026-02-07,2,wk inc flu hosp,quantile,41
2026-02-21,0.3,160.59509048699746,2026-02-07,2,wk inc flu hosp,quantile,41
2026-02-21,0.35,175.4495914992047,2026-02-07,2,wk inc flu hosp,quantile,41
2026-02-21,0.4,190.7541210533675,2026-02-07,2,wk inc flu hosp,quantile,41
2026-02-21,0.45,206.8970558761102,2026-02-07,2,wk inc flu hosp,quantile,41
2026-02-21,0.5,224.0914181639261,2026-02-07,2,wk inc flu hosp,quantile,41
2026-02-21,0.55,242.66121516518547,2026-02-07,2,wk inc flu hosp,quantile,41
2026-02-21,0.6,263.07760627760683,2026-02-07,2,wk inc flu hosp,quantile,41
2026-02-21,0.65,285.9342956086721,2026-02-07,2,wk inc flu hosp,quantile,41
2026-02-21,0.7,312.3344592080938,2026-02-07,2,wk inc flu hosp,quantile,41
2026-02-21,0.75,343.28759420331477,2026-02-07,2,wk inc flu hosp,quantile,41
2026-02-21,0.8,381.5040798638182,2026-02-07,2,wk inc flu hosp,quantile,41
2026-02-21,0.85,432.20790941434234,2026-02-07,2,wk inc flu hosp,quantile,41
2026-02-21,0.9,505.07759293256726,2026-02-07,2,wk inc flu hosp,quantile,41
2026-02-21,0.95,635.6317432978096,2026-02-07,2,wk inc flu hosp,quantile,41
2026-02-21,0.975,776.4279718180316,2026-02-07,2,wk inc flu hosp,quantile,41
2026-02-21,0.99,979.2303862207142,2026-02-07,2,wk inc flu hosp,quantile,41
2026-02-21,0.01,398.9433107031629,2026-02-07,2,wk inc flu hosp,quantile,42
2026-02-21,0.025,460.8552254235643,2026-02-07,2,wk inc flu hosp,quantile,42
2026-02-21,0.05,521.915948968677,2026-02-07,2,wk inc flu hosp,quantile,42
2026-02-21,0.1,602.0908163731863,2026-02-07,2,wk inc flu hosp,quantile,42
2026-02-21,0.15,662.4989417021111,2026-02-07,2,wk inc flu hosp,quantile,42
2026-02-21,0.2,715.5096143230667,2026-02-07,2,wk inc flu hosp,quantile,42
2026-02-21,0.25,764.0055775909584,2026-02-07,2,wk inc flu hosp,quantile,42
2026-02-21,0.3,810.4534636660824,2026-02-07,2,wk inc flu hosp,quantile,42
2026-02-21,0.35,856.1744714378603,2026-02-07,2,wk inc flu hosp,quantile,42
2026-02-21,0.4,901.7676013196982,2026-02-07,2,wk inc flu hosp,quantile,42
2026-02-21,0.45,948.3771330733709,2026-02-07,2,wk inc flu hosp,quantile,42
2026-02-21,0.5,996.5278313806189,2026-02-07,2,wk inc flu hosp,quantile,42
2026-02-21,0.55,1046.9799824941408,2026-02-07,2,wk inc flu hosp,quantile,42
2026-02-21,0.6,1100.7854887748674,2026-02-07,2,wk inc flu hosp,quantile,42
2026-02-21,0.65,1159.1741701990493,2026-02-07,2,wk inc flu hosp,quantile,42
2026-02-21,0.7,1224.451726295566,2026-02-07,2,wk inc flu hosp,quantile,42
2026-02-21,0.75,1298.3746385643465,2026-02-07,2,wk inc flu hosp,quantile,42
2026-02-21,0.8,1386.238242713393,2026-02-07,2,wk inc flu hosp,quantile,42
2026-02-21,0.85,1497.8117367766229,2026-02-07,2,wk inc flu hosp,quantile,42
2026-02-21,0.9,1649.8100936466576,2026-02-07,2,wk inc flu hosp,quantile,42
2026-02-21,0.95,1902.7208501441933,2026-02-07,2,wk inc flu hosp,quantile,42
2026-02-21,0.975,2154.177092775973,2026-02-07,2,wk inc flu hosp,quantile,42
2026-02-21,0.99,2487.7304573415136,2026-02-07,2,wk inc flu hosp,quantile,42
2026-02-21,0.01,43.933343526172365,2026-02-07,2,wk inc flu hosp,quantile,72
2026-02-21,0.025,55.09386510061607,2026-02-07,2,wk inc flu hosp,quantile,72
2026-02-21,0.05,66.97163575112353,2026-02-07,2,wk inc flu hosp,quantile,72
2026-02-21,0.1,83.80523606651093,2026-02-07,2,wk inc flu hosp,quantile,72
2026-02-21,0.15,97.36995082567456,2026-02-07,2,wk inc flu hosp,quantile,72
2026-02-21,0.2,109.87027773459978,2026-02-07,2,wk inc flu hosp,quantile,72
2026-02-21,0.25,121.77823795720622,2026-02-07,2,wk inc flu hosp,quantile,72
2026-02-21,0.3,133.59432563091062,2026-02-07,2,wk inc flu hosp,quantile,72
2026-02-21,0.35,145.60829209812812,2026-02-07,2,wk inc flu hosp,quantile,72
2026-02-21,0.4,157.95795297250461,2026-02-07,2,wk inc flu hosp,quantile,72
2026-02-21,0.45,170.95562534192916,2026-02-07,2,wk inc flu hosp,quantile,72
2026-02-21,0.5,184.77024726510703,2026-02-07,2,wk inc flu hosp,quantile,72
2026-02-21,0.55,199.65834200260858,2026-02-07,2,wk inc flu hosp,quantile,72
2026-02-21,0.6,215.9920309876241,2026-02-07,2,wk inc flu hosp,quantile,72
2026-02-21,0.65,234.23814462115524,2026-02-07,2,wk inc flu hosp,quantile,72
2026-02-21,0.7,255.26486301557065,2026-02-07,2,wk inc flu hosp,quantile,72
2026-02-21,0.75,279.8579196393928,2026-02-07,2,wk inc flu hosp,quantile,72
2026-02-21,0.8,310.14106561509396,2026-02-07,2,wk inc flu hosp,quantile,72
2026-02-21,0.85,350.1960257291259,2026-02-07,2,wk inc flu hosp,quantile,72
2026-02-21,0.9,407.5460223713057,2026-02-07,2,wk inc flu hosp,quantile,72
2026-02-21,0.95,509.7627800300348,2026-02-07,2,wk inc flu hosp,quantile,72
2026-02-21,0.975,619.3729510325917,2026-02-07,2,wk inc flu hosp,quantile,72
2026-02-21,0.99,776.3454773910208,2026-02-07,2,wk inc flu hosp,quantile,72
2026-02-21,0.01,9.101111351868854,2026-02-07,2,wk inc flu hosp,quantile,44
2026-02-21,0.025,11.221202928309596,2026-02-07,2,wk inc flu hosp,quantile,44
2026-02-21,0.05,13.44237237071021,2026-02-07,2,wk inc flu hosp,quantile,44
2026-02-21,0.1,16.540999214357058,2026-02-07,2,wk inc flu hosp,quantile,44
2026-02-21,0.15,19.003565205311816,2026-02-07,2,wk inc flu hosp,quantile,44
2026-02-21,0.2,21.250106375672658,2026-02-07,2,wk inc flu hosp,quantile,44
2026-02-21,0.25,23.37238512861037,2026-02-07,2,wk inc flu hosp,quantile,44
2026-02-21,0.3,25.462951342121855,2026-02-07,2,wk inc flu hosp,quantile,44
2026-02-21,0.35,27.574361821173902,2026-02-07,2,wk inc flu hosp,quantile,44
2026-02-21,0.4,29.73120458076009,2026-02-07,2,wk inc flu hosp,quantile,44
2026-02-21,0.45,31.98762291810604,2026-02-07,2,wk inc flu hosp,quantile,44
2026-02-21,0.5,34.37182674190066,2026-02-07,2,wk inc flu hosp,quantile,44
2026-02-21,0.55,36.92640423051809,2026-02-07,2,wk inc flu hosp,quantile,44
2026-02-21,0.6,39.712680822230595,2026-02-07,2,wk inc flu hosp,quantile,44
2026-02-21,0.65,42.80661557246001,2026-02-07,2,wk inc flu hosp,quantile,44
2026-02-21,0.7,46.349792096325025,2026-02-07,2,wk inc flu hosp,quantile,44
2026-02-21,0.75,50.46637262698394,2026-02-07,2,wk inc flu hosp,quantile,44
2026-02-21,0.8,55.49850742454694,2026-02-07,2,wk inc flu hosp,quantile,44
2026-02-21,0.85,62.098594509409516,2026-02-07,2,wk inc flu hosp,quantile,44
2026-02-21,0.9,71.45184652487465,2026-02-07,2,wk inc flu hosp,quantile,44
2026-02-21,0.95,87.88699867802028,2026-02-07,2,wk inc flu hosp,quantile,44
2026-02-21,0.975,105.23806006577836,2026-02-07,2,wk inc flu hosp,quantile,44
2026-02-21,0.99,129.696147102329,2026-02-07,2,wk inc flu hosp,quantile,44
2026-02-21,0.01,45.92160647728382,2026-02-07,2,wk inc flu hosp,quantile,45
2026-02-21,0.025,57.247886443086074,2026-02-07,2,wk inc flu hosp,quantile,45
2026-02-21,0.05,69.2362488313484,2026-02-07,2,wk inc flu hosp,quantile,45
2026-02-21,0.1,86.13336696358702,2026-02-07,2,wk inc flu hosp,quantile,45
2026-02-21,0.15,99.68371605194025,2026-02-07,2,wk inc flu hosp,quantile,45
2026-02-21,0.2,112.1269518181127,2026-02-07,2,wk inc flu hosp,quantile,45
2026-02-21,0.25,123.94606687553781,2026-02-07,2,wk inc flu hosp,quantile,45
2026-02-21,0.3,135.64415266437396,2026-02-07,2,wk inc flu hosp,quantile,45
2026-02-21,0.35,147.5104550171979,2026-02-07,2,wk inc flu hosp,quantile,45
2026-02-21,0.4,159.68170145255013,2026-02-07,2,wk inc flu hosp,quantile,45
2026-02-21,0.45,172.4648003319917,2026-02-07,2,wk inc flu hosp,quantile,45
2026-02-21,0.5,186.0235901867261,2026-02-07,2,wk inc flu hosp,quantile,45
2026-02-21,0.55,200.60639978866308,2026-02-07,2,wk inc flu hosp,quantile,45
2026-02-21,0.6,216.57258194776932,2026-02-07,2,wk inc flu hosp,quantile,45
2026-02-21,0.65,234.3709943878832,2026-02-07,2,wk inc flu hosp,quantile,45
2026-02-21,0.7,254.83706835283053,2026-02-07,2,wk inc flu hosp,quantile,45
2026-02-21,0.75,278.7187970108267,2026-02-07,2,wk inc flu hosp,quantile,45
2026-02-21,0.8,308.0512480113045,2026-02-07,2,wk inc flu hosp,quantile,45
2026-02-21,0.85,346.7350066522118,2026-02-07,2,wk inc flu hosp,quantile,45
2026-02-21,0.9,401.9236440577684,2026-02-07,2,wk inc flu hosp,quantile,45
2026-02-21,0.95,499.8015453101574,2026-02-07,2,wk inc flu hosp,quantile,45
2026-02-21,0.975,604.1898551197598,2026-02-07,2,wk inc flu hosp,quantile,45
2026-02-21,0.99,752.8613533168758,2026-02-07,2,wk inc flu hosp,quantile,45
2026-02-21,0.01,10.358760986544402,2026-02-07,2,wk inc flu hosp,quantile,46
2026-02-21,0.025,12.614051350480725,2026-02-07,2,wk inc flu hosp,quantile,46
2026-02-21,0.05,14.94979913922321,2026-02-07,2,wk inc flu hosp,quantile,46
2026-02-21,0.1,18.170796652181664,2026-02-07,2,wk inc flu hosp,quantile,46
2026-02-21,0.15,20.704735076095567,2026-02-07,2,wk inc flu hosp,quantile,46
2026-02-21,0.2,22.99933876116666,2026-02-07,2,wk inc flu hosp,quantile,46
2026-02-21,0.25,25.15378531736744,2026-02-07,2,wk inc flu hosp,quantile,46
2026-02-21,0.3,27.264694974969913,2026-02-07,2,wk inc flu hosp,quantile,46
2026-02-21,0.35,29.38622645087288,2026-02-07,2,wk inc flu hosp,quantile,46
2026-02-21,0.4,31.543470243267866,2026-02-07,2,wk inc flu hosp,quantile,46
2026-02-21,0.45,33.790389525718645,2026-02-07,2,wk inc flu hosp,quantile,46
2026-02-21,0.5,36.15436064441736,2026-02-07,2,wk inc flu hosp,quantile,46
2026-02-21,0.55,38.676489827265314,2026-02-07,2,wk inc flu hosp,quantile,46
2026-02-21,0.6,41.41560648918202,2026-02-07,2,wk inc flu hosp,quantile,46
2026-02-21,0.65,44.443859608610794,2026-02-07,2,wk inc flu hosp,quantile,46
2026-02-21,0.7,47.8959359340272,2026-02-07,2,wk inc flu hosp,quantile,46
2026-02-21,0.75,51.88710900206568,2026-02-07,2,wk inc flu hosp,quantile,46
2026-02-21,0.8,56.73988925603693,2026-02-07,2,wk inc flu hosp,quantile,46
2026-02-21,0.85,63.065567800811046,2026-02-07,2,wk inc flu hosp,quantile,46
2026-02-21,0.9,71.9626726415002,2026-02-07,2,wk inc flu hosp,quantile,46
2026-02-21,0.95,87.434255994126,2026-02-07,2,wk inc flu hosp,quantile,46
2026-02-21,0.975,103.5822293402685,2026-02-07,2,wk inc flu hosp,quantile,46
2026-02-21,0.99,126.08186103971126,2026-02-07,2,wk inc flu hosp,quantile,46
2026-02-21,0.01,106.45630908484125,2026-02-07,2,wk inc flu hosp,quantile,47
2026-02-21,0.025,123.57279138752473,2026-02-07,2,wk inc flu hosp,quantile,47
2026-02-21,0.05,140.52981002099068,2026-02-07,2,wk inc flu hosp,quantile,47
2026-02-21,0.1,162.8951657962141,2026-02-07,2,wk inc flu hosp,quantile,47
2026-02-21,0.15,179.81333789759344,2026-02-07,2,wk inc flu hosp,quantile,47
2026-02-21,0.2,194.70257504849536,2026-02-07,2,wk inc flu hosp,quantile,47
2026-02-21,0.25,208.356243696776,2026-02-07,2,wk inc flu hosp,quantile,47
2026-02-21,0.3,221.46057220397913,2026-02-07,2,wk inc flu hosp,quantile,47
2026-02-21,0.35,234.38443331515057,2026-02-07,2,wk inc flu hosp,quantile,47
2026-02-21,0.4,247.29519478306443,2026-02-07,2,wk inc flu hosp,quantile,47
2026-02-21,0.45,260.5163909087663,2026-02-07,2,wk inc flu hosp,quantile,47
2026-02-21,0.5,274.1976191804263,2026-02-07,2,wk inc flu hosp,quantile,47
2026-02-21,0.55,288.5565282008133,2026-02-07,2,wk inc flu hosp,quantile,47
2026-02-21,0.6,303.89535438781814,2026-02-07,2,wk inc flu hosp,quantile,47
2026-02-21,0.65,320.5691518706249,2026-02-07,2,wk inc flu hosp,quantile,47
2026-02-21,0.7,339.24345349970065,2026-02-07,2,wk inc flu hosp,quantile,47
2026-02-21,0.75,360.4311989347369,2026-02-07,2,wk inc flu hosp,quantile,47
2026-02-21,0.8,385.6670627249185,2026-02-07,2,wk inc flu hosp,quantile,47
2026-02-21,0.85,417.7897134221827,2026-02-07,2,wk inc flu hosp,quantile,47
2026-02-21,0.9,461.67906203055514,2026-02-07,2,wk inc flu hosp,quantile,47
2026-02-21,0.95,535.0022064874923,2026-02-07,2,wk inc flu hosp,quantile,47
2026-02-21,0.975,608.2289742002015,2026-02-07,2,wk inc flu hosp,quantile,47
2026-02-21,0.99,705.8017773825437,2026-02-07,2,wk inc flu hosp,quantile,47
2026-02-21,0.01,84.13926011392932,2026-02-07,2,wk inc flu hosp,quantile,48
2026-02-21,0.025,124.80883605288149,2026-02-07,2,wk inc flu hosp,quantile,48
2026-02-21,0.05,175.36337074178198,2026-02-07,2,wk inc flu hosp,quantile,48
2026-02-21,0.1,259.1598618315455,2026-02-07,2,wk inc flu hosp,quantile,48
2026-02-21,0.15,336.55853774668043,2026-02-07,2,wk inc flu hosp,quantile,48
2026-02-21,0.2,415.3685746164706,2026-02-07,2,wk inc flu hosp,quantile,48
2026-02-21,0.25,496.91170096301437,2026-02-07,2,wk inc flu hosp,quantile,48
2026-02-21,0.3,583.8972574043621,2026-02-07,2,wk inc flu hosp,quantile,48
2026-02-21,0.35,678.3924787408986,2026-02-07,2,wk inc flu hosp,quantile,48
2026-02-21,0.4,781.7490751541998,2026-02-07,2,wk inc flu hosp,quantile,48
2026-02-21,0.45,897.1980204380766,2026-02-07,2,wk inc flu hosp,quantile,48
2026-02-21,0.5,1027.2492504211787,2026-02-07,2,wk inc flu hosp,quantile,48
2026-02-21,0.55,1175.7120541437366,2026-02-07,2,wk inc flu hosp,quantile,48
2026-02-21,0.6,1348.304843990399,2026-02-07,2,wk inc flu hosp,quantile,48
2026-02-21,0.65,1552.88187093476,2026-02-07,2,wk inc flu hosp,quantile,48
2026-02-21,0.7,1803.725093375056,2026-02-07,2,wk inc flu hosp,quantile,48
2026-02-21,0.75,2117.1623797549614,2026-02-07,2,wk inc flu hosp,quantile,48
2026-02-21,0.8,2532.104763628046,2026-02-07,2,wk inc flu hosp,quantile,48
2026-02-21,0.85,3128.754337799122,2026-02-07,2,wk inc flu hosp,quantile,48
2026-02-21,0.9,4074.778202073669,2026-02-07,2,wk inc flu hosp,quantile,48
2026-02-21,0.95,6017.332127832621,2026-02-07,2,wk inc flu hosp,quantile,48
2026-02-21,0.975,8447.78712813608,2026-02-07,2,wk inc flu hosp,quantile,48
2026-02-21,0.99,12520.752598117964,2026-02-07,2,wk inc flu hosp,quantile,48
2026-02-21,0.01,15.411592770919533,2026-02-07,2,wk inc flu hosp,quantile,49
2026-02-21,0.025,19.077543189184563,2026-02-07,2,wk inc flu hosp,quantile,49
2026-02-21,0.05,22.932476110756365,2026-02-07,2,wk inc flu hosp,quantile,49
2026-02-21,0.1,28.330246824540108,2026-02-07,2,wk inc flu hosp,quantile,49
2026-02-21,0.15,32.63399229420706,2026-02-07,2,wk inc flu hosp,quantile,49
2026-02-21,0.2,36.569521621198234,2026-02-07,2,wk inc flu hosp,quantile,49
2026-02-21,0.25,40.29466970549258,2026-02-07,2,wk inc flu hosp,quantile,49
2026-02-21,0.3,43.97046148790115,2026-02-07,2,wk inc flu hosp,quantile,49
2026-02-21,0.35,47.68873952620651,2026-02-07,2,wk inc flu hosp,quantile,49
2026-02-21,0.4,51.49262403439476,2026-02-07,2,wk inc flu hosp,quantile,49
2026-02-21,0.45,55.47774458284584,2026-02-07,2,wk inc flu hosp,quantile,49
2026-02-21,0.5,59.69436188354244,2026-02-07,2,wk inc flu hosp,quantile,49
2026-02-21,0.55,64.21846940529338,2026-02-07,2,wk inc flu hosp,quantile,49
2026-02-21,0.6,69.1596958139306,2026-02-07,2,wk inc flu hosp,quantile,49
2026-02-21,0.65,74.65424747742132,2026-02-07,2,wk inc flu hosp,quantile,49
2026-02-21,0.7,80.95587516045761,2026-02-07,2,wk inc flu hosp,quantile,49
2026-02-21,0.75,88.28879852879045,2026-02-07,2,wk inc flu hosp,quantile,49
2026-02-21,0.8,97.26800818775773,2026-02-07,2,wk inc flu hosp,quantile,49
2026-02-21,0.85,109.06835424387305,2026-02-07,2,wk inc flu hosp,quantile,49
2026-02-21,0.9,125.8315286900611,2026-02-07,2,wk inc flu hosp,quantile,49
2026-02-21,0.95,155.3856528960721,2026-02-07,2,wk inc flu hosp,quantile,49
2026-02-21,0.975,186.7013826370015,2026-02-07,2,wk inc flu hosp,quantile,49
2026-02-21,0.99,231.00856311931685,2026-02-07,2,wk inc flu hosp,quantile,49
2026-02-21,0.01,5.32202993586491,2026-02-07,2,wk inc flu hosp,quantile,50
2026-02-21,0.025,6.516943591243487,2026-02-07,2,wk inc flu hosp,quantile,50
2026-02-21,0.05,7.7608942452199665,2026-02-07,2,wk inc flu hosp,quantile,50
2026-02-21,0.1,9.485219423379478,2026-02-07,2,wk inc flu hosp,quantile,50
2026-02-21,0.15,10.847929307221781,2026-02-07,2,wk inc flu hosp,quantile,50
2026-02-21,0.2,12.086030898514585,2026-02-07,2,wk inc flu hosp,quantile,50
2026-02-21,0.25,13.25170401691158,2026-02-07,2,wk inc flu hosp,quantile,50
2026-02-21,0.3,14.396568597601807,2026-02-07,2,wk inc flu hosp,quantile,50
2026-02-21,0.35,15.549725228434777,2026-02-07,2,wk inc flu hosp,quantile,50
2026-02-21,0.4,16.724711628520076,2026-02-07,2,wk inc flu hosp,quantile,50
2026-02-21,0.45,17.95096039912679,2026-02-07,2,wk inc flu hosp,quantile,50
2026-02-21,0.5,19.2435811780946,2026-02-07,2,wk inc flu hosp,quantile,50
2026-02-21,0.55,20.62531961897408,2026-02-07,2,wk inc flu hosp,quantile,50
2026-02-21,0.6,22.128820537640422,2026-02-07,2,wk inc flu hosp,quantile,50
2026-02-21,0.65,23.79430053307117,2026-02-07,2,wk inc flu hosp,quantile,50
2026-02-21,0.7,25.696785450028703,2026-02-07,2,wk inc flu hosp,quantile,50
2026-02-21,0.75,27.901200435643744,2026-02-07,2,wk inc flu hosp,quantile,50
2026-02-21,0.8,30.587941959038993,2026-02-07,2,wk inc flu hosp,quantile,50
2026-02-21,0.85,34.09985779926627,2026-02-07,2,wk inc flu hosp,quantile,50
2026-02-21,0.9,39.05609459977871,2026-02-07,2,wk inc flu hosp,quantile,50
2026-02-21,0.95,47.71506364458782,2026-02-07,2,wk inc flu hosp,quantile,50
2026-02-21,0.975,56.799063169823015,2026-02-07,2,wk inc flu hosp,quantile,50
2026-02-21,0.99,69.52217020906208,2026-02-07,2,wk inc flu hosp,quantile,50
2026-02-21,0.01,122.90571864235581,2026-02-07,2,wk inc flu hosp,quantile,51
2026-02-21,0.025,144.01687850827508,2026-02-07,2,wk inc flu hosp,quantile,51
2026-02-21,0.05,165.11492532186472,2026-02-07,2,wk inc flu hosp,quantile,51
2026-02-21,0.1,193.1867261655065,2026-02-07,2,wk inc flu hosp,quantile,51
2026-02-21,0.15,214.58606615821563,2026-02-07,2,wk inc flu hosp,quantile,51
2026-02-21,0.2,233.52509371964373,2026-02-07,2,wk inc flu hosp,quantile,51
2026-02-21,0.25,250.97331677919257,2026-02-07,2,wk inc flu hosp,quantile,51
2026-02-21,0.3,267.7876916507755,2026-02-07,2,wk inc flu hosp,quantile,51
2026-02-21,0.35,284.4322221127385,2026-02-07,2,wk inc flu hosp,quantile,51
2026-02-21,0.4,301.1178926091776,2026-02-07,2,wk inc flu hosp,quantile,51
2026-02-21,0.45,318.26188414540064,2026-02-07,2,wk inc flu hosp,quantile,51
2026-02-21,0.5,336.0603437632561,2026-02-07,2,wk inc flu hosp,quantile,51
2026-02-21,0.55,354.8008280738191,2026-02-07,2,wk inc flu hosp,quantile,51
2026-02-21,0.6,374.8853778508342,2026-02-07,2,wk inc flu hosp,quantile,51
2026-02-21,0.65,396.7906104056556,2026-02-07,2,wk inc flu hosp,quantile,51
2026-02-21,0.7,421.4094584844333,2026-02-07,2,wk inc flu hosp,quantile,51
2026-02-21,0.75,449.4455004676544,2026-02-07,2,wk inc flu hosp,quantile,51
2026-02-21,0.8,482.9737884490481,2026-02-07,2,wk inc flu hosp,quantile,51
2026-02-21,0.85,525.8517707254479,2026-02-07,2,wk inc flu hosp,quantile,51
2026-02-21,0.9,584.7711136929084,2026-02-07,2,wk inc flu hosp,quantile,51
2026-02-21,0.95,683.9819881401412,2026-02-07,2,wk inc flu hosp,quantile,51
2026-02-21,0.975,783.9259941935992,2026-02-07,2,wk inc flu hosp,quantile,51
2026-02-21,0.99,918.2733513785502,2026-02-07,2,wk inc flu hosp,quantile,51
2026-02-21,0.01,60.57453569001251,2026-02-07,2,wk inc flu hosp,quantile,53
2026-02-21,0.025,75.63716325363912,2026-02-07,2,wk inc flu hosp,quantile,53
2026-02-21,0.05,91.60420346609253,2026-02-07,2,wk inc flu hosp,quantile,53
2026-02-21,0.1,114.14303380301054,2026-02-07,2,wk inc flu hosp,quantile,53
2026-02-21,0.15,132.24155679592758,2026-02-07,2,wk inc flu hosp,quantile,53
2026-02-21,0.2,148.87738160547022,2026-02-07,2,wk inc flu hosp,quantile,53
2026-02-21,0.25,164.69139758275972,2026-02-07,2,wk inc flu hosp,quantile,53
2026-02-21,0.3,180.35439888635597,2026-02-07,2,wk inc flu hosp,quantile,53
2026-02-21,0.35,196.25277312955805,2026-02-07,2,wk inc flu hosp,quantile,53
2026-02-21,0.4,212.56946824942347,2026-02-07,2,wk inc flu hosp,quantile,53
2026-02-21,0.45,229.71623772566707,2026-02-07,2,wk inc flu hosp,quantile,53
2026-02-21,0.5,247.91368234252877,2026-02-07,2,wk inc flu hosp,quantile,53
2026-02-21,0.55,267.49633811513297,2026-02-07,2,wk inc flu hosp,quantile,53
2026-02-21,0.6,288.94863807200477,2026-02-07,2,wk inc flu hosp,quantile,53
2026-02-21,0.65,312.87640062321964,2026-02-07,2,wk inc flu hosp,quantile,53
2026-02-21,0.7,340.40695073352714,2026-02-07,2,wk inc flu hosp,quantile,53
2026-02-21,0.75,372.5526291120467,2026-02-07,2,wk inc flu hosp,quantile,53
2026-02-21,0.8,412.0627159239662,2026-02-07,2,wk inc flu hosp,quantile,53
2026-02-21,0.85,464.21068383547373,2026-02-07,2,wk inc flu hosp,quantile,53
2026-02-21,0.9,538.681213684237,2026-02-07,2,wk inc flu hosp,quantile,53
2026-02-21,0.95,670.9352881370042,2026-02-07,2,wk inc flu hosp,quantile,53
2026-02-21,0.975,812.1964953901005,2026-02-07,2,wk inc flu hosp,quantile,53
2026-02-21,0.99,1013.6872082220102,2026-02-07,2,wk inc flu hosp,quantile,53
2026-02-21,0.01,27.284742448070514,2026-02-07,2,wk inc flu hosp,quantile,54
2026-02-21,0.025,34.30169943187843,2026-02-07,2,wk inc flu hosp,quantile,54
2026-02-21,0.05,41.78694478949378,2026-02-07,2,wk inc flu hosp,quantile,54
2026-02-21,0.1,52.42004542294638,2026-02-07,2,wk inc flu hosp,quantile,54
2026-02-21,0.15,61.005846392081224,2026-02-07,2,wk inc flu hosp,quantile,54
2026-02-21,0.2,68.92973597223356,2026-02-07,2,wk inc flu hosp,quantile,54
2026-02-21,0.25,76.4874381234445,2026-02-07,2,wk inc flu hosp,quantile,54
2026-02-21,0.3,83.99492557269066,2026-02-07,2,wk inc flu hosp,quantile,54
2026-02-21,0.35,91.63567361211841,2026-02-07,2,wk inc flu hosp,quantile,54
2026-02-21,0.4,99.49718989957069,2026-02-07,2,wk inc flu hosp,quantile,54
2026-02-21,0.45,107.77855570827215,2026-02-07,2,wk inc flu hosp,quantile,54
2026-02-21,0.5,116.58806396872856,2026-02-07,2,wk inc flu hosp,quantile,54
2026-02-21,0.55,126.09026787051141,2026-02-07,2,wk inc flu hosp,quantile,54
2026-02-21,0.6,136.52411253424202,2026-02-07,2,wk inc flu hosp,quantile,54
2026-02-21,0.65,148.1898999387391,2026-02-07,2,wk inc flu hosp,quantile,54
2026-02-21,0.7,161.64591738733031,2026-02-07,2,wk inc flu hosp,quantile,54
2026-02-21,0.75,177.39971072010243,2026-02-07,2,wk inc flu hosp,quantile,54
2026-02-21,0.8,196.81938372231846,2026-02-07,2,wk inc flu hosp,quantile,54
2026-02-21,0.85,222.53738068963239,2026-02-07,2,wk inc flu hosp,quantile,54
2026-02-21,0.9,259.4158765783093,2026-02-07,2,wk inc flu hosp,quantile,54
2026-02-21,0.95,325.2838152214183,2026-02-07,2,wk inc flu hosp,quantile,54
2026-02-21,0.975,396.07883360219193,2026-02-07,2,wk inc flu hosp,quantile,54
2026-02-21,0.99,497.7014896875961,2026-02-07,2,wk inc flu hosp,quantile,54
2026-02-21,0.01,65.1711778606792,2026-02-07,2,wk inc flu hosp,quantile,55
2026-02-21,0.025,79.34263881615537,2026-02-07,2,wk inc flu hosp,quantile,55
2026-02-21,0.05,94.01666799919703,2026-02-07,2,wk inc flu hosp,quantile,55
2026-02-21,0.1,114.24801371461328,2026-02-07,2,wk inc flu hosp,quantile,55
2026-02-21,0.15,130.16101760645427,2026-02-07,2,wk inc flu hosp,quantile,55
2026-02-21,0.2,144.5691201265158,2026-02-07,2,wk inc flu hosp,quantile,55
2026-02-21,0.25,158.09568942781348,2026-02-07,2,wk inc flu hosp,quantile,55
2026-02-21,0.3,171.34765541842484,2026-02-07,2,wk inc flu hosp,quantile,55
2026-02-21,0.35,184.66514598589634,2026-02-07,2,wk inc flu hosp,quantile,55
2026-02-21,0.4,198.20570999825387,2026-02-07,2,wk inc flu hosp,quantile,55
2026-02-21,0.45,212.30804675928437,2026-02-07,2,wk inc flu hosp,quantile,55
2026-02-21,0.5,227.1439037069081,2026-02-07,2,wk inc flu hosp,quantile,55
2026-02-21,0.55,242.97113639348214,2026-02-07,2,wk inc flu hosp,quantile,55
2026-02-21,0.6,260.1587339804908,2026-02-07,2,wk inc flu hosp,quantile,55
2026-02-21,0.65,279.15914692042867,2026-02-07,2,wk inc flu hosp,quantile,55
2026-02-21,0.7,300.81702539698836,2026-02-07,2,wk inc flu hosp,quantile,55
2026-02-21,0.75,325.8549560038244,2026-02-07,2,wk inc flu hosp,quantile,55
2026-02-21,0.8,356.29513946265786,2026-02-07,2,wk inc flu hosp,quantile,55
2026-02-21,0.85,395.97007491192727,2026-02-07,2,wk inc flu hosp,quantile,55
2026-02-21,0.9,451.76565845773086,2026-02-07,2,wk inc flu hosp,quantile,55
2026-02-21,0.95,548.7732390844751,2026-02-07,2,wk inc flu hosp,quantile,55
2026-02-21,0.975,650.0012774319754,2026-02-07,2,wk inc flu hosp,quantile,55
2026-02-21,0.99,791.01743438172,2026-02-07,2,wk inc flu hosp,quantile,55
2026-02-21,0.01,3.0867752569982247,2026-02-07,2,wk inc flu hosp,quantile,56
2026-02-21,0.025,3.8891821492025476,2026-02-07,2,wk inc flu hosp,quantile,56
2026-02-21,0.05,4.746888907267787,2026-02-07,2,wk inc flu hosp,quantile,56
2026-02-21,0.1,5.967800422797059,2026-02-07,2,wk inc flu hosp,quantile,56
2026-02-21,0.15,6.955413114514449,2026-02-07,2,wk inc flu hosp,quantile,56
2026-02-21,0.2,7.868083928114502,2026-02-07,2,wk inc flu hosp,quantile,56
2026-02-21,0.25,8.73952327641468,2026-02-07,2,wk inc flu hosp,quantile,56
2026-02-21,0.3,9.605995756557453,2026-02-07,2,wk inc flu hosp,quantile,56
2026-02-21,0.35,10.48861542353316,2026-02-07,2,wk inc flu hosp,quantile,56
2026-02-21,0.4,11.397477651846765,2026-02-07,2,wk inc flu hosp,quantile,56
2026-02-21,0.45,12.355626506238961,2026-02-07,2,wk inc flu hosp,quantile,56
2026-02-21,0.5,13.375659442582027,2026-02-07,2,wk inc flu hosp,quantile,56
2026-02-21,0.55,14.476729892674163,2026-02-07,2,wk inc flu hosp,quantile,56
2026-02-21,0.6,15.686674238055328,2026-02-07,2,wk inc flu hosp,quantile,56
2026-02-21,0.65,17.04053202252105,2026-02-07,2,wk inc flu hosp,quantile,56
2026-02-21,0.7,18.603424652859662,2026-02-07,2,wk inc flu hosp,quantile,56
2026-02-21,0.75,20.43478779247762,2026-02-07,2,wk inc flu hosp,quantile,56
2026-02-21,0.8,22.69445155235193,2026-02-07,2,wk inc flu hosp,quantile,56
2026-02-21,0.85,25.690264844051615,2026-02-07,2,wk inc flu hosp,quantile,56
2026-02-21,0.9,29.991878473094793,2026-02-07,2,wk inc flu hosp,quantile,56
2026-02-21,0.95,37.68913598736085,2026-02-07,2,wk inc flu hosp,quantile,56
2026-02-21,0.975,45.978963865471854,2026-02-07,2,wk inc flu hosp,quantile,56
2026-02-21,0.99,57.90312102050738,2026-02-07,2,wk inc flu hosp,quantile,56
2026-02-28,0.01,42.99279513685093,2026-02-07,3,wk inc flu hosp,quantile,01
2026-02-28,0.025,55.364427324411814,2026-02-07,3,wk inc flu hosp,quantile,01
2026-02-28,0.05,68.8587807217904,2026-02-07,3,wk inc flu hosp,quantile,01
2026-02-28,0.1,88.46201598898092,2026-02-07,3,wk inc flu hosp,quantile,01
2026-02-28,0.15,104.60429717024275,2026-02-07,3,wk inc flu hosp,quantile,01
2026-02-28,0.2,119.71673588689794,2026-02-07,3,wk inc flu hosp,quantile,01
2026-02-28,0.25,134.3024407311421,2026-02-07,3,wk inc flu hosp,quantile,01
2026-02-28,0.3,148.9421408222709,2026-02-07,3,wk inc flu hosp,quantile,01
2026-02-28,0.35,163.9835910733256,2026-02-07,3,wk inc flu hosp,quantile,01
2026-02-28,0.4,179.59779140415284,2026-02-07,3,wk inc flu hosp,quantile,01
2026-02-28,0.45,196.1865701905151,2026-02-07,3,wk inc flu hosp,quantile,01
2026-02-28,0.5,213.98077063451655,2026-02-07,3,wk inc flu hosp,quantile,01
2026-02-28,0.55,233.33294695388727,2026-02-07,3,wk inc flu hosp,quantile,01
2026-02-28,0.6,254.7594194042609,2026-02-07,3,wk inc flu hosp,quantile,01
2026-02-28,0.65,278.9198770803294,2026-02-07,3,wk inc flu hosp,quantile,01
2026-02-28,0.7,307.0364998324078,2026-02-07,3,wk inc flu hosp,quantile,01
2026-02-28,0.75,340.26718403036944,2026-02-07,3,wk inc flu hosp,quantile,01
2026-02-28,0.8,381.65711845373465,2026-02-07,3,wk inc flu hosp,quantile,01
2026-02-28,0.85,437.1295415498376,2026-02-07,3,wk inc flu hosp,quantile,01
2026-02-28,0.9,517.8427927976843,2026-02-07,3,wk inc flu hosp,quantile,01
2026-02-28,0.95,664.943160089706,2026-02-07,3,wk inc flu hosp,quantile,01
2026-02-28,0.975,826.5813866033786,2026-02-07,3,wk inc flu hosp,quantile,01
2026-02-28,0.99,1063.8744634420946,2026-02-07,3,wk inc flu hosp,quantile,01
2026-02-28,0.01,5.484437548672347,2026-02-07,3,wk inc flu hosp,quantile,02
2026-02-28,0.025,6.842138813715789,2026-02-07,3,wk inc flu hosp,quantile,02
2026-02-28,0.05,8.280178500351134,2026-02-07,3,wk inc flu hosp,quantile,02
2026-02-28,0.1,10.308417400230367,2026-02-07,3,wk inc flu hosp,quantile,02
2026-02-28,0.15,11.935899304235361,2026-02-07,3,wk inc flu hosp,quantile,02
2026-02-28,0.2,13.431060333734873,2026-02-07,3,wk inc flu hosp,quantile,02
2026-02-28,0.25,14.851739345557448,2026-02-07,3,wk inc flu hosp,quantile,02
2026-02-28,0.3,16.258313533475746,2026-02-07,3,wk inc flu hosp,quantile,02
2026-02-28,0.35,17.685525292877198,2026-02-07,3,wk inc flu hosp,quantile,02
2026-02-28,0.4,19.14980963189062,2026-02-07,3,wk inc flu hosp,quantile,02
2026-02-28,0.45,20.688102333876653,2026-02-07,3,wk inc flu hosp,quantile,02
2026-02-28,0.5,22.32015306865556,2026-02-07,3,wk inc flu hosp,quantile,02
2026-02-28,0.55,24.075903314029613,2026-02-07,3,wk inc flu hosp,quantile,02
2026-02-28,0.6,25.998694360513472,2026-02-07,3,wk inc flu hosp,quantile,02
2026-02-28,0.65,28.142692019640485,2026-02-07,3,wk inc flu hosp,quantile,02
2026-02-28,0.7,30.608701803519548,2026-02-07,3,wk inc flu hosp,quantile,02
2026-02-28,0.75,33.48710011181933,2026-02-07,3,wk inc flu hosp,quantile,02
2026-02-28,0.8,37.02357226273875,2026-02-07,3,wk inc flu hosp,quantile,02
2026-02-28,0.85,41.68917999523685,2026-02-07,3,wk inc flu hosp,quantile,02
2026-02-28,0.9,48.34837376693253,2026-02-07,3,wk inc flu hosp,quantile,02
2026-02-28,0.95,60.1658009637496,2026-02-07,3,wk inc flu hosp,quantile,02
2026-02-28,0.975,72.77775009161995,2026-02-07,3,wk inc flu hosp,quantile,02
2026-02-28,0.99,90.75215266893748,2026-02-07,3,wk inc flu hosp,quantile,02
2026-02-28,0.01,34.81568155253999,2026-02-07,3,wk inc flu hosp,quantile,04
2026-02-28,0.025,45.55446780278293,2026-02-07,3,wk inc flu hosp,quantile,04
2026-02-28,0.05,57.44186592254479,2026-02-07,3,wk inc flu hosp,quantile,04
2026-02-28,0.1,74.96898052308768,2026-02-07,3,wk inc flu hosp,quantile,04
2026-02-28,0.15,89.59032682415052,2026-02-07,3,wk inc flu hosp,quantile,04
2026-02-28,0.2,103.4092312163095,2026-02-07,3,wk inc flu hosp,quantile,04
2026-02-28,0.25,116.85155133168703,2026-02-07,3,wk inc flu hosp,quantile,04
2026-02-28,0.3,130.43661993321987,2026-02-07,3,wk inc flu hosp,quantile,04
2026-02-28,0.35,144.4824709072021,2026-02-07,3,wk inc flu hosp,quantile,04
2026-02-28,0.4,159.14931578620696,2026-02-07,3,wk inc flu hosp,quantile,04
2026-02-28,0.45,174.8198430763313,2026-02-07,3,wk inc flu hosp,quantile,04
2026-02-28,0.5,191.72206612559063,2026-02-07,3,wk inc flu hosp,quantile,04
2026-02-28,0.55,210.2048627664879,2026-02-07,3,wk inc flu hosp,quantile,04
2026-02-28,0.6,230.78156768529456,2026-02-07,3,wk inc flu hosp,quantile,04
2026-02-28,0.65,254.11471331084655,2026-02-07,3,wk inc flu hosp,quantile,04
2026-02-28,0.7,281.42885442440553,2026-02-07,3,wk inc flu hosp,quantile,04
2026-02-28,0.75,313.91416874687536,2026-02-07,3,wk inc flu hosp,quantile,04
2026-02-28,0.8,354.65458664647093,2026-02-07,3,wk inc flu hosp,quantile,04
2026-02-28,0.85,409.6906983077733,2026-02-07,3,wk inc flu hosp,quantile,04
2026-02-28,0.9,490.5472043592985,2026-02-07,3,wk inc flu hosp,quantile,04
2026-02-28,0.95,639.8963951384915,2026-02-07,3,wk inc flu hosp,quantile,04
2026-02-28,0.975,806.4277746004217,2026-02-07,3,wk inc flu hosp,quantile,04
2026-02-28,0.99,1054.5730521243975,2026-02-07,3,wk inc flu hosp,quantile,04
2026-02-28,0.01,26.850843464979953,2026-02-07,3,wk inc flu hosp,quantile,05
2026-02-28,0.025,34.18742274258873,2026-02-07,3,wk inc flu hosp,quantile,05
2026-02-28,0.05,42.10617498387257,2026-02-07,3,wk inc flu hosp,quantile,05
2026-02-28,0.1,53.48883474936544,2026-02-07,3,wk inc flu hosp,quantile,05
2026-02-28,0.15,62.77557267370708,2026-02-07,3,wk inc flu hosp,quantile,05
2026-02-28,0.2,71.41135229393315,2026-02-07,3,wk inc flu hosp,quantile,05
2026-02-28,0.25,79.69970379052064,2026-02-07,3,wk inc flu hosp,quantile,05
2026-02-28,0.3,87.97815991285597,2026-02-07,3,wk inc flu hosp,quantile,05
2026-02-28,0.35,96.44583779894374,2026-02-07,3,wk inc flu hosp,quantile,05
2026-02-28,0.4,105.1991601898184,2026-02-07,3,wk inc flu hosp,quantile,05
2026-02-28,0.45,114.46152567141715,2026-02-07,3,wk inc flu hosp,quantile,05
2026-02-28,0.5,124.35799402473816,2026-02-07,3,wk inc flu hosp,quantile,05
2026-02-28,0.55,135.07917633424606,2026-02-07,3,wk inc flu hosp,quantile,05
2026-02-28,0.6,146.90316951953636,2026-02-07,3,wk inc flu hosp,quantile,05
2026-02-28,0.65,160.18260606148698,2026-02-07,3,wk inc flu hosp,quantile,05
2026-02-28,0.7,175.5718771503509,2026-02-07,3,wk inc flu hosp,quantile,05
2026-02-28,0.75,193.67925803475842,2026-02-07,3,wk inc flu hosp,quantile,05
2026-02-28,0.8,216.12261906795956,2026-02-07,3,wk inc flu hosp,quantile,05
2026-02-28,0.85,246.03300873915637,2026-02-07,3,wk inc flu hosp,quantile,05
2026-02-28,0.9,289.25464745725634,2026-02-07,3,wk inc flu hosp,quantile,05
2026-02-28,0.95,367.2791164771201,2026-02-07,3,wk inc flu hosp,quantile,05
2026-02-28,0.975,452.1249218006807,2026-02-07,3,wk inc flu hosp,quantile,05
2026-02-28,0.99,575.3695070161832,2026-02-07,3,wk inc flu hosp,quantile,05
2026-02-28,0.01,426.21709686025764,2026-02-07,3,wk inc flu hosp,quantile,06
2026-02-28,0.025,513.7207695867726,2026-02-07,3,wk inc flu hosp,quantile,06
2026-02-28,0.05,603.4891743055641,2026-02-07,3,wk inc flu hosp,quantile,06
2026-02-28,0.1,726.1053136071971,2026-02-07,3,wk inc flu hosp,quantile,06
2026-02-28,0.15,821.7614451917085,2026-02-07,3,wk inc flu hosp,quantile,06
2026-02-28,0.2,907.8555286045039,2026-02-07,3,wk inc flu hosp,quantile,06
2026-02-28,0.25,988.2836618971994,2026-02-07,3,wk inc flu hosp,quantile,06
2026-02-28,0.3,1066.7390516064593,2026-02-07,3,wk inc flu hosp,quantile,06
2026-02-28,0.35,1145.2711767634737,2026-02-07,3,wk inc flu hosp,quantile,06
2026-02-28,0.4,1224.8232292204004,2026-02-07,3,wk inc flu hosp,quantile,06
2026-02-28,0.45,1307.3818686292714,2026-02-07,3,wk inc flu hosp,quantile,06
2026-02-28,0.5,1393.9337003775966,2026-02-07,3,wk inc flu hosp,quantile,06
2026-02-28,0.55,1485.9523283466788,2026-02-07,3,wk inc flu hosp,quantile,06
2026-02-28,0.6,1585.535029175448,2026-02-07,3,wk inc flu hosp,quantile,06
2026-02-28,0.65,1695.2320359884927,2026-02-07,3,wk inc flu hosp,quantile,06
2026-02-28,0.7,1819.80953061255,2026-02-07,3,wk inc flu hosp,quantile,06
2026-02-28,0.75,1963.2623256740344,2026-02-07,3,wk inc flu hosp,quantile,06
2026-02-28,0.8,2136.915183479672,2026-02-07,3,wk inc flu hosp,quantile,06
2026-02-28,0.85,2362.1256193114705,2026-02-07,3,wk inc flu hosp,quantile,06
2026-02-28,0.9,2676.9248796942843,2026-02-07,3,wk inc flu hosp,quantile,06
2026-02-28,0.95,3219.6642500980265,2026-02-07,3,wk inc flu hosp,quantile,06
2026-02-28,0.975,3780.8115566149713,2026-02-07,3,wk inc flu hosp,quantile,06
2026-02-28,0.99,4555.239322235808,2026-02-07,3,wk inc flu hosp,quantile,06
2026-02-28,0.01,36.16651986432911,2026-02-07,3,wk inc flu hosp,quantile,08
2026-02-28,0.025,45.37024830243814,2026-02-07,3,wk inc flu hosp,quantile,08
2026-02-28,0.05,55.16871789988173,2026-02-07,3,wk inc flu hosp,quantile,08
2026-02-28,0.1,69.06008687987458,2026-02-07,3,wk inc flu hosp,quantile,08
2026-02-28,0.15,80.25718840181608,2026-02-07,3,wk inc flu hosp,quantile,08
2026-02-28,0.2,90.57788121949918,2026-02-07,3,wk inc flu hosp,quantile,08
2026-02-28,0.25,100.41122974432268,2026-02-07,3,wk inc flu hosp,quantile,08
2026-02-28,0.3,110.17021757326022,2026-02-07,3,wk inc flu hosp,quantile,08
2026-02-28,0.35,120.09403545952398,2026-02-07,3,wk inc flu hosp,quantile,08
2026-02-28,0.4,130.296494918,2026-02-07,3,wk inc flu hosp,quantile,08
2026-02-28,0.45,141.0356598942959,2026-02-07,3,wk inc flu hosp,quantile,08
2026-02-28,0.5,152.45123389939903,2026-02-07,3,wk inc flu hosp,quantile,08
2026-02-28,0.55,164.75537103868396,2026-02-07,3,wk inc flu hosp,quantile,08
2026-02-28,0.6,178.25587373725187,2026-02-07,3,wk inc flu hosp,quantile,08
2026-02-28,0.65,193.33898384794352,2026-02-07,3,wk inc flu hosp,quantile,08
2026-02-28,0.7,210.72297264362416,2026-02-07,3,wk inc flu hosp,quantile,08
2026-02-28,0.75,231.05832047533778,2026-02-07,3,wk inc flu hosp,quantile,08
2026-02-28,0.8,256.10251492553493,2026-02-07,3,wk inc flu hosp,quantile,08
2026-02-28,0.85,289.2339011086191,2026-02-07,3,wk inc flu hosp,quantile,08
2026-02-28,0.9,336.68114097389736,2026-02-07,3,wk inc flu hosp,quantile,08
2026-02-28,0.95,421.273302627699,2026-02-07,3,wk inc flu hosp,quantile,08
2026-02-28,0.975,512.0139552030381,2026-02-07,3,wk inc flu hosp,quantile,08
2026-02-28,0.99,642.0069280821408,2026-02-07,3,wk inc flu hosp,quantile,08
2026-02-28,0.01,27.4442280316115,2026-02-07,3,wk inc flu hosp,quantile,09
2026-02-28,0.025,34.22822870972094,2026-02-07,3,wk inc flu hosp,quantile,09
2026-02-28,0.05,41.41171783985786,2026-02-07,3,wk inc flu hosp,quantile,09
2026-02-28,0.1,51.54070526414059,2026-02-07,3,wk inc flu hosp,quantile,09
2026-02-28,0.15,59.66638837028023,2026-02-07,3,wk inc flu hosp,quantile,09
2026-02-28,0.2,67.13012740595238,2026-02-07,3,wk inc flu hosp,quantile,09
2026-02-28,0.25,74.22104081752352,2026-02-07,3,wk inc flu hosp,quantile,09
2026-02-28,0.3,81.24067332681452,2026-02-07,3,wk inc flu hosp,quantile,09
2026-02-28,0.35,88.36248216231871,2026-02-07,3,wk inc flu hosp,quantile,09
2026-02-28,0.4,95.66849761660058,2026-02-07,3,wk inc flu hosp,quantile,09
2026-02-28,0.45,103.34298482693961,2026-02-07,3,wk inc flu hosp,quantile,09
2026-02-28,0.5,111.48440719017236,2026-02-07,3,wk inc flu hosp,quantile,09
2026-02-28,0.55,120.24202613814559,2026-02-07,3,wk inc flu hosp,quantile,09
2026-02-28,0.6,129.83187597549147,2026-02-07,3,wk inc flu hosp,quantile,09
2026-02-28,0.65,140.52388744265136,2026-02-07,3,wk inc flu hosp,quantile,09
2026-02-28,0.7,152.82043609969222,2026-02-07,3,wk inc flu hosp,quantile,09
2026-02-28,0.75,167.17168201943153,2026-02-07,3,wk inc flu hosp,quantile,09
2026-02-28,0.8,184.801771046593,2026-02-07,3,wk inc flu hosp,quantile,09
2026-02-28,0.85,208.05748655311635,2026-02-07,3,wk inc flu hosp,quantile,09
2026-02-28,0.9,241.2443737038875,2026-02-07,3,wk inc flu hosp,quantile,09
2026-02-28,0.95,300.1235553694055,2026-02-07,3,wk inc flu hosp,quantile,09
2026-02-28,0.975,362.94454190439694,2026-02-07,3,wk inc flu hosp,quantile,09
2026-02-28,0.99,452.45195127822296,2026-02-07,3,wk inc flu hosp,quantile,09
2026-02-28,0.01,14.515940684449204,2026-02-07,3,wk inc flu hosp,quantile,10
2026-02-28,0.025,17.671869664404685,2026-02-07,3,wk inc flu hosp,quantile,10
2026-02-28,0.05,20.93962267699919,2026-02-07,3,wk inc flu hosp,quantile,10
2026-02-28,0.1,25.44479926863716,2026-02-07,3,wk inc flu hosp,quantile,10
2026-02-28,0.15,28.98826280328749,2026-02-07,3,wk inc flu hosp,quantile,10
2026-02-28,0.2,32.19655855253725,2026-02-07,3,wk inc flu hosp,quantile,10
2026-02-28,0.25,35.208513623131765,2026-02-07,3,wk inc flu hosp,quantile,10
2026-02-28,0.3,38.15928259935673,2026-02-07,3,wk inc flu hosp,quantile,10
2026-02-28,0.35,41.124604663478884,2026-02-07,3,wk inc flu hosp,quantile,10
2026-02-28,0.4,44.139561781576596,2026-02-07,3,wk inc flu hosp,quantile,10
2026-02-28,0.45,47.27956860568194,2026-02-07,3,wk inc flu hosp,quantile,10
2026-02-28,0.5,50.58286379614582,2026-02-07,3,wk inc flu hosp,quantile,10
2026-02-28,0.55,54.10685665639753,2026-02-07,3,wk inc flu hosp,quantile,10
2026-02-28,0.6,57.933698069822114,2026-02-07,3,wk inc flu hosp,quantile,10
2026-02-28,0.65,62.16411793699924,2026-02-07,3,wk inc flu hosp,quantile,10
2026-02-28,0.7,66.98616302141514,2026-02-07,3,wk inc flu hosp,quantile,10
2026-02-28,0.75,72.56069452708498,2026-02-07,3,wk inc flu hosp,quantile,10
2026-02-28,0.8,79.33790983097127,2026-02-07,3,wk inc flu hosp,quantile,10
2026-02-28,0.85,88.17101528961535,2026-02-07,3,wk inc flu hosp,quantile,10
2026-02-28,0.9,100.59293380635619,2026-02-07,3,wk inc flu hosp,quantile,10
2026-02-28,0.95,122.18941517694077,2026-02-07,3,wk inc flu hosp,quantile,10
2026-02-28,0.975,144.7248261765596,2026-02-07,3,wk inc flu hosp,quantile,10
2026-02-28,0.99,176.11695000953014,2026-02-07,3,wk inc flu hosp,quantile,10
2026-02-28,0.01,7.412334239749499,2026-02-07,3,wk inc flu hosp,quantile,11
2026-02-28,0.025,9.271312376282697,2026-02-07,3,wk inc flu hosp,quantile,11
2026-02-28,0.05,11.24502790854422,2026-02-07,3,wk inc flu hosp,quantile,11
2026-02-28,0.1,14.035523841444379,2026-02-07,3,wk inc flu hosp,quantile,11
2026-02-28,0.15,16.27939705729836,2026-02-07,3,wk inc flu hosp,quantile,11
2026-02-28,0.2,18.344019662389396,2026-02-07,3,wk inc flu hosp,quantile,11
2026-02-28,0.25,20.30830055052547,2026-02-07,3,wk inc flu hosp,quantile,11
2026-02-28,0.3,22.255255447520675,2026-02-07,3,wk inc flu hosp,quantile,11
2026-02-28,0.35,24.23279809494991,2026-02-07,3,wk inc flu hosp,quantile,11
2026-02-28,0.4,26.26365511045584,2026-02-07,3,wk inc flu hosp,quantile,11
2026-02-28,0.45,28.399118136369886,2026-02-07,3,wk inc flu hosp,quantile,11
2026-02-28,0.5,30.66677186714159,2026-02-07,3,wk inc flu hosp,quantile,11
2026-02-28,0.55,33.10846998757251,2026-02-07,3,wk inc flu hosp,quantile,11
2026-02-28,0.6,35.78486281233517,2026-02-07,3,wk inc flu hosp,quantile,11
2026-02-28,0.65,38.7718933180169,2026-02-07,3,wk inc flu hosp,quantile,11
2026-02-28,0.7,42.21084551689676,2026-02-07,3,wk inc flu hosp,quantile,11
2026-02-28,0.75,46.22898873092488,2026-02-07,3,wk inc flu hosp,quantile,11
2026-02-28,0.8,51.17130021751901,2026-02-07,3,wk inc flu hosp,quantile,11
2026-02-28,0.85,57.7000144715011,2026-02-07,3,wk inc flu hosp,quantile,11
2026-02-28,0.9,67.0330735584888,2026-02-07,3,wk inc flu hosp,quantile,11
2026-02-28,0.95,83.63163629417461,2026-02-07,3,wk inc flu hosp,quantile,11
2026-02-28,0.975,101.38849811749395,2026-02-07,3,wk inc flu hosp,quantile,11
2026-02-28,0.99,126.75674296795785,2026-02-07,3,wk inc flu hosp,quantile,11
2026-02-28,0.01,530.2447482040615,2026-02-07,3,wk inc flu hosp,quantile,12
2026-02-28,0.025,607.3479741437916,2026-02-07,3,wk inc flu hosp,quantile,12
2026-02-28,0.05,682.7934281687924,2026-02-07,3,wk inc flu hosp,quantile,12
2026-02-28,0.1,781.0764246842526,2026-02-07,3,wk inc flu hosp,quantile,12
2026-02-28,0.15,854.6135669104727,2026-02-07,3,wk inc flu hosp,quantile,12
2026-02-28,0.2,918.8191629828189,2026-02-07,3,wk inc flu hosp,quantile,12
2026-02-28,0.25,977.3108737074955,2026-02-07,3,wk inc flu hosp,quantile,12
2026-02-28,0.3,1033.1272926119457,2026-02-07,3,wk inc flu hosp,quantile,12
2026-02-28,0.35,1087.8862657040288,2026-02-07,3,wk inc flu hosp,quantile,12
2026-02-28,0.4,1142.3206600967271,2026-02-07,3,wk inc flu hosp,quantile,12
2026-02-28,0.45,1197.8011463952514,2026-02-07,3,wk inc flu hosp,quantile,12
2026-02-28,0.5,1254.9476515895556,2026-02-07,3,wk inc flu hosp,quantile,12
2026-02-28,0.55,1314.6513287279151,2026-02-07,3,wk inc flu hosp,quantile,12
2026-02-28,0.6,1378.1368516340467,2026-02-07,3,wk inc flu hosp,quantile,12
2026-02-28,0.65,1446.823713386045,2026-02-07,3,wk inc flu hosp,quantile,12
2026-02-28,0.7,1523.373819026185,2026-02-07,3,wk inc flu hosp,quantile,12
2026-02-28,0.75,1609.7728561225374,2026-02-07,3,wk inc flu hosp,quantile,12
2026-02-28,0.8,1712.0901518583075,2026-02-07,3,wk inc flu hosp,quantile,12
2026-02-28,0.85,1841.4707190331765,2026-02-07,3,wk inc flu hosp,quantile,12
2026-02-28,0.9,2016.8234629113622,2026-02-07,3,wk inc flu hosp,quantile,12
2026-02-28,0.95,2306.5286777424203,2026-02-07,3,wk inc flu hosp,quantile,12
2026-02-28,0.975,2592.3194739494706,2026-02-07,3,wk inc flu hosp,quantile,12
2026-02-28,0.99,2968.4249201620796,2026-02-07,3,wk inc flu hosp,quantile,12
2026-02-28,0.01,76.71645273646988,2026-02-07,3,wk inc flu hosp,quantile,13
2026-02-28,0.025,94.4345475555705,2026-02-07,3,wk inc flu hosp,quantile,13
2026-02-28,0.05,112.96956226885648,2026-02-07,3,wk inc flu hosp,quantile,13
2026-02-28,0.1,138.78780424168693,2026-02-07,3,wk inc flu hosp,quantile,13
2026-02-28,0.15,159.27917804884112,2026-02-07,3,wk inc flu hosp,quantile,13
2026-02-28,0.2,177.9549774525315,2026-02-07,3,wk inc flu hosp,quantile,13
2026-02-28,0.25,195.58370879171824,2026-02-07,3,wk inc flu hosp,quantile,13
2026-02-28,0.3,212.93691106431743,2026-02-07,3,wk inc flu hosp,quantile,13
2026-02-28,0.35,230.45195758395812,2026-02-07,3,wk inc flu hosp,quantile,13
2026-02-28,0.4,248.33318458682766,2026-02-07,3,wk inc flu hosp,quantile,13
2026-02-28,0.45,267.02921836422973,2026-02-07,3,wk inc flu hosp,quantile,13
2026-02-28,0.5,286.7729836217493,2026-02-07,3,wk inc flu hosp,quantile,13
2026-02-28,0.55,307.91589671283606,2026-02-07,3,wk inc flu hosp,quantile,13
2026-02-28,0.6,330.96359870157556,2026-02-07,3,wk inc flu hosp,quantile,13
2026-02-28,0.65,356.54159802853957,2026-02-07,3,wk inc flu hosp,quantile,13
2026-02-28,0.7,385.8160486772544,2026-02-07,3,wk inc flu hosp,quantile,13
2026-02-28,0.75,419.8064405280109,2026-02-07,3,wk inc flu hosp,quantile,13
2026-02-28,0.8,461.3275667379336,2026-02-07,3,wk inc flu hosp,quantile,13
2026-02-28,0.85,515.7424332114476,2026-02-07,3,wk inc flu hosp,quantile,13
2026-02-28,0.9,592.7803808265463,2026-02-07,3,wk inc flu hosp,quantile,13
2026-02-28,0.95,727.9648121236925,2026-02-07,3,wk inc flu hosp,quantile,13
2026-02-28,0.975,870.4705424676035,2026-02-07,3,wk inc flu hosp,quantile,13
2026-02-28,0.99,1071.0437106745635,2026-02-07,3,wk inc flu hosp,quantile,13
2026-02-28,0.01,8.363740000473468,2026-02-07,3,wk inc flu hosp,quantile,15
2026-02-28,0.025,10.309742713646775,2026-02-07,3,wk inc flu hosp,quantile,15
2026-02-28,0.05,12.34809844994785,2026-02-07,3,wk inc flu hosp,quantile,15
2026-02-28,0.1,15.191097137705057,2026-02-07,3,wk inc flu hosp,quantile,15
2026-02-28,0.15,17.450092967383533,2026-02-07,3,wk inc flu hosp,quantile,15
2026-02-28,0.2,19.510645854061814,2026-02-07,3,wk inc flu hosp,quantile,15
2026-02-28,0.25,21.4570081317389,2026-02-07,3,wk inc flu hosp,quantile,15
2026-02-28,0.3,23.37410060760113,2026-02-07,3,wk inc flu hosp,quantile,15
2026-02-28,0.35,25.31013596660277,2026-02-07,3,wk inc flu hosp,quantile,15
2026-02-28,0.4,27.28766549680096,2026-02-07,3,wk inc flu hosp,quantile,15
2026-02-28,0.45,29.356327312790253,2026-02-07,3,wk inc flu hosp,quantile,15
2026-02-28,0.5,31.54197136752098,2026-02-07,3,wk inc flu hosp,quantile,15
2026-02-28,0.55,33.8836195710457,2026-02-07,3,wk inc flu hosp,quantile,15
2026-02-28,0.6,36.43745614142651,2026-02-07,3,wk inc flu hosp,quantile,15
2026-02-28,0.65,39.27305992918658,2026-02-07,3,wk inc flu hosp,quantile,15
2026-02-28,0.7,42.520125911735704,2026-02-07,3,wk inc flu hosp,quantile,15
2026-02-28,0.75,46.2923415363848,2026-02-07,3,wk inc flu hosp,quantile,15
2026-02-28,0.8,50.90307560980822,2026-02-07,3,wk inc flu hosp,quantile,15
2026-02-28,0.85,56.9497830610768,2026-02-07,3,wk inc flu hosp,quantile,15
2026-02-28,0.9,65.517650163563,2026-02-07,3,wk inc flu hosp,quantile,15
2026-02-28,0.95,80.56991684165276,2026-02-07,3,wk inc flu hosp,quantile,15
2026-02-28,0.975,96.45773696109362,2026-02-07,3,wk inc flu hosp,quantile,15
2026-02-28,0.99,118.84853412345808,2026-02-07,3,wk inc flu hosp,quantile,15
2026-02-28,0.01,16.00810949414468,2026-02-07,3,wk inc flu hosp,quantile,16
2026-02-28,0.025,20.054727309395723,2026-02-07,3,wk inc flu hosp,quantile,16
2026-02-28,0.05,24.357438252318943,2026-02-07,3,wk inc flu hosp,quantile,16
2026-02-28,0.1,30.44974578223496,2026-02-07,3,wk inc flu hosp,quantile,16
2026-02-28,0.15,35.35501153064605,2026-02-07,3,wk inc flu hosp,quantile,16
2026-02-28,0.2,39.87269642134197,2026-02-07,3,wk inc flu hosp,quantile,16
2026-02-28,0.25,44.17418723144178,2026-02-07,3,wk inc flu hosp,quantile,16
2026-02-28,0.3,48.44065998228001,2026-02-07,3,wk inc flu hosp,quantile,16
2026-02-28,0.35,52.776879194494185,2026-02-07,3,wk inc flu hosp,quantile,16
2026-02-28,0.4,57.23262103318618,2026-02-07,3,wk inc flu hosp,quantile,16
2026-02-28,0.45,61.92051091952764,2026-02-07,3,wk inc flu hosp,quantile,16
2026-02-28,0.5,66.90133445167503,2026-02-07,3,wk inc flu hosp,quantile,16
2026-02-28,0.55,72.26736438236478,2026-02-07,3,wk inc flu hosp,quantile,16
2026-02-28,0.6,78.15240070866527,2026-02-07,3,wk inc flu hosp,quantile,16
2026-02-28,0.65,84.72417541788019,2026-02-07,3,wk inc flu hosp,quantile,16
2026-02-28,0.7,92.29466820988426,2026-02-07,3,wk inc flu hosp,quantile,16
2026-02-28,0.75,101.14572423050788,2026-02-07,3,wk inc flu hosp,quantile,16
2026-02-28,0.8,112.03997358503847,2026-02-07,3,wk inc flu hosp,quantile,16
2026-02-28,0.85,126.44247346479106,2026-02-07,3,wk inc flu hosp,quantile,16
2026-02-28,0.9,147.05128184345605,2026-02-07,3,wk inc flu hosp,quantile,16
2026-02-28,0.95,183.75235852981405,2026-02-07,3,wk inc flu hosp,quantile,16
2026-02-28,0.975,223.07202700467428,2026-02-07,3,wk inc flu hosp,quantile,16
2026-02-28,0.99,279.3293317849013,2026-02-07,3,wk inc flu hosp,quantile,16
2026-02-28,0.01,199.59943914730033,2026-02-07,3,wk inc flu hosp,quantile,17
2026-02-28,0.025,229.3557677869814,2026-02-07,3,wk inc flu hosp,quantile,17
2026-02-28,0.05,258.5588983881175,2026-02-07,3,wk inc flu hosp,quantile,17
2026-02-28,0.1,296.7151357329384,2026-02-07,3,wk inc flu hosp,quantile,17
2026-02-28,0.15,325.3393527889712,2026-02-07,3,wk inc flu hosp,quantile,17
2026-02-28,0.2,350.3790008739379,2026-02-07,3,wk inc flu hosp,quantile,17
2026-02-28,0.25,373.226294571678,2026-02-07,3,wk inc flu hosp,quantile,17
2026-02-28,0.3,395.0587043059628,2026-02-07,3,wk inc flu hosp,quantile,17
2026-02-28,0.35,416.50454183776833,2026-02-07,3,wk inc flu hosp,quantile,17
2026-02-28,0.4,437.84849615763596,2026-02-07,3,wk inc flu hosp,quantile,17
2026-02-28,0.45,459.6273014796107,2026-02-07,3,wk inc flu hosp,quantile,17
2026-02-28,0.5,482.08496001805315,2026-02-07,3,wk inc flu hosp,quantile,17
2026-02-28,0.55,505.5732872380592,2026-02-07,3,wk inc flu hosp,quantile,17
2026-02-28,0.6,530.5770185267659,2026-02-07,3,wk inc flu hosp,quantile,17
2026-02-28,0.65,557.6598476582145,2026-02-07,3,wk inc flu hosp,quantile,17
2026-02-28,0.7,587.8787721221566,2026-02-07,3,wk inc flu hosp,quantile,17
2026-02-28,0.75,622.028593703088,2026-02-07,3,wk inc flu hosp,quantile,17
2026-02-28,0.8,662.5259551838607,2026-02-07,3,wk inc flu hosp,quantile,17
2026-02-28,0.85,713.8163437162927,2026-02-07,3,wk inc flu hosp,quantile,17
2026-02-28,0.9,783.4661822765692,2026-02-07,3,wk inc flu hosp,quantile,17
2026-02-28,0.95,898.844521909507,2026-02-07,3,wk inc flu hosp,quantile,17
2026-02-28,0.975,1012.9999891856775,2026-02-07,3,wk inc flu hosp,quantile,17
2026-02-28,0.99,1163.6790393867964,2026-02-07,3,wk inc flu hosp,quantile,17
2026-02-28,0.01,96.25124700302874,2026-02-07,3,wk inc flu hosp,quantile,18
2026-02-28,0.025,113.19363901167276,2026-02-07,3,wk inc flu hosp,quantile,18
2026-02-28,0.05,130.1825517567433,2026-02-07,3,wk inc flu hosp,quantile,18
2026-02-28,0.1,152.8632931755293,2026-02-07,3,wk inc flu hosp,quantile,18
2026-02-28,0.15,170.20442331700056,2026-02-07,3,wk inc flu hosp,quantile,18
2026-02-28,0.2,185.5850192053528,2026-02-07,3,wk inc flu hosp,quantile,18
2026-02-28,0.25,199.7802645606368,2026-02-07,3,wk inc flu hosp,quantile,18
2026-02-28,0.3,213.48123942941024,2026-02-07,3,wk inc flu hosp,quantile,18
2026-02-28,0.35,227.06322623425862,2026-02-07,3,wk inc flu hosp,quantile,18
2026-02-28,0.4,240.69704903851044,2026-02-07,3,wk inc flu hosp,quantile,18
2026-02-28,0.45,254.72337251575573,2026-02-07,3,wk inc flu hosp,quantile,18
2026-02-28,0.5,269.303437151144,2026-02-07,3,wk inc flu hosp,quantile,18
2026-02-28,0.55,284.67427511141733,2026-02-07,3,wk inc flu hosp,quantile,18
2026-02-28,0.6,301.16811748635786,2026-02-07,3,wk inc flu hosp,quantile,18
2026-02-28,0.65,319.18017095785945,2026-02-07,3,wk inc flu hosp,quantile,18
2026-02-28,0.7,339.4506666198808,2026-02-07,3,wk inc flu hosp,quantile,18
2026-02-28,0.75,362.5677252970502,2026-02-07,3,wk inc flu hosp,quantile,18
2026-02-28,0.8,390.25659736181944,2026-02-07,3,wk inc flu hosp,quantile,18
2026-02-28,0.85,425.7305545073954,2026-02-07,3,wk inc flu hosp,quantile,18
2026-02-28,0.9,474.58300644024786,2026-02-07,3,wk inc flu hosp,quantile,18
2026-02-28,0.95,557.0926067736918,2026-02-07,3,wk inc flu hosp,quantile,18
2026-02-28,0.975,640.4900014954703,2026-02-07,3,wk inc flu hosp,quantile,18
2026-02-28,0.99,752.9745928479904,2026-02-07,3,wk inc flu hosp,quantile,18
2026-02-28,0.01,35.18752557958133,2026-02-07,3,wk inc flu hosp,quantile,19
2026-02-28,0.025,43.764783010316606,2026-02-07,3,wk inc flu hosp,quantile,19
2026-02-28,0.05,52.82395679762621,2026-02-07,3,wk inc flu hosp,quantile,19
2026-02-28,0.1,65.5649896404926,2026-02-07,3,wk inc flu hosp,quantile,19
2026-02-28,0.15,75.76311978469802,2026-02-07,3,wk inc flu hosp,quantile,19
2026-02-28,0.2,85.11511525267665,2026-02-07,3,wk inc flu hosp,quantile,19
2026-02-28,0.25,93.98790408125575,2026-02-07,3,wk inc flu hosp,quantile,19
2026-02-28,0.3,102.7610657563188,2026-02-07,3,wk inc flu hosp,quantile,19
2026-02-28,0.35,111.65225593211366,2026-02-07,3,wk inc flu hosp,quantile,19
2026-02-28,0.4,120.76412478139245,2026-02-07,3,wk inc flu hosp,quantile,19
2026-02-28,0.45,130.3261957185051,2026-02-07,3,wk inc flu hosp,quantile,19
2026-02-28,0.5,140.46036880262983,2026-02-07,3,wk inc flu hosp,quantile,19
2026-02-28,0.55,151.35126494773232,2026-02-07,3,wk inc flu hosp,quantile,19
2026-02-28,0.6,163.2657803490835,2026-02-07,3,wk inc flu hosp,quantile,19
2026-02-28,0.65,176.53671091509116,2026-02-07,3,wk inc flu hosp,quantile,19
2026-02-28,0.7,191.78366226886953,2026-02-07,3,wk inc flu hosp,quantile,19
2026-02-28,0.75,209.55901858474894,2026-02-07,3,wk inc flu hosp,quantile,19
2026-02-28,0.8,231.36960381012457,2026-02-07,3,wk inc flu hosp,quantile,19
2026-02-28,0.85,260.1004055253374,2026-02-07,3,wk inc flu hosp,quantile,19
2026-02-28,0.9,301.03200200471446,2026-02-07,3,wk inc flu hosp,quantile,19
2026-02-28,0.95,373.48383741977807,2026-02-07,3,wk inc flu hosp,quantile,19
2026-02-28,0.975,450.5902676943454,2026-02-07,3,wk inc flu hosp,quantile,19
2026-02-28,0.99,560.1691144991905,2026-02-07,3,wk inc flu hosp,quantile,19
2026-02-28,0.01,33.49496625911016,2026-02-07,3,wk inc flu hosp,quantile,20
2026-02-28,0.025,40.37336660220208,2026-02-07,3,wk inc flu hosp,quantile,20
2026-02-28,0.05,47.43007942194337,2026-02-07,3,wk inc flu hosp,quantile,20
2026-02-28,0.1,57.0693550615815,2026-02-07,3,wk inc flu hosp,quantile,20
2026-02-28,0.15,64.58948343889003,2026-02-07,3,wk inc flu hosp,quantile,20
2026-02-28,0.2,71.35805716835125,2026-02-07,3,wk inc flu hosp,quantile,20
2026-02-28,0.25,77.68132082865861,2026-02-07,3,wk inc flu hosp,quantile,20
2026-02-28,0.3,83.8496046610648,2026-02-07,3,wk inc flu hosp,quantile,20
2026-02-28,0.35,90.02402900353586,2026-02-07,3,wk inc flu hosp,quantile,20
2026-02-28,0.4,96.27874505354514,2026-02-07,3,wk inc flu hosp,quantile,20
2026-02-28,0.45,102.76995307717667,2026-02-07,3,wk inc flu hosp,quantile,20
2026-02-28,0.5,109.5752315091515,2026-02-07,3,wk inc flu hosp,quantile,20
2026-02-28,0.55,116.8104551176016,2026-02-07,3,wk inc flu hosp,quantile,20
2026-02-28,0.6,124.64054440849584,2026-02-07,3,wk inc flu hosp,quantile,20
2026-02-28,0.65,133.2660459004863,2026-02-07,3,wk inc flu hosp,quantile,20
2026-02-28,0.7,143.061763254554,2026-02-07,3,wk inc flu hosp,quantile,20
2026-02-28,0.75,154.34186989913565,2026-02-07,3,wk inc flu hosp,quantile,20
2026-02-28,0.8,167.9969540326591,2026-02-07,3,wk inc flu hosp,quantile,20
2026-02-28,0.85,185.70662413232526,2026-02-07,3,wk inc flu hosp,quantile,20
2026-02-28,0.9,210.46187159473706,2026-02-07,3,wk inc flu hosp,quantile,20
2026-02-28,0.95,253.14349647721932,2026-02-07,3,wk inc flu hosp,quantile,20
2026-02-28,0.975,297.2745348582844,2026-02-07,3,wk inc flu hosp,quantile,20
2026-02-28,0.99,358.18137378826987,2026-02-07,3,wk inc flu hosp,quantile,20
2026-02-28,0.01,77.12670776525826,2026-02-07,3,wk inc flu hosp,quantile,21
2026-02-28,0.025,91.61444749178301,2026-02-07,3,wk inc flu hosp,quantile,21
2026-02-28,0.05,106.27737964596805,2026-02-07,3,wk inc flu hosp,quantile,21
2026-02-28,0.1,126.03575047967885,2026-02-07,3,wk inc flu hosp,quantile,21
2026-02-28,0.15,141.2667736870662,2026-02-07,3,wk inc flu hosp,quantile,21
2026-02-28,0.2,154.85659096634538,2026-02-07,3,wk inc flu hosp,quantile,21
2026-02-28,0.25,167.46106350759422,2026-02-07,3,wk inc flu hosp,quantile,21
2026-02-28,0.3,179.67924514460563,2026-02-07,3,wk inc flu hosp,quantile,21
2026-02-28,0.35,191.8391920099438,2026-02-07,3,wk inc flu hosp,quantile,21
2026-02-28,0.4,204.090777530982,2026-02-07,3,wk inc flu hosp,quantile,21
2026-02-28,0.45,216.73982294644796,2026-02-07,3,wk inc flu hosp,quantile,21
2026-02-28,0.5,229.93384774265897,2026-02-07,3,wk inc flu hosp,quantile,21
2026-02-28,0.55,243.89124322987573,2026-02-07,3,wk inc flu hosp,quantile,21
2026-02-28,0.6,258.92012941316415,2026-02-07,3,wk inc flu hosp,quantile,21
2026-02-28,0.65,275.39041439783875,2026-02-07,3,wk inc flu hosp,quantile,21
2026-02-28,0.7,293.99440022867003,2026-02-07,3,wk inc flu hosp,quantile,21
2026-02-28,0.75,315.29455083858744,2026-02-07,3,wk inc flu hosp,quantile,21
2026-02-28,0.8,340.91731900798055,2026-02-07,3,wk inc flu hosp,quantile,21
2026-02-28,0.85,373.9076344844784,2026-02-07,3,wk inc flu hosp,quantile,21
2026-02-28,0.9,419.615750915688,2026-02-07,3,wk inc flu hosp,quantile,21
2026-02-28,0.95,497.4634012417126,2026-02-07,3,wk inc flu hosp,quantile,21
2026-02-28,0.975,576.8769869564611,2026-02-07,3,wk inc flu hosp,quantile,21
2026-02-28,0.99,684.9921398520462,2026-02-07,3,wk inc flu hosp,quantile,21
2026-02-28,0.01,59.102024566690716,2026-02-07,3,wk inc flu hosp,quantile,22
2026-02-28,0.025,73.64424112555923,2026-02-07,3,wk inc flu hosp,quantile,22
2026-02-28,0.05,89.02976739811538,2026-02-07,3,wk inc flu hosp,quantile,22
2026-02-28,0.1,110.7054819238463,2026-02-07,3,wk inc flu hosp,quantile,22
2026-02-28,0.15,128.08121203877718,2026-02-07,3,wk inc flu hosp,quantile,22
2026-02-28,0.2,144.03277712056394,2026-02-07,3,wk inc flu hosp,quantile,22
2026-02-28,0.25,159.1807133897643,2026-02-07,3,wk inc flu hosp,quantile,22
2026-02-28,0.3,174.17046791254853,2026-02-07,3,wk inc flu hosp,quantile,22
2026-02-28,0.35,189.37292945169403,2026-02-07,3,wk inc flu hosp,quantile,22
2026-02-28,0.4,204.96333491653957,2026-02-07,3,wk inc flu hosp,quantile,22
2026-02-28,0.45,221.33472378387256,2026-02-07,3,wk inc flu hosp,quantile,22
2026-02-28,0.5,238.69669367530454,2026-02-07,3,wk inc flu hosp,quantile,22
2026-02-28,0.55,257.36688090550075,2026-02-07,3,wk inc flu hosp,quantile,22
2026-02-28,0.6,277.8048392618247,2026-02-07,3,wk inc flu hosp,quantile,22
2026-02-28,0.65,300.5843821118019,2026-02-07,3,wk inc flu hosp,quantile,22
2026-02-28,0.7,326.7735813558676,2026-02-07,3,wk inc flu hosp,quantile,22
2026-02-28,0.75,357.3278865646291,2026-02-07,3,wk inc flu hosp,quantile,22
2026-02-28,0.8,394.84818373158123,2026-02-07,3,wk inc flu hosp,quantile,22
2026-02-28,0.85,444.31845308266304,2026-02-07,3,wk inc flu hosp,quantile,22
2026-02-28,0.9,514.8755048391865,2026-02-07,3,wk inc flu hosp,quantile,22
2026-02-28,0.95,639.9597492935518,2026-02-07,3,wk inc flu hosp,quantile,22
2026-02-28,0.975,773.3058490004313,2026-02-07,3,wk inc flu hosp,quantile,22
2026-02-28,0.99,963.1354110498003,2026-02-07,3,wk inc flu hosp,quantile,22
2026-02-28,0.01,9.30567779139524,2026-02-07,3,wk inc flu hosp,quantile,23
2026-02-28,0.025,12.296525718979037,2026-02-07,3,wk inc flu hosp,quantile,23
2026-02-28,0.05,15.637592139049383,2026-02-07,3,wk inc flu hosp,quantile,23
2026-02-28,0.1,20.609187256128674,2026-02-07,3,wk inc flu hosp,quantile,23
2026-02-28,0.15,24.789960053614116,2026-02-07,3,wk inc flu hosp,quantile,23
2026-02-28,0.2,28.764500096654853,2026-02-07,3,wk inc flu hosp,quantile,23
2026-02-28,0.25,32.64952420395894,2026-02-07,3,wk inc flu hosp,quantile,23
2026-02-28,0.3,36.59250853099372,2026-02-07,3,wk inc flu hosp,quantile,23
2026-02-28,0.35,40.68509596549829,2026-02-07,3,wk inc flu hosp,quantile,23
2026-02-28,0.4,44.974215975587256,2026-02-07,3,wk inc flu hosp,quantile,23
2026-02-28,0.45,49.572872612822586,2026-02-07,3,wk inc flu hosp,quantile,23
2026-02-28,0.5,54.54992738190351,2026-02-07,3,wk inc flu hosp,quantile,23
2026-02-28,0.55,60.01081074843369,2026-02-07,3,wk inc flu hosp,quantile,23
2026-02-28,0.6,66.1110491980077,2026-02-07,3,wk inc flu hosp,quantile,23
2026-02-28,0.65,73.05256779942896,2026-02-07,3,wk inc flu hosp,quantile,23
2026-02-28,0.7,81.20803848088619,2026-02-07,3,wk inc flu hosp,quantile,23
2026-02-28,0.75,90.94519560941174,2026-02-07,3,wk inc flu hosp,quantile,23
2026-02-28,0.8,103.20870448104972,2026-02-07,3,wk inc flu hosp,quantile,23
2026-02-28,0.85,119.85677159147156,2026-02-07,3,wk inc flu hosp,quantile,23
2026-02-28,0.9,144.4620232611177,2026-02-07,3,wk inc flu hosp,quantile,23
2026-02-28,0.95,190.28837326607308,2026-02-07,3,wk inc flu hosp,quantile,23
2026-02-28,0.975,241.8516786156734,2026-02-07,3,wk inc flu hosp,quantile,23
2026-02-28,0.99,319.39613798974045,2026-02-07,3,wk inc flu hosp,quantile,23
2026-02-28,0.01,50.87747286644889,2026-02-07,3,wk inc flu hosp,quantile,24
2026-02-28,0.025,63.44102130678502,2026-02-07,3,wk inc flu hosp,quantile,24
2026-02-28,0.05,76.74187835543839,2026-02-07,3,wk inc flu hosp,quantile,24
2026-02-28,0.1,95.49301438047513,2026-02-07,3,wk inc flu hosp,quantile,24
2026-02-28,0.15,110.53305242793321,2026-02-07,3,wk inc flu hosp,quantile,24
2026-02-28,0.2,124.34620002870042,2026-02-07,3,wk inc flu hosp,quantile,24
2026-02-28,0.25,137.46803754685263,2026-02-07,3,wk inc flu hosp,quantile,24
2026-02-28,0.3,150.45682407343338,2026-02-07,3,wk inc flu hosp,quantile,24
2026-02-28,0.35,163.63361054779304,2026-02-07,3,wk inc flu hosp,quantile,24
2026-02-28,0.4,177.15019493862513,2026-02-07,3,wk inc flu hosp,quantile,24
2026-02-28,0.45,191.3474467245016,2026-02-07,3,wk inc flu hosp,quantile,24
2026-02-28,0.5,206.40742925619224,2026-02-07,3,wk inc flu hosp,quantile,24
2026-02-28,0.55,222.60611557963486,2026-02-07,3,wk inc flu hosp,quantile,24
2026-02-28,0.6,240.34290207798622,2026-02-07,3,wk inc flu hosp,quantile,24
2026-02-28,0.65,260.11675113918596,2026-02-07,3,wk inc flu hosp,quantile,24
2026-02-28,0.7,282.8563211547522,2026-02-07,3,wk inc flu hosp,quantile,24
2026-02-28,0.75,309.39343555861586,2026-02-07,3,wk inc flu hosp,quantile,24
2026-02-28,0.8,341.99063929677607,2026-02-07,3,wk inc flu hosp,quantile,24
2026-02-28,0.85,384.98499550700257,2026-02-07,3,wk inc flu hosp,quantile,24
2026-02-28,0.9,446.33215310095824,2026-02-07,3,wk inc flu hosp,quantile,24
2026-02-28,0.95,555.1537791133454,2026-02-07,3,wk inc flu hosp,quantile,24
2026-02-28,0.975,671.2388883052622,2026-02-07,3,wk inc flu hosp,quantile,24
2026-02-28,0.99,836.6055087345609,2026-02-07,3,wk inc flu hosp,quantile,24
2026-02-28,0.01,58.773254460068,2026-02-07,3,wk inc flu hosp,quantile,25
2026-02-28,0.025,73.85138011985067,2026-02-07,3,wk inc flu hosp,quantile,25
2026-02-28,0.05,89.92832991679792,2026-02-07,3,wk inc flu hosp,quantile,25
2026-02-28,0.1,112.75568520325126,2026-02-07,3,wk inc flu hosp,quantile,25
2026-02-28,0.15,131.1803427924404,2026-02-07,3,wk inc flu hosp,quantile,25
2026-02-28,0.2,148.17952071845673,2026-02-07,3,wk inc flu hosp,quantile,25
2026-02-28,0.25,164.38912574055405,2026-02-07,3,wk inc flu hosp,quantile,25
2026-02-28,0.3,180.48756487174703,2026-02-07,3,wk inc flu hosp,quantile,25
2026-02-28,0.35,196.86853066436552,2026-02-07,3,wk inc flu hosp,quantile,25
2026-02-28,0.4,213.71968854560816,2026-02-07,3,wk inc flu hosp,quantile,25
2026-02-28,0.45,231.46765260134683,2026-02-07,3,wk inc flu hosp,quantile,25
2026-02-28,0.5,250.34422511506932,2026-02-07,3,wk inc flu hosp,quantile,25
2026-02-28,0.55,270.70158544489215,2026-02-07,3,wk inc flu hosp,quantile,25
2026-02-28,0.6,293.05102668866465,2026-02-07,3,wk inc flu hosp,quantile,25
2026-02-28,0.65,318.0349019081494,2026-02-07,3,wk inc flu hosp,quantile,25
2026-02-28,0.7,346.84748413815004,2026-02-07,3,wk inc flu hosp,quantile,25
2026-02-28,0.75,380.5735314893065,2026-02-07,3,wk inc flu hosp,quantile,25
2026-02-28,0.8,422.13862410248197,2026-02-07,3,wk inc flu hosp,quantile,25
2026-02-28,0.85,477.1707414933677,2026-02-07,3,wk inc flu hosp,quantile,25
2026-02-28,0.9,556.0605246794955,2026-02-07,3,wk inc flu hosp,quantile,25
2026-02-28,0.95,696.9049216765127,2026-02-07,3,wk inc flu hosp,quantile,25
2026-02-28,0.975,848.2152769604428,2026-02-07,3,wk inc flu hosp,quantile,25
2026-02-28,0.99,1065.3123186414368,2026-02-07,3,wk inc flu hosp,quantile,25
2026-02-28,0.01,79.12574988530473,2026-02-07,3,wk inc flu hosp,quantile,26
2026-02-28,0.025,95.11105862378166,2026-02-07,3,wk inc flu hosp,quantile,26
2026-02-28,0.05,111.46871985785042,2026-02-07,3,wk inc flu hosp,quantile,26
2026-02-28,0.1,133.75537400989,2026-02-07,3,wk inc flu hosp,quantile,26
2026-02-28,0.15,151.1030760130321,2026-02-07,3,wk inc flu hosp,quantile,26
2026-02-28,0.2,166.69133443961238,2026-02-07,3,wk inc flu hosp,quantile,26
2026-02-28,0.25,181.23417257338897,2026-02-07,3,wk inc flu hosp,quantile,26
2026-02-28,0.3,195.40364823342128,2026-02-07,3,wk inc flu hosp,quantile,26
2026-02-28,0.35,209.57175200853737,2026-02-07,3,wk inc flu hosp,quantile,26
2026-02-28,0.4,223.9094120935688,2026-02-07,3,wk inc flu hosp,quantile,26
2026-02-28,0.45,238.77459208227006,2026-02-07,3,wk inc flu hosp,quantile,26
2026-02-28,0.5,254.34407801447705,2026-02-07,3,wk inc flu hosp,quantile,26
2026-02-28,0.55,270.88151469702933,2026-02-07,3,wk inc flu hosp,quantile,26
2026-02-28,0.6,288.7615462470436,2026-02-07,3,wk inc flu hosp,quantile,26
2026-02-28,0.65,308.4386695089432,2026-02-07,3,wk inc flu hosp,quantile,26
2026-02-28,0.7,330.76254370820106,2026-02-07,3,wk inc flu hosp,quantile,26
2026-02-28,0.75,356.4412772552073,2026-02-07,3,wk inc flu hosp,quantile,26
2026-02-28,0.8,387.4895120086589,2026-02-07,3,wk inc flu hosp,quantile,26
2026-02-28,0.85,427.70154967042936,2026-02-07,3,wk inc flu hosp,quantile,26
2026-02-28,0.9,483.81727661775886,2026-02-07,3,wk inc flu hosp,quantile,26
2026-02-28,0.95,580.3448584223843,2026-02-07,3,wk inc flu hosp,quantile,26
2026-02-28,0.975,679.8962968719666,2026-02-07,3,wk inc flu hosp,quantile,26
2026-02-28,0.99,816.9363918965721,2026-02-07,3,wk inc flu hosp,quantile,26
2026-02-28,0.01,32.48873229260673,2026-02-07,3,wk inc flu hosp,quantile,27
2026-02-28,0.025,42.941236110978856,2026-02-07,3,wk inc flu hosp,quantile,27
2026-02-28,0.05,54.62036514786887,2026-02-07,3,wk inc flu hosp,quantile,27
2026-02-28,0.1,72.00322245979683,2026-02-07,3,wk inc flu hosp,quantile,27
2026-02-28,0.15,86.62396342143188,2026-02-07,3,wk inc flu hosp,quantile,27
2026-02-28,0.2,100.52552312475133,2026-02-07,3,wk inc flu hosp,quantile,27
2026-02-28,0.25,114.11564096570841,2026-02-07,3,wk inc flu hosp,quantile,27
2026-02-28,0.3,127.90997765700868,2026-02-07,3,wk inc flu hosp,quantile,27
2026-02-28,0.35,142.22908894244185,2026-02-07,3,wk inc flu hosp,quantile,27
2026-02-28,0.4,157.23719828738967,2026-02-07,3,wk inc flu hosp,quantile,27
2026-02-28,0.45,173.3298203358619,2026-02-07,3,wk inc flu hosp,quantile,27
2026-02-28,0.5,190.74810639441247,2026-02-07,3,wk inc flu hosp,quantile,27
2026-02-28,0.55,209.86127560594255,2026-02-07,3,wk inc flu hosp,quantile,27
2026-02-28,0.6,231.2140174546029,2026-02-07,3,wk inc flu hosp,quantile,27
2026-02-28,0.65,255.51362331267282,2026-02-07,3,wk inc flu hosp,quantile,27
2026-02-28,0.7,284.06541893934224,2026-02-07,3,wk inc flu hosp,quantile,27
2026-02-28,0.75,318.1579170631285,2026-02-07,3,wk inc flu hosp,quantile,27
2026-02-28,0.8,361.10045201483496,2026-02-07,3,wk inc flu hosp,quantile,27
2026-02-28,0.85,419.40334729209866,2026-02-07,3,wk inc flu hosp,quantile,27
2026-02-28,0.9,505.5858871242703,2026-02-07,3,wk inc flu hosp,quantile,27
2026-02-28,0.95,666.1310036411743,2026-02-07,3,wk inc flu hosp,quantile,27
2026-02-28,0.975,846.815650341814,2026-02-07,3,wk inc flu hosp,quantile,27
2026-02-28,0.99,1118.6045204068573,2026-02-07,3,wk inc flu hosp,quantile,27
2026-02-28,0.01,29.755511818758382,2026-02-07,3,wk inc flu hosp,quantile,28
2026-02-28,0.025,35.77237913875566,2026-02-07,3,wk inc flu hosp,quantile,28
2026-02-28,0.05,41.93028368519905,2026-02-07,3,wk inc flu hosp,quantile,28
2026-02-28,0.1,50.32138846421032,2026-02-07,3,wk inc flu hosp,quantile,28
2026-02-28,0.15,56.85376538160073,2026-02-07,3,wk inc flu hosp,quantile,28
2026-02-28,0.2,62.724155054759706,2026-02-07,3,wk inc flu hosp,quantile,28
2026-02-28,0.25,68.20126724562431,2026-02-07,3,wk inc flu hosp,quantile,28
2026-02-28,0.3,73.53812018301628,2026-02-07,3,wk inc flu hosp,quantile,28
2026-02-28,0.35,78.87478220037588,2026-02-07,3,wk inc flu hosp,quantile,28
2026-02-28,0.4,84.27561967122055,2026-02-07,3,wk inc flu hosp,quantile,28
2026-02-28,0.45,89.87547519128704,2026-02-07,3,wk inc flu hosp,quantile,28
2026-02-28,0.5,95.74096384785194,2026-02-07,3,wk inc flu hosp,quantile,28
2026-02-28,0.55,101.97143895098344,2026-02-07,3,wk inc flu hosp,quantile,28
2026-02-28,0.6,108.7080959817631,2026-02-07,3,wk inc flu hosp,quantile,28
2026-02-28,0.65,116.12224803402218,2026-02-07,3,wk inc flu hosp,quantile,28
2026-02-28,0.7,124.5341513245678,2026-02-07,3,wk inc flu hosp,quantile,28
2026-02-28,0.75,134.210794993843,2026-02-07,3,wk inc flu hosp,quantile,28
2026-02-28,0.8,145.9116343667915,2026-02-07,3,wk inc flu hosp,quantile,28
2026-02-28,0.85,161.06710966669834,2026-02-07,3,wk inc flu hosp,quantile,28
2026-02-28,0.9,182.2184939098772,2026-02-07,3,wk inc flu hosp,quantile,28
2026-02-28,0.95,218.6068068970915,2026-02-07,3,wk inc flu hosp,quantile,28
2026-02-28,0.975,256.1403825278076,2026-02-07,3,wk inc flu hosp,quantile,28
2026-02-28,0.99,307.81565491907355,2026-02-07,3,wk inc flu hosp,quantile,28
2026-02-28,0.01,125.23462036515919,2026-02-07,3,wk inc flu hosp,quantile,29
2026-02-28,0.025,145.45103190664378,2026-02-07,3,wk inc flu hosp,quantile,29
2026-02-28,0.05,165.48941452210465,2026-02-07,3,wk inc flu hosp,quantile,29
2026-02-28,0.1,191.93254893514032,2026-02-07,3,wk inc flu hosp,quantile,29
2026-02-28,0.15,211.94443940220353,2026-02-07,3,wk inc flu hosp,quantile,29
2026-02-28,0.2,229.56220347131764,2026-02-07,3,wk inc flu hosp,quantile,29
2026-02-28,0.25,245.72239546316354,2026-02-07,3,wk inc flu hosp,quantile,29
2026-02-28,0.3,261.23611241812415,2026-02-07,3,wk inc flu hosp,quantile,29
2026-02-28,0.35,276.53952979854057,2026-02-07,3,wk inc flu hosp,quantile,29
2026-02-28,0.4,291.83057281704885,2026-02-07,3,wk inc flu hosp,quantile,29
2026-02-28,0.45,307.4923626166053,2026-02-07,3,wk inc flu hosp,quantile,29
2026-02-28,0.5,323.7022188574152,2026-02-07,3,wk inc flu hosp,quantile,29
2026-02-28,0.55,340.71824397917527,2026-02-07,3,wk inc flu hosp,quantile,29
2026-02-28,0.6,358.89899859713165,2026-02-07,3,wk inc flu hosp,quantile,29
2026-02-28,0.65,378.6659336772504,2026-02-07,3,wk inc flu hosp,quantile,29
2026-02-28,0.7,400.80901948024734,2026-02-07,3,wk inc flu hosp,quantile,29
2026-02-28,0.75,425.9379084538802,2026-02-07,3,wk inc flu hosp,quantile,29
2026-02-28,0.8,455.87505993833844,2026-02-07,3,wk inc flu hosp,quantile,29
2026-02-28,0.85,493.99245823939196,2026-02-07,3,wk inc flu hosp,quantile,29
2026-02-28,0.9,546.0899549343785,2026-02-07,3,wk inc flu hosp,quantile,29
2026-02-28,0.95,633.166303422653,2026-02-07,3,wk inc flu hosp,quantile,29
2026-02-28,0.975,720.1726720516712,2026-02-07,3,wk inc flu hosp,quantile,29
2026-02-28,0.99,836.1664263362072,2026-02-07,3,wk inc flu hosp,quantile,29
2026-02-28,0.01,8.604658136543895,2026-02-07,3,wk inc flu hosp,quantile,30
2026-02-28,0.025,10.922055764868922,2026-02-07,3,wk inc flu hosp,quantile,30
2026-02-28,0.05,13.41621898467576,2026-02-07,3,wk inc flu hosp,quantile,30
2026-02-28,0.1,16.99113775754382,2026-02-07,3,wk inc flu hosp,quantile,30
2026-02-28,0.15,19.900476689929178,2026-02-07,3,wk inc flu hosp,quantile,30
2026-02-28,0.2,22.60093001957077,2026-02-07,3,wk inc flu hosp,quantile,30
2026-02-28,0.25,25.188811983565632,2026-02-07,3,wk inc flu hosp,quantile,30
2026-02-28,0.3,27.77017478808288,2026-02-07,3,wk inc flu hosp,quantile,30
2026-02-28,0.35,30.407335395644314,2026-02-07,3,wk inc flu hosp,quantile,30
2026-02-28,0.4,33.13035406632488,2026-02-07,3,wk inc flu hosp,quantile,30
2026-02-28,0.45,36.00858495311323,2026-02-07,3,wk inc flu hosp,quantile,30
2026-02-28,0.5,39.08058221333516,2026-02-07,3,wk inc flu hosp,quantile,30
2026-02-28,0.55,42.40506974892269,2026-02-07,3,wk inc flu hosp,quantile,30
2026-02-28,0.6,46.067630188346705,2026-02-07,3,wk inc flu hosp,quantile,30
2026-02-28,0.65,50.17655432231269,2026-02-07,3,wk inc flu hosp,quantile,30
2026-02-28,0.7,54.932889974037536,2026-02-07,3,wk inc flu hosp,quantile,30
2026-02-28,0.75,60.52252897401295,2026-02-07,3,wk inc flu hosp,quantile,30
2026-02-28,0.8,67.44146918874286,2026-02-07,3,wk inc flu hosp,quantile,30
2026-02-28,0.85,76.64827739397708,2026-02-07,3,wk inc flu hosp,quantile,30
2026-02-28,0.9,89.92763160769942,2026-02-07,3,wk inc flu hosp,quantile,30
2026-02-28,0.95,113.83782529836627,2026-02-07,3,wk inc flu hosp,quantile,30
2026-02-28,0.975,139.76482722975143,2026-02-07,3,wk inc flu hosp,quantile,30
2026-02-28,0.99,177.3174317179096,2026-02-07,3,wk inc flu hosp,quantile,30
2026-02-28,0.01,21.228289640008747,2026-02-07,3,wk inc flu hosp,quantile,31
2026-02-28,0.025,26.616353269827215,2026-02-07,3,wk inc flu hosp,quantile,31
2026-02-28,0.05,32.34976689153325,2026-02-07,3,wk inc flu hosp,quantile,31
2026-02-28,0.1,40.47405132422008,2026-02-07,3,wk inc flu hosp,quantile,31
2026-02-28,0.15,47.01976770552733,2026-02-07,3,wk inc flu hosp,quantile,31
2026-02-28,0.2,53.051235107540705,2026-02-07,3,wk inc flu hosp,quantile,31
2026-02-28,0.25,58.796391142511766,2026-02-07,3,wk inc flu hosp,quantile,31
2026-02-28,0.3,64.49679514948569,2026-02-07,3,wk inc flu hosp,quantile,31
2026-02-28,0.35,70.29226432299701,2026-02-07,3,wk inc flu hosp,quantile,31
2026-02-28,0.4,76.24928797950045,2026-02-07,3,wk inc flu hosp,quantile,31
2026-02-28,0.45,82.51850274416756,2026-02-07,3,wk inc flu hosp,quantile,31
2026-02-28,0.5,89.18135904990025,2026-02-07,3,wk inc flu hosp,quantile,31
2026-02-28,0.55,96.36152871868688,2026-02-07,3,wk inc flu hosp,quantile,31
2026-02-28,0.6,104.23840174268123,2026-02-07,3,wk inc flu hosp,quantile,31
2026-02-28,0.65,113.03699641939215,2026-02-07,3,wk inc flu hosp,quantile,31
2026-02-28,0.7,123.17579686487146,2026-02-07,3,wk inc flu hosp,quantile,31
2026-02-28,0.75,135.03342718737207,2026-02-07,3,wk inc flu hosp,quantile,31
2026-02-28,0.8,149.63346168347863,2026-02-07,3,wk inc flu hosp,quantile,31
2026-02-28,0.85,168.94299240261748,2026-02-07,3,wk inc flu hosp,quantile,31
2026-02-28,0.9,196.58713172591945,2026-02-07,3,wk inc flu hosp,quantile,31
2026-02-28,0.95,245.85099491147884,2026-02-07,3,wk inc flu hosp,quantile,31
2026-02-28,0.975,298.669707799805,2026-02-07,3,wk inc flu hosp,quantile,31
2026-02-28,0.99,374.29902007924136,2026-02-07,3,wk inc flu hosp,quantile,31
2026-02-28,0.01,19.911285936936743,2026-02-07,3,wk inc flu hosp,quantile,32
2026-02-28,0.025,25.341192302824346,2026-02-07,3,wk inc flu hosp,quantile,32
2026-02-28,0.05,31.19971534691807,2026-02-07,3,wk inc flu hosp,quantile,32
2026-02-28,0.1,39.617675519091755,2026-02-07,3,wk inc flu hosp,quantile,32
2026-02-28,0.15,46.48328185591091,2026-02-07,3,wk inc flu hosp,quantile,32
2026-02-28,0.2,52.86605981026012,2026-02-07,3,wk inc flu hosp,quantile,32
2026-02-28,0.25,58.990795512271234,2026-02-07,3,wk inc flu hosp,quantile,32
2026-02-28,0.3,65.10712192779891,2026-02-07,3,wk inc flu hosp,quantile,32
2026-02-28,0.35,71.3622237601342,2026-02-07,3,wk inc flu hosp,quantile,32
2026-02-28,0.4,77.82733756568932,2026-02-07,3,wk inc flu hosp,quantile,32
2026-02-28,0.45,84.66741688231237,2026-02-07,3,wk inc flu hosp,quantile,32
2026-02-28,0.5,91.97471630864429,2026-02-07,3,wk inc flu hosp,quantile,32
2026-02-28,0.55,99.8898344521115,2026-02-07,3,wk inc flu hosp,quantile,32
2026-02-28,0.6,108.6178711686123,2026-02-07,3,wk inc flu hosp,quantile,32
2026-02-28,0.65,118.41882316075208,2026-02-07,3,wk inc flu hosp,quantile,32
2026-02-28,0.7,129.77520349723164,2026-02-07,3,wk inc flu hosp,quantile,32
2026-02-28,0.75,143.13520229173685,2026-02-07,3,wk inc flu hosp,quantile,32
2026-02-28,0.8,159.69140785498425,2026-02-07,3,wk inc flu hosp,quantile,32
2026-02-28,0.85,181.7513922207995,2026-02-07,3,wk inc flu hosp,quantile,32
2026-02-28,0.9,213.62085648753492,2026-02-07,3,wk inc flu hosp,quantile,32
2026-02-28,0.95,271.13207731997124,2026-02-07,3,wk inc flu hosp,quantile,32
2026-02-28,0.975,333.6473237848416,2026-02-07,3,wk inc flu hosp,quantile,32
2026-02-28,0.99,424.41988732438347,2026-02-07,3,wk inc flu hosp,quantile,32
2026-02-28,0.01,15.050657059757294,2026-02-07,3,wk inc flu hosp,quantile,33
2026-02-28,0.025,18.142815811255662,2026-02-07,3,wk inc flu hosp,quantile,33
2026-02-28,0.05,21.315363271494267,2026-02-07,3,wk inc flu hosp,quantile,33
2026-02-28,0.1,25.64928969416208,2026-02-07,3,wk inc flu hosp,quantile,33
2026-02-28,0.15,29.030639128911385,2026-02-07,3,wk inc flu hosp,quantile,33
2026-02-28,0.2,32.07420080035239,2026-02-07,3,wk inc flu hosp,quantile,33
2026-02-28,0.25,34.91763313159769,2026-02-07,3,wk inc flu hosp,quantile,33
2026-02-28,0.3,37.69146757143557,2026-02-07,3,wk inc flu hosp,quantile,33
2026-02-28,0.35,40.46814861349228,2026-02-07,3,wk inc flu hosp,quantile,33
2026-02-28,0.4,43.2810183653443,2026-02-07,3,wk inc flu hosp,quantile,33
2026-02-28,0.45,46.2003237814525,2026-02-07,3,wk inc flu hosp,quantile,33
2026-02-28,0.5,49.26095928140406,2026-02-07,3,wk inc flu hosp,quantile,33
2026-02-28,0.55,52.51504703856852,2026-02-07,3,wk inc flu hosp,quantile,33
2026-02-28,0.6,56.03677397866611,2026-02-07,3,wk inc flu hosp,quantile,33
2026-02-28,0.65,59.916358810270424,2026-02-07,3,wk inc flu hosp,quantile,33
2026-02-28,0.7,64.3224109106134,2026-02-07,3,wk inc flu hosp,quantile,33
2026-02-28,0.75,69.3962873687345,2026-02-07,3,wk inc flu hosp,quantile,33
2026-02-28,0.8,75.53865247044575,2026-02-07,3,wk inc flu hosp,quantile,33
2026-02-28,0.85,83.50516980994908,2026-02-07,3,wk inc flu hosp,quantile,33
2026-02-28,0.9,94.6415946154834,2026-02-07,3,wk inc flu hosp,quantile,33
2026-02-28,0.95,113.84365269902626,2026-02-07,3,wk inc flu hosp,quantile,33
2026-02-28,0.975,133.69921152034357,2026-02-07,3,wk inc flu hosp,quantile,33
2026-02-28,0.99,161.10457571651634,2026-02-07,3,wk inc flu hosp,quantile,33
2026-02-28,0.01,31.67665716874911,2026-02-07,3,wk inc flu hosp,quantile,34
2026-02-28,0.025,44.26990981729092,2026-02-07,3,wk inc flu hosp,quantile,34
2026-02-28,0.05,59.08591734348228,2026-02-07,3,wk inc flu hosp,quantile,34
2026-02-28,0.1,82.31518393300485,2026-02-07,3,wk inc flu hosp,quantile,34
2026-02-28,0.15,102.75967872913553,2026-02-07,3,wk inc flu hosp,quantile,34
2026-02-28,0.2,122.85369968905894,2026-02-07,3,wk inc flu hosp,quantile,34
2026-02-28,0.25,143.0442671008778,2026-02-07,3,wk inc flu hosp,quantile,34
2026-02-28,0.3,164.03677136759455,2026-02-07,3,wk inc flu hosp,quantile,34
2026-02-28,0.35,186.31237404859618,2026-02-07,3,wk inc flu hosp,quantile,34
2026-02-28,0.4,210.1462480540223,2026-02-07,3,wk inc flu hosp,quantile,34
2026-02-28,0.45,236.21253238315046,2026-02-07,3,wk inc flu hosp,quantile,34
2026-02-28,0.5,264.9762721178862,2026-02-07,3,wk inc flu hosp,quantile,34
2026-02-28,0.55,297.14825644689205,2026-02-07,3,wk inc flu hosp,quantile,34
2026-02-28,0.6,333.78830550172654,2026-02-07,3,wk inc flu hosp,quantile,34
2026-02-28,0.65,376.3142785630097,2026-02-07,3,wk inc flu hosp,quantile,34
2026-02-28,0.7,427.3222899896895,2026-02-07,3,wk inc flu hosp,quantile,34
2026-02-28,0.75,489.58087804373133,2026-02-07,3,wk inc flu hosp,quantile,34
2026-02-28,0.8,569.9101910145223,2026-02-07,3,wk inc flu hosp,quantile,34
2026-02-28,0.85,682.0411927528797,2026-02-07,3,wk inc flu hosp,quantile,34
2026-02-28,0.9,853.5042807606509,2026-02-07,3,wk inc flu hosp,quantile,34
2026-02-28,0.95,1188.2902132732327,2026-02-07,3,wk inc flu hosp,quantile,34
2026-02-28,0.975,1584.881779928909,2026-02-07,3,wk inc flu hosp,quantile,34
2026-02-28,0.99,2213.406947775158,2026-02-07,3,wk inc flu hosp,quantile,34
2026-02-28,0.01,23.23457566507818,2026-02-07,3,wk inc flu hosp,quantile,35
2026-02-28,0.025,28.958604821411203,2026-02-07,3,wk inc flu hosp,quantile,35
2026-02-28,0.05,35.0159485838522,2026-02-07,3,wk inc flu hosp,quantile,35
2026-02-28,0.1,43.55171225930451,2026-02-07,3,wk inc flu hosp,quantile,35
2026-02-28,0.15,50.395538378424675,2026-02-07,3,wk inc flu hosp,quantile,35
2026-02-28,0.2,56.679341661002695,2026-02-07,3,wk inc flu hosp,quantile,35
2026-02-28,0.25,62.64729192537651,2026-02-07,3,wk inc flu hosp,quantile,35
2026-02-28,0.3,68.5535462252359,2026-02-07,3,wk inc flu hosp,quantile,35
2026-02-28,0.35,74.54419026256431,2026-02-07,3,wk inc flu hosp,quantile,35
2026-02-28,0.4,80.68826334329455,2026-02-07,3,wk inc flu hosp,quantile,35
2026-02-28,0.45,87.14067711191883,2026-02-07,3,wk inc flu hosp,quantile,35
2026-02-28,0.5,93.98408682857733,2026-02-07,3,wk inc flu hosp,quantile,35
2026-02-28,0.55,101.34376307764639,2026-02-07,3,wk inc flu hosp,quantile,35
2026-02-28,0.6,109.40096534151415,2026-02-07,3,wk inc flu hosp,quantile,35
2026-02-28,0.65,118.38206126255307,2026-02-07,3,wk inc flu hosp,quantile,35
2026-02-28,0.7,128.70838804012212,2026-02-07,3,wk inc flu hosp,quantile,35
2026-02-28,0.75,140.7570255863881,2026-02-07,3,wk inc flu hosp,quantile,35
2026-02-28,0.8,155.55416156767288,2026-02-07,3,wk inc flu hosp,quantile,35
2026-02-28,0.85,175.06646548619764,2026-02-07,3,wk inc flu hosp,quantile,35
2026-02-28,0.9,202.90005640443485,2026-02-07,3,wk inc flu hosp,quantile,35
2026-02-28,0.95,252.25387264219276,2026-02-07,3,wk inc flu hosp,quantile,35
2026-02-28,0.975,304.8793931974221,2026-02-07,3,wk inc flu hosp,quantile,35
2026-02-28,0.99,379.813467147973,2026-02-07,3,wk inc flu hosp,quantile,35
2026-02-28,0.01,109.99395373965739,2026-02-07,3,wk inc flu hosp,quantile,36
2026-02-28,0.025,140.09507527925888,2026-02-07,3,wk inc flu hosp,quantile,36
2026-02-28,0.05,172.5948745887738,2026-02-07,3,wk inc flu hosp,quantile,36
2026-02-28,0.1,219.32568338500752,2026-02-07,3,wk inc flu hosp,quantile,36
2026-02-28,0.15,257.46224432678395,2026-02-07,3,wk inc flu hosp,quantile,36
2026-02-28,0.2,292.93268164333557,2026-02-07,3,wk inc flu hosp,quantile,36
2026-02-28,0.25,326.98172187629433,2026-02-07,3,wk inc flu hosp,quantile,36
2026-02-28,0.3,360.9950272032433,2026-02-07,3,wk inc flu hosp,quantile,36
2026-02-28,0.35,395.79037933493237,2026-02-07,3,wk inc flu hosp,quantile,36
2026-02-28,0.4,431.76396028920504,2026-02-07,3,wk inc flu hosp,quantile,36
2026-02-28,0.45,469.8340816509441,2026-02-07,3,wk inc flu hosp,quantile,36
2026-02-28,0.5,510.5152115941496,2026-02-07,3,wk inc flu hosp,quantile,36
2026-02-28,0.55,554.5915358536458,2026-02-07,3,wk inc flu hosp,quantile,36
2026-02-28,0.6,603.2072970393314,2026-02-07,3,wk inc flu hosp,quantile,36
2026-02-28,0.65,657.8137502355466,2026-02-07,3,wk inc flu hosp,quantile,36
2026-02-28,0.7,721.1039045813131,2026-02-07,3,wk inc flu hosp,quantile,36
2026-02-28,0.75,795.5824250884746,2026-02-07,3,wk inc flu hosp,quantile,36
2026-02-28,0.8,887.9088577947397,2026-02-07,3,wk inc flu hosp,quantile,36
2026-02-28,0.85,1010.9733011170563,2026-02-07,3,wk inc flu hosp,quantile,36
2026-02-28,0.9,1188.842224287188,2026-02-07,3,wk inc flu hosp,quantile,36
2026-02-28,0.95,1510.0248071196102,2026-02-07,3,wk inc flu hosp,quantile,36
2026-02-28,0.975,1859.3947021090623,2026-02-07,3,wk inc flu hosp,quantile,36
2026-02-28,0.99,2367.0384096062967,2026-02-07,3,wk inc flu hosp,quantile,36
2026-02-28,0.01,22.56068947622274,2026-02-07,3,wk inc flu hosp,quantile,37
2026-02-28,0.025,34.98719613911336,2026-02-07,3,wk inc flu hosp,quantile,37
2026-02-28,0.05,51.08070974611902,2026-02-07,3,wk inc flu hosp,quantile,37
2026-02-28,0.1,78.8884603535281,2026-02-07,3,wk inc flu hosp,quantile,37
2026-02-28,0.15,105.51253189740332,2026-02-07,3,wk inc flu hosp,quantile,37
2026-02-28,0.2,133.3461498400821,2026-02-07,3,wk inc flu hosp,quantile,37
2026-02-28,0.25,162.78114460715764,2026-02-07,3,wk inc flu hosp,quantile,37
2026-02-28,0.3,194.78751031714995,2026-02-07,3,wk inc flu hosp,quantile,37
2026-02-28,0.35,230.17149302373508,2026-02-07,3,wk inc flu hosp,quantile,37
2026-02-28,0.4,269.51472105489654,2026-02-07,3,wk inc flu hosp,quantile,37
2026-02-28,0.45,314.1586012017415,2026-02-07,3,wk inc flu hosp,quantile,37
2026-02-28,0.5,365.2291936803885,2026-02-07,3,wk inc flu hosp,quantile,37
2026-02-28,0.55,424.42534922193863,2026-02-07,3,wk inc flu hosp,quantile,37
2026-02-28,0.6,494.30651011803,2026-02-07,3,wk inc flu hosp,quantile,37
2026-02-28,0.65,578.4484282826043,2026-02-07,3,wk inc flu hosp,quantile,37
2026-02-28,0.7,683.3287729932745,2026-02-07,3,wk inc flu hosp,quantile,37
2026-02-28,0.75,816.6950913521657,2026-02-07,3,wk inc flu hosp,quantile,37
2026-02-28,0.8,996.6717802995921,2026-02-07,3,wk inc flu hosp,quantile,37
2026-02-28,0.85,1261.2571476085807,2026-02-07,3,wk inc flu hosp,quantile,37
2026-02-28,0.9,1692.2854717159064,2026-02-07,3,wk inc flu hosp,quantile,37
2026-02-28,0.95,2611.345016973511,2026-02-07,3,wk inc flu hosp,quantile,37
2026-02-28,0.975,3809.057104316991,2026-02-07,3,wk inc flu hosp,quantile,37
2026-02-28,0.99,5901.665390116773,2026-02-07,3,wk inc flu hosp,quantile,37
2026-02-28,0.01,10.637972983462642,2026-02-07,3,wk inc flu hosp,quantile,38
2026-02-28,0.025,12.858924371156075,2026-02-07,3,wk inc flu hosp,quantile,38
2026-02-28,0.05,15.143443706671412,2026-02-07,3,wk inc flu hosp,quantile,38
2026-02-28,0.1,18.272268798814146,2026-02-07,3,wk inc flu hosp,quantile,38
2026-02-28,0.15,20.718901356497742,2026-02-07,3,wk inc flu hosp,quantile,38
2026-02-28,0.2,22.92473938339472,2026-02-07,3,wk inc flu hosp,quantile,38
2026-02-28,0.25,24.988332755983848,2026-02-07,3,wk inc flu hosp,quantile,38
2026-02-28,0.3,27.003809244865906,2026-02-07,3,wk inc flu hosp,quantile,38
2026-02-28,0.35,29.023547580470186,2026-02-07,3,wk inc flu hosp,quantile,38
2026-02-28,0.4,31.071694905161785,2026-02-07,3,wk inc flu hosp,quantile,38
2026-02-28,0.45,33.1994180194028,2026-02-07,3,wk inc flu hosp,quantile,38
2026-02-28,0.5,35.43227794591575,2026-02-07,3,wk inc flu hosp,quantile,38
2026-02-28,0.55,37.808512502688764,2026-02-07,3,wk inc flu hosp,quantile,38
2026-02-28,0.6,40.382630350217994,2026-02-07,3,wk inc flu hosp,quantile,38
2026-02-28,0.65,43.2210741397128,2026-02-07,3,wk inc flu hosp,quantile,38
2026-02-28,0.7,46.44798150271887,2026-02-07,3,wk inc flu hosp,quantile,38
2026-02-28,0.75,50.168020059743064,2026-02-07,3,wk inc flu hosp,quantile,38
2026-02-28,0.8,54.67679535123335,2026-02-07,3,wk inc flu hosp,quantile,38
2026-02-28,0.85,60.53258649349646,2026-02-07,3,wk inc flu hosp,quantile,38
2026-02-28,0.9,68.73209333494832,2026-02-07,3,wk inc flu hosp,quantile,38
2026-02-28,0.95,82.90281356711016,2026-02-07,3,wk inc flu hosp,quantile,38
2026-02-28,0.975,97.59302400200127,2026-02-07,3,wk inc flu hosp,quantile,38
2026-02-28,0.99,117.92118169599223,2026-02-07,3,wk inc flu hosp,quantile,38
2026-02-28,0.01,157.2165816442392,2026-02-07,3,wk inc flu hosp,quantile,39
2026-02-28,0.025,191.83521064823128,2026-02-07,3,wk inc flu hosp,quantile,39
2026-02-28,0.05,227.75651294818982,2026-02-07,3,wk inc flu hosp,quantile,39
2026-02-28,0.1,277.38582496127964,2026-02-07,3,wk inc flu hosp,quantile,39
2026-02-28,0.15,316.4938713619256,2026-02-07,3,wk inc flu hosp,quantile,39
2026-02-28,0.2,351.9510186187449,2026-02-07,3,wk inc flu hosp,quantile,39
2026-02-28,0.25,385.27578079901963,2026-02-07,3,wk inc flu hosp,quantile,39
2026-02-28,0.3,417.95576266845956,2026-02-07,3,wk inc flu hosp,quantile,39
2026-02-28,0.35,450.82653862557845,2026-02-07,3,wk inc flu hosp,quantile,39
2026-02-28,0.4,484.27578084467416,2026-02-07,3,wk inc flu hosp,quantile,39
2026-02-28,0.45,519.1406062574347,2026-02-07,3,wk inc flu hosp,quantile,39
2026-02-28,0.5,555.8475297123329,2026-02-07,3,wk inc flu hosp,quantile,39
2026-02-28,0.55,595.0375881626857,2026-02-07,3,wk inc flu hosp,quantile,39
2026-02-28,0.6,637.6291672504689,2026-02-07,3,wk inc flu hosp,quantile,39
2026-02-28,0.65,684.7504497817575,2026-02-07,3,wk inc flu hosp,quantile,39
2026-02-28,0.7,738.5070077800336,2026-02-07,3,wk inc flu hosp,quantile,39
2026-02-28,0.75,800.7082508662232,2026-02-07,3,wk inc flu hosp,quantile,39
2026-02-28,0.8,876.4036701983698,2026-02-07,3,wk inc flu hosp,quantile,39
2026-02-28,0.85,975.1735850589947,2026-02-07,3,wk inc flu hosp,quantile,39
2026-02-28,0.9,1114.2653548594587,2026-02-07,3,wk inc flu hosp,quantile,39
2026-02-28,0.95,1356.5509639117251,2026-02-07,3,wk inc flu hosp,quantile,39
2026-02-28,0.975,1609.9027389078274,2026-02-07,3,wk inc flu hosp,quantile,39
2026-02-28,0.99,1963.5788046445296,2026-02-07,3,wk inc flu hosp,quantile,39
2026-02-28,0.01,36.87340706439065,2026-02-07,3,wk inc flu hosp,quantile,40
2026-02-28,0.025,45.12074501689125,2026-02-07,3,wk inc flu hosp,quantile,40
2026-02-28,0.05,53.70097554251624,2026-02-07,3,wk inc flu hosp,quantile,40
2026-02-28,0.1,65.58688511867912,2026-02-07,3,wk inc flu hosp,quantile,40
2026-02-28,0.15,74.97478420728974,2026-02-07,3,wk inc flu hosp,quantile,40
2026-02-28,0.2,83.50068833258376,2026-02-07,3,wk inc flu hosp,quantile,40
2026-02-28,0.25,91.52506514254316,2026-02-07,3,wk inc flu hosp,quantile,40
2026-02-28,0.3,99.40382244515818,2026-02-07,3,wk inc flu hosp,quantile,40
2026-02-28,0.35,107.33745622922834,2026-02-07,3,wk inc flu hosp,quantile,40
2026-02-28,0.4,115.4191875449318,2026-02-07,3,wk inc flu hosp,quantile,40
2026-02-28,0.45,123.85141961494098,2026-02-07,3,wk inc flu hosp,quantile,40
2026-02-28,0.5,132.73790358142801,2026-02-07,3,wk inc flu hosp,quantile,40
2026-02-28,0.55,142.23477535080346,2026-02-07,3,wk inc flu hosp,quantile,40
2026-02-28,0.6,152.5660449680762,2026-02-07,3,wk inc flu hosp,quantile,40
2026-02-28,0.65,164.00752599053942,2026-02-07,3,wk inc flu hosp,quantile,40
2026-02-28,0.7,177.0738046078575,2026-02-07,3,wk inc flu hosp,quantile,40
2026-02-28,0.75,192.2095770481786,2026-02-07,3,wk inc flu hosp,quantile,40
2026-02-28,0.8,210.65150439727506,2026-02-07,3,wk inc flu hosp,quantile,40
2026-02-28,0.85,234.74910031505587,2026-02-07,3,wk inc flu hosp,quantile,40
2026-02-28,0.9,268.7427387832524,2026-02-07,3,wk inc flu hosp,quantile,40
2026-02-28,0.95,328.0977327758408,2026-02-07,3,wk inc flu hosp,quantile,40
2026-02-28,0.975,390.32613651247044,2026-02-07,3,wk inc flu hosp,quantile,40
2026-02-28,0.99,477.426765888437,2026-02-07,3,wk inc flu hosp,quantile,40
2026-02-28,0.01,44.26843245633656,2026-02-07,3,wk inc flu hosp,quantile,41
2026-02-28,0.025,57.30541940612239,2026-02-07,3,wk inc flu hosp,quantile,41
2026-02-28,0.05,71.59437649647994,2026-02-07,3,wk inc flu hosp,quantile,41
2026-02-28,0.1,92.45308870806608,2026-02-07,3,wk inc flu hosp,quantile,41
2026-02-28,0.15,109.70241225688193,2026-02-07,3,wk inc flu hosp,quantile,41
2026-02-28,0.2,125.90147713130071,2026-02-07,3,wk inc flu hosp,quantile,41
2026-02-28,0.25,141.57616270852677,2026-02-07,3,wk inc flu hosp,quantile,41
2026-02-28,0.3,157.34430158982656,2026-02-07,3,wk inc flu hosp,quantile,41
2026-02-28,0.35,173.5785266408322,2026-02-07,3,wk inc flu hosp,quantile,41
2026-02-28,0.4,190.463465298527,2026-02-07,3,wk inc flu hosp,quantile,41
2026-02-28,0.45,208.4354982362681,2026-02-07,3,wk inc flu hosp,quantile,41
2026-02-28,0.5,227.74832960145338,2026-02-07,3,wk inc flu hosp,quantile,41
2026-02-28,0.55,248.78970958765615,2026-02-07,3,wk inc flu hosp,quantile,41
2026-02-28,0.6,272.128419684463,2026-02-07,3,wk inc flu hosp,quantile,41
2026-02-28,0.65,298.4936355634152,2026-02-07,3,wk inc flu hosp,quantile,41
2026-02-28,0.7,329.23523207648975,2026-02-07,3,wk inc flu hosp,quantile,41
2026-02-28,0.75,365.6430259680137,2026-02-07,3,wk inc flu hosp,quantile,41
2026-02-28,0.8,411.092264651835,2026-02-07,3,wk inc flu hosp,quantile,41
2026-02-28,0.85,472.1633151478719,2026-02-07,3,wk inc flu hosp,quantile,41
2026-02-28,0.9,561.3044506677726,2026-02-07,3,wk inc flu hosp,quantile,41
2026-02-28,0.95,724.4788808574679,2026-02-07,3,wk inc flu hosp,quantile,41
2026-02-28,0.975,904.6421835752855,2026-02-07,3,wk inc flu hosp,quantile,41
2026-02-28,0.99,1170.4241260246974,2026-02-07,3,wk inc flu hosp,quantile,41
2026-02-28,0.01,390.3539569845319,2026-02-07,3,wk inc flu hosp,quantile,42
2026-02-28,0.025,453.1660752140355,2026-02-07,3,wk inc flu hosp,quantile,42
2026-02-28,0.05,515.3993086977715,2026-02-07,3,wk inc flu hosp,quantile,42
2026-02-28,0.1,597.4897691467214,2026-02-07,3,wk inc flu hosp,quantile,42
2026-02-28,0.15,659.5922777672738,2026-02-07,3,wk inc flu hosp,quantile,42
2026-02-28,0.2,714.2506112036938,2026-02-07,3,wk inc flu hosp,quantile,42
2026-02-28,0.25,764.3758722184122,2026-02-07,3,wk inc flu hosp,quantile,42
2026-02-28,0.3,812.4866618805177,2026-02-07,3,wk inc flu hosp,quantile,42
2026-02-28,0.35,859.9369304480862,2026-02-07,3,wk inc flu hosp,quantile,42
2026-02-28,0.4,907.3410148270607,2026-02-07,3,wk inc flu hosp,quantile,42
2026-02-28,0.45,955.8867892833571,2026-02-07,3,wk inc flu hosp,quantile,42
2026-02-28,0.5,1006.1236128219218,2026-02-07,3,wk inc flu hosp,quantile,42
2026-02-28,0.55,1058.8508187950129,2026-02-07,3,wk inc flu hosp,quantile,42
2026-02-28,0.6,1115.178486968427,2026-02-07,3,wk inc flu hosp,quantile,42
2026-02-28,0.65,1176.4108303124483,2026-02-07,3,wk inc flu hosp,quantile,42
2026-02-28,0.7,1244.9925245312172,2026-02-07,3,wk inc flu hosp,quantile,42
2026-02-28,0.75,1322.8082212913837,2026-02-07,3,wk inc flu hosp,quantile,42
2026-02-28,0.8,1415.4956916744782,2026-02-07,3,wk inc flu hosp,quantile,42
2026-02-28,0.85,1533.4836616703042,2026-02-07,3,wk inc flu hosp,quantile,42
2026-02-28,0.9,1694.7018923971839,2026-02-07,3,wk inc flu hosp,quantile,42
2026-02-28,0.95,1964.06348871374,2026-02-07,3,wk inc flu hosp,quantile,42
2026-02-28,0.975,2233.098064480917,2026-02-07,3,wk inc flu hosp,quantile,42
2026-02-28,0.99,2591.616227956307,2026-02-07,3,wk inc flu hosp,quantile,42
2026-02-28,0.01,36.52265101134027,2026-02-07,3,wk inc flu hosp,quantile,72
2026-02-28,0.025,47.151478739373786,2026-02-07,3,wk inc flu hosp,quantile,72
2026-02-28,0.05,58.77203436007448,2026-02-07,3,wk inc flu hosp,quantile,72
2026-02-28,0.1,75.69300536534564,2026-02-07,3,wk inc flu hosp,quantile,72
2026-02-28,0.15,89.65532017212811,2026-02-07,3,wk inc flu hosp,quantile,72
2026-02-28,0.2,102.74654242510604,2026-02-07,3,wk inc flu hosp,quantile,72
2026-02-28,0.25,115.39721733429462,2026-02-07,3,wk inc flu hosp,quantile,72
2026-02-28,0.3,128.10856675701189,2026-02-07,3,wk inc flu hosp,quantile,72
2026-02-28,0.35,141.18177153744725,2026-02-07,3,wk inc flu hosp,quantile,72
2026-02-28,0.4,154.76546866161854,2026-02-07,3,wk inc flu hosp,quantile,72
2026-02-28,0.45,169.20994062852748,2026-02-07,3,wk inc flu hosp,quantile,72
2026-02-28,0.5,184.71758546125997,2026-02-07,3,wk inc flu hosp,quantile,72
2026-02-28,0.55,201.5976281882899,2026-02-07,3,wk inc flu hosp,quantile,72
2026-02-28,0.6,220.3032912102805,2026-02-07,3,wk inc flu hosp,quantile,72
2026-02-28,0.65,241.41459816512972,2026-02-07,3,wk inc flu hosp,quantile,72
2026-02-28,0.7,266.0057355375259,2026-02-07,3,wk inc flu hosp,quantile,72
2026-02-28,0.75,295.0986181018291,2026-02-07,3,wk inc flu hosp,quantile,72
2026-02-28,0.8,331.37428285788576,2026-02-07,3,wk inc flu hosp,quantile,72
2026-02-28,0.85,380.0534798492257,2026-02-07,3,wk inc flu hosp,quantile,72
2026-02-28,0.9,450.9911950917308,2026-02-07,3,wk inc flu hosp,quantile,72
2026-02-28,0.95,580.550579353876,2026-02-07,3,wk inc flu hosp,quantile,72
2026-02-28,0.975,723.2455629739824,2026-02-07,3,wk inc flu hosp,quantile,72
2026-02-28,0.99,933.2244994435815,2026-02-07,3,wk inc flu hosp,quantile,72
2026-02-28,0.01,9.051731915682469,2026-02-07,3,wk inc flu hosp,quantile,44
2026-02-28,0.025,11.229858693457151,2026-02-07,3,wk inc flu hosp,quantile,44
2026-02-28,0.05,13.5250035885942,2026-02-07,3,wk inc flu hosp,quantile,44
2026-02-28,0.1,16.74539296610422,2026-02-07,3,wk inc flu hosp,quantile,44
2026-02-28,0.15,19.317749159038375,2026-02-07,3,wk inc flu hosp,quantile,44
2026-02-28,0.2,21.67314465624082,2026-02-07,3,wk inc flu hosp,quantile,44
2026-02-28,0.25,23.905076833692693,2026-02-07,3,wk inc flu hosp,quantile,44
2026-02-28,0.3,26.10955378602099,2026-02-07,3,wk inc flu hosp,quantile,44
2026-02-28,0.35,28.341471258463812,2026-02-07,3,wk inc flu hosp,quantile,44
2026-02-28,0.4,30.62665642112152,2026-02-07,3,wk inc flu hosp,quantile,44
2026-02-28,0.45,33.02261020467918,2026-02-07,3,wk inc flu hosp,quantile,44
2026-02-28,0.5,35.55970214867173,2026-02-07,3,wk inc flu hosp,quantile,44
2026-02-28,0.55,38.283887586122184,2026-02-07,3,wk inc flu hosp,quantile,44
2026-02-28,0.6,41.26152820302759,2026-02-07,3,wk inc flu hosp,quantile,44
2026-02-28,0.65,44.5752140801085,2026-02-07,3,wk inc flu hosp,quantile,44
2026-02-28,0.7,48.37876446312,2026-02-07,3,wk inc flu hosp,quantile,44
2026-02-28,0.75,52.80866818198373,2026-02-07,3,wk inc flu hosp,quantile,44
2026-02-28,0.8,58.23832245103316,2026-02-07,3,wk inc flu hosp,quantile,44
2026-02-28,0.85,65.38179639803559,2026-02-07,3,wk inc flu hosp,quantile,44
2026-02-28,0.9,75.54329036633554,2026-02-07,3,wk inc flu hosp,quantile,44
2026-02-28,0.95,93.49190930266401,2026-02-07,3,wk inc flu hosp,quantile,44
2026-02-28,0.975,112.54941339882178,2026-02-07,3,wk inc flu hosp,quantile,44
2026-02-28,0.99,139.56915167803325,2026-02-07,3,wk inc flu hosp,quantile,44
2026-02-28,0.01,41.56887137099079,2026-02-07,3,wk inc flu hosp,quantile,45
2026-02-28,0.025,52.441009280945934,2026-02-07,3,wk inc flu hosp,quantile,45
2026-02-28,0.05,64.07605687567283,2026-02-07,3,wk inc flu hosp,quantile,45
2026-02-28,0.1,80.65760916416772,2026-02-07,3,wk inc flu hosp,quantile,45
2026-02-28,0.15,94.08452251621719,2026-02-07,3,wk inc flu hosp,quantile,45
2026-02-28,0.2,106.50192498967051,2026-02-07,3,wk inc flu hosp,quantile,45
2026-02-28,0.25,118.36574219950305,2026-02-07,3,wk inc flu hosp,quantile,45
2026-02-28,0.3,130.16837647380868,2026-02-07,3,wk inc flu hosp,quantile,45
2026-02-28,0.35,142.19695947728465,2026-02-07,3,wk inc flu hosp,quantile,45
2026-02-28,0.4,154.58897937694832,2026-02-07,3,wk inc flu hosp,quantile,45
2026-02-28,0.45,167.65886400823896,2026-02-07,3,wk inc flu hosp,quantile,45
2026-02-28,0.5,181.57899201551595,2026-02-07,3,wk inc flu hosp,quantile,45
2026-02-28,0.55,196.6115374301837,2026-02-07,3,wk inc flu hosp,quantile,45
2026-02-28,0.6,213.13771294609214,2026-02-07,3,wk inc flu hosp,quantile,45
2026-02-28,0.65,231.63780884923236,2026-02-07,3,wk inc flu hosp,quantile,45
2026-02-28,0.7,253.0042911270063,2026-02-07,3,wk inc flu hosp,quantile,45
2026-02-28,0.75,278.0535318750305,2026-02-07,3,wk inc flu hosp,quantile,45
2026-02-28,0.8,308.97789152014946,2026-02-07,3,wk inc flu hosp,quantile,45
2026-02-28,0.85,350.00252031980284,2026-02-07,3,wk inc flu hosp,quantile,45
2026-02-28,0.9,408.95397839065515,2026-02-07,3,wk inc flu hosp,quantile,45
2026-02-28,0.95,514.553147899099,2026-02-07,3,wk inc flu hosp,quantile,45
2026-02-28,0.975,628.414290846136,2026-02-07,3,wk inc flu hosp,quantile,45
2026-02-28,0.99,792.3867925071413,2026-02-07,3,wk inc flu hosp,quantile,45
2026-02-28,0.01,8.64975193204659,2026-02-07,3,wk inc flu hosp,quantile,46
2026-02-28,0.025,10.56059101646121,2026-02-07,3,wk inc flu hosp,quantile,46
2026-02-28,0.05,12.544411322753417,2026-02-07,3,wk inc flu hosp,quantile,46
2026-02-28,0.1,15.286777232742955,2026-02-07,3,wk inc flu hosp,quantile,46
2026-02-28,0.15,17.44880586757814,2026-02-07,3,wk inc flu hosp,quantile,46
2026-02-28,0.2,19.409684652274677,2026-02-07,3,wk inc flu hosp,quantile,46
2026-02-28,0.25,21.253169093949076,2026-02-07,3,wk inc flu hosp,quantile,46
2026-02-28,0.3,23.061442121823095,2026-02-07,3,wk inc flu hosp,quantile,46
2026-02-28,0.35,24.88069287023229,2026-02-07,3,wk inc flu hosp,quantile,46
2026-02-28,0.4,26.73236048812931,2026-02-07,3,wk inc flu hosp,quantile,46
2026-02-28,0.45,28.66279228322857,2026-02-07,3,wk inc flu hosp,quantile,46
2026-02-28,0.5,30.69563184937824,2026-02-07,3,wk inc flu hosp,quantile,46
2026-02-28,0.55,32.866424325660816,2026-02-07,3,wk inc flu hosp,quantile,46
2026-02-28,0.6,35.226108900125446,2026-02-07,3,wk inc flu hosp,quantile,46
2026-02-28,0.65,37.83729107724576,2026-02-07,3,wk inc flu hosp,quantile,46
2026-02-28,0.7,40.816805820909764,2026-02-07,3,wk inc flu hosp,quantile,46
2026-02-28,0.75,44.26517144057077,2026-02-07,3,wk inc flu hosp,quantile,46
2026-02-28,0.8,48.46269865492567,2026-02-07,3,wk inc flu hosp,quantile,46
2026-02-28,0.85,53.94136729725256,2026-02-07,3,wk inc flu hosp,quantile,46
2026-02-28,0.9,61.65939021990134,2026-02-07,3,wk inc flu hosp,quantile,46
2026-02-28,0.95,75.11011302269348,2026-02-07,3,wk inc flu hosp,quantile,46
2026-02-28,0.975,89.18277743809014,2026-02-07,3,wk inc flu hosp,quantile,46
2026-02-28,0.99,108.83880210358726,2026-02-07,3,wk inc flu hosp,quantile,46
2026-02-28,0.01,103.68418404813465,2026-02-07,3,wk inc flu hosp,quantile,47
2026-02-28,0.025,120.54525792915929,2026-02-07,3,wk inc flu hosp,quantile,47
2026-02-28,0.05,137.27375775653033,2026-02-07,3,wk inc flu hosp,quantile,47
2026-02-28,0.1,159.37013513511755,2026-02-07,3,wk inc flu hosp,quantile,47
2026-02-28,0.15,176.10650559033843,2026-02-07,3,wk inc flu hosp,quantile,47
2026-02-28,0.2,190.84962561145105,2026-02-07,3,wk inc flu hosp,quantile,47
2026-02-28,0.25,204.3798395260678,2026-02-07,3,wk inc flu hosp,quantile,47
2026-02-28,0.3,217.37453340214216,2026-02-07,3,wk inc flu hosp,quantile,47
2026-02-28,0.35,230.19825963003407,2026-02-07,3,wk inc flu hosp,quantile,47
2026-02-28,0.4,243.01647542881162,2026-02-07,3,wk inc flu hosp,quantile,47
2026-02-28,0.45,256.15025243749733,2026-02-07,3,wk inc flu hosp,quantile,47
2026-02-28,0.5,269.74845695498453,2026-02-07,3,wk inc flu hosp,quantile,47
2026-02-28,0.55,284.0279617522422,2026-02-07,3,wk inc flu hosp,quantile,47
2026-02-28,0.6,299.29027944827106,2026-02-07,3,wk inc flu hosp,quantile,47
2026-02-28,0.65,315.89016300678156,2026-02-07,3,wk inc flu hosp,quantile,47
2026-02-28,0.7,334.4925306658282,2026-02-07,3,wk inc flu hosp,quantile,47
2026-02-28,0.75,355.61177982791793,2026-02-07,3,wk inc flu hosp,quantile,47
2026-02-28,0.8,380.783180452034,2026-02-07,3,wk inc flu hosp,quantile,47
2026-02-28,0.85,412.84890828412375,2026-02-07,3,wk inc flu hosp,quantile,47
2026-02-28,0.9,456.7024017568594,2026-02-07,3,wk inc flu hosp,quantile,47
2026-02-28,0.95,530.0624673276992,2026-02-07,3,wk inc flu hosp,quantile,47
2026-02-28,0.975,603.4328576489419,2026-02-07,3,wk inc flu hosp,quantile,47
2026-02-28,0.99,701.3411515040043,2026-02-07,3,wk inc flu hosp,quantile,47
2026-02-28,0.01,57.12594018036234,2026-02-07,3,wk inc flu hosp,quantile,48
2026-02-28,0.025,90.06829740790762,2026-02-07,3,wk inc flu hosp,quantile,48
2026-02-28,0.05,133.38708347937808,2026-02-07,3,wk inc flu hosp,quantile,48
2026-02-28,0.1,209.40367877842695,2026-02-07,3,wk inc flu hosp,quantile,48
2026-02-28,0.15,283.1617501281705,2026-02-07,3,wk inc flu hosp,quantile,48
2026-02-28,0.2,361.02981429870385,2026-02-07,3,wk inc flu hosp,quantile,48
2026-02-28,0.25,444.0495245474305,2026-02-07,3,wk inc flu hosp,quantile,48
2026-02-28,0.3,534.9664048647174,2026-02-07,3,wk inc flu hosp,quantile,48
2026-02-28,0.35,636.1345762680992,2026-02-07,3,wk inc flu hosp,quantile,48
2026-02-28,0.4,749.3121856312761,2026-02-07,3,wk inc flu hosp,quantile,48
2026-02-28,0.45,878.4924958464351,2026-02-07,3,wk inc flu hosp,quantile,48
2026-02-28,0.5,1027.1173003978874,2026-02-07,3,wk inc flu hosp,quantile,48
2026-02-28,0.55,1200.3683132941303,2026-02-07,3,wk inc flu hosp,quantile,48
2026-02-28,0.6,1406.0615642206596,2026-02-07,3,wk inc flu hosp,quantile,48
2026-02-28,0.65,1655.1813719837262,2026-02-07,3,wk inc flu hosp,quantile,48
2026-02-28,0.7,1967.6053354450307,2026-02-07,3,wk inc flu hosp,quantile,48
2026-02-28,0.75,2367.480808908109,2026-02-07,3,wk inc flu hosp,quantile,48
2026-02-28,0.8,2910.974865495687,2026-02-07,3,wk inc flu hosp,quantile,48
2026-02-28,0.85,3716.5814139348254,2026-02-07,3,wk inc flu hosp,quantile,48
2026-02-28,0.9,5042.261222168616,2026-02-07,3,wk inc flu hosp,quantile,48
2026-02-28,0.95,7908.901243045694,2026-02-07,3,wk inc flu hosp,quantile,48
2026-02-28,0.975,11701.68897389851,2026-02-07,3,wk inc flu hosp,quantile,48
2026-02-28,0.99,18431.99767972413,2026-02-07,3,wk inc flu hosp,quantile,48
2026-02-28,0.01,13.552597162758454,2026-02-07,3,wk inc flu hosp,quantile,49
2026-02-28,0.025,17.119530434894553,2026-02-07,3,wk inc flu hosp,quantile,49
2026-02-28,0.05,20.941374251028318,2026-02-07,3,wk inc flu hosp,quantile,49
2026-02-28,0.1,26.39464974495696,2026-02-07,3,wk inc flu hosp,quantile,49
2026-02-28,0.15,30.815143605002095,2026-02-07,3,wk inc flu hosp,quantile,49
2026-02-28,0.2,34.906454935740456,2026-02-07,3,wk inc flu hosp,quantile,49
2026-02-28,0.25,38.817882214003284,2026-02-07,3,wk inc flu hosp,quantile,49
2026-02-28,0.3,42.71132658755336,2026-02-07,3,wk inc flu hosp,quantile,49
2026-02-28,0.35,46.68134827206529,2026-02-07,3,wk inc flu hosp,quantile,49
2026-02-28,0.4,50.77329494635816,2026-02-07,3,wk inc flu hosp,quantile,49
2026-02-28,0.45,55.09107339209008,2026-02-07,3,wk inc flu hosp,quantile,49
2026-02-28,0.5,59.69181635586596,2026-02-07,3,wk inc flu hosp,quantile,49
2026-02-28,0.55,64.662446722464,2026-02-07,3,wk inc flu hosp,quantile,49
2026-02-28,0.6,70.12941696568092,2026-02-07,3,wk inc flu hosp,quantile,49
2026-02-28,0.65,76.2521917913129,2026-02-07,3,wk inc flu hosp,quantile,49
2026-02-28,0.7,83.3270307002195,2026-02-07,3,wk inc flu hosp,quantile,49
2026-02-28,0.75,91.62555729473203,2026-02-07,3,wk inc flu hosp,quantile,49
2026-02-28,0.8,101.87620370236122,2026-02-07,3,wk inc flu hosp,quantile,49
2026-02-28,0.85,115.48365092262664,2026-02-07,3,wk inc flu hosp,quantile,49
2026-02-28,0.9,135.05271647051913,2026-02-07,3,wk inc flu hosp,quantile,49
2026-02-28,0.95,170.14500222374213,2026-02-07,3,wk inc flu hosp,quantile,49
2026-02-28,0.975,208.02830497963654,2026-02-07,3,wk inc flu hosp,quantile,49
2026-02-28,0.99,262.65092102461205,2026-02-07,3,wk inc flu hosp,quantile,49
2026-02-28,0.01,5.038497517087562,2026-02-07,3,wk inc flu hosp,quantile,50
2026-02-28,0.025,6.209497454351551,2026-02-07,3,wk inc flu hosp,quantile,50
2026-02-28,0.05,7.435829961643367,2026-02-07,3,wk inc flu hosp,quantile,50
2026-02-28,0.1,9.145921645941497,2026-02-07,3,wk inc flu hosp,quantile,50
2026-02-28,0.15,10.504494909786493,2026-02-07,3,wk inc flu hosp,quantile,50
2026-02-28,0.2,11.743567291852443,2026-02-07,3,wk inc flu hosp,quantile,50
2026-02-28,0.25,12.913851405956366,2026-02-07,3,wk inc flu hosp,quantile,50
2026-02-28,0.3,14.066431382716654,2026-02-07,3,wk inc flu hosp,quantile,50
2026-02-28,0.35,15.23030292928947,2026-02-07,3,wk inc flu hosp,quantile,50
2026-02-28,0.4,16.419026196453988,2026-02-07,3,wk inc flu hosp,quantile,50
2026-02-28,0.45,17.662437236982726,2026-02-07,3,wk inc flu hosp,quantile,50
2026-02-28,0.5,18.976066571811256,2026-02-07,3,wk inc flu hosp,quantile,50
2026-02-28,0.55,20.383356398853778,2026-02-07,3,wk inc flu hosp,quantile,50
2026-02-28,0.6,21.918055725022402,2026-02-07,3,wk inc flu hosp,quantile,50
2026-02-28,0.65,23.621952624641438,2026-02-07,3,wk inc flu hosp,quantile,50
2026-02-28,0.7,25.572942169019296,2026-02-07,3,wk inc flu hosp,quantile,50
2026-02-28,0.75,27.83927757484009,2026-02-07,3,wk inc flu hosp,quantile,50
2026-02-28,0.8,30.60913972748493,2026-02-07,3,wk inc flu hosp,quantile,50
2026-02-28,0.85,34.241269818626975,2026-02-07,3,wk inc flu hosp,quantile,50
2026-02-28,0.9,39.387147515488756,2026-02-07,3,wk inc flu hosp,quantile,50
2026-02-28,0.95,48.42596432257479,2026-02-07,3,wk inc flu hosp,quantile,50
2026-02-28,0.975,57.9646691955732,2026-02-07,3,wk inc flu hosp,quantile,50
2026-02-28,0.99,71.40496592754428,2026-02-07,3,wk inc flu hosp,quantile,50
2026-02-28,0.01,115.55285161360305,2026-02-07,3,wk inc flu hosp,quantile,51
2026-02-28,0.025,136.72330910841183,2026-02-07,3,wk inc flu hosp,quantile,51
2026-02-28,0.05,158.0722352755241,2026-02-07,3,wk inc flu hosp,quantile,51
2026-02-28,0.1,186.73566087837264,2026-02-07,3,wk inc flu hosp,quantile,51
2026-02-28,0.15,208.76066619867126,2026-02-07,3,wk inc flu hosp,quantile,51
2026-02-28,0.2,228.36666774543306,2026-02-07,3,wk inc flu hosp,quantile,51
2026-02-28,0.25,246.51611405399342,2026-02-07,3,wk inc flu hosp,quantile,51
2026-02-28,0.3,264.079703250398,2026-02-07,3,wk inc flu hosp,quantile,51
2026-02-28,0.35,281.53265555621385,2026-02-07,3,wk inc flu hosp,quantile,51
2026-02-28,0.4,299.0917395143186,2026-02-07,3,wk inc flu hosp,quantile,51
2026-02-28,0.45,317.19537657004935,2026-02-07,3,wk inc flu hosp,quantile,51
2026-02-28,0.5,336.0534662144813,2026-02-07,3,wk inc flu hosp,quantile,51
2026-02-28,0.55,355.97592527595475,2026-02-07,3,wk inc flu hosp,quantile,51
2026-02-28,0.6,377.3989084354211,2026-02-07,3,wk inc flu hosp,quantile,51
2026-02-28,0.65,400.84417910023296,2026-02-07,3,wk inc flu hosp,quantile,51
2026-02-28,0.7,427.28856267357196,2026-02-07,3,wk inc flu hosp,quantile,51
2026-02-28,0.75,457.5188663287698,2026-02-07,3,wk inc flu hosp,quantile,51
2026-02-28,0.8,493.8228993305424,2026-02-07,3,wk inc flu hosp,quantile,51
2026-02-28,0.85,540.475166926393,2026-02-07,3,wk inc flu hosp,quantile,51
2026-02-28,0.9,604.9591406157964,2026-02-07,3,wk inc flu hosp,quantile,51
2026-02-28,0.95,714.4262612073188,2026-02-07,3,wk inc flu hosp,quantile,51
2026-02-28,0.975,825.694071164115,2026-02-07,3,wk inc flu hosp,quantile,51
2026-02-28,0.99,976.6249613380917,2026-02-07,3,wk inc flu hosp,quantile,51
2026-02-28,0.01,50.422926685080824,2026-02-07,3,wk inc flu hosp,quantile,53
2026-02-28,0.025,64.82716737506206,2026-02-07,3,wk inc flu hosp,quantile,53
2026-02-28,0.05,80.51495379017996,2026-02-07,3,wk inc flu hosp,quantile,53
2026-02-28,0.1,103.2700977283956,2026-02-07,3,wk inc flu hosp,quantile,53
2026-02-28,0.15,121.98299548345402,2026-02-07,3,wk inc flu hosp,quantile,53
2026-02-28,0.2,139.48511310096532,2026-02-07,3,wk inc flu hosp,quantile,53
2026-02-28,0.25,156.3636865294536,2026-02-07,3,wk inc flu hosp,quantile,53
2026-02-28,0.3,173.2928750186666,2026-02-07,3,wk inc flu hosp,quantile,53
2026-02-28,0.35,190.67549581139266,2026-02-07,3,wk inc flu hosp,quantile,53
2026-02-28,0.4,208.70917054413263,2026-02-07,3,wk inc flu hosp,quantile,53
2026-02-28,0.45,227.857403306668,2026-02-07,3,wk inc flu hosp,quantile,53
2026-02-28,0.5,248.38548095822318,2026-02-07,3,wk inc flu hosp,quantile,53
2026-02-28,0.55,270.6984596133937,2026-02-07,3,wk inc flu hosp,quantile,53
2026-02-28,0.6,295.3892416287739,2026-02-07,3,wk inc flu hosp,quantile,53
2026-02-28,0.65,323.2145557084993,2026-02-07,3,wk inc flu hosp,quantile,53
2026-02-28,0.7,355.5766983968056,2026-02-07,3,wk inc flu hosp,quantile,53
2026-02-28,0.75,393.80064661493753,2026-02-07,3,wk inc flu hosp,quantile,53
2026-02-28,0.8,441.37650948444696,2026-02-07,3,wk inc flu hosp,quantile,53
2026-02-28,0.85,505.08805633865296,2026-02-07,3,wk inc flu hosp,quantile,53
2026-02-28,0.9,597.6979670631201,2026-02-07,3,wk inc flu hosp,quantile,53
2026-02-28,0.95,766.2495940857775,2026-02-07,3,wk inc flu hosp,quantile,53
2026-02-28,0.975,951.1823961182337,2026-02-07,3,wk inc flu hosp,quantile,53
2026-02-28,0.99,1222.2608838997257,2026-02-07,3,wk inc flu hosp,quantile,53
2026-02-28,0.01,24.83977911939888,2026-02-07,3,wk inc flu hosp,quantile,54
2026-02-28,0.025,31.693233556735436,2026-02-07,3,wk inc flu hosp,quantile,54
2026-02-28,0.05,39.10489798888501,2026-02-07,3,wk inc flu hosp,quantile,54
2026-02-28,0.1,49.77947300122551,2026-02-07,3,wk inc flu hosp,quantile,54
2026-02-28,0.15,58.503412431128055,2026-02-07,3,wk inc flu hosp,quantile,54
2026-02-28,0.2,66.62596855551776,2026-02-07,3,wk inc flu hosp,quantile,54
2026-02-28,0.25,74.42979675188076,2026-02-07,3,wk inc flu hosp,quantile,54
2026-02-28,0.3,82.2313542321255,2026-02-07,3,wk inc flu hosp,quantile,54
2026-02-28,0.35,90.21783145826326,2026-02-07,3,wk inc flu hosp,quantile,54
2026-02-28,0.4,98.48012151382581,2026-02-07,3,wk inc flu hosp,quantile,54
2026-02-28,0.45,107.22939533765799,2026-02-07,3,wk inc flu hosp,quantile,54
2026-02-28,0.5,116.58443288895297,2026-02-07,3,wk inc flu hosp,quantile,54
2026-02-28,0.55,126.72635012655063,2026-02-07,3,wk inc flu hosp,quantile,54
2026-02-28,0.6,137.91958388355036,2026-02-07,3,wk inc flu hosp,quantile,54
2026-02-28,0.65,150.499924321075,2026-02-07,3,wk inc flu hosp,quantile,54
2026-02-28,0.7,165.09031860797768,2026-02-07,3,wk inc flu hosp,quantile,54
2026-02-28,0.75,182.27188782288184,2026-02-07,3,wk inc flu hosp,quantile,54
2026-02-28,0.8,203.58698957517296,2026-02-07,3,wk inc flu hosp,quantile,54
2026-02-28,0.85,232.0233465410384,2026-02-07,3,wk inc flu hosp,quantile,54
2026-02-28,0.9,273.1672322024687,2026-02-07,3,wk inc flu hosp,quantile,54
2026-02-28,0.95,347.5718015081296,2026-02-07,3,wk inc flu hosp,quantile,54
2026-02-28,0.975,428.63737737176194,2026-02-07,3,wk inc flu hosp,quantile,54
2026-02-28,0.99,546.6217605313815,2026-02-07,3,wk inc flu hosp,quantile,54
2026-02-28,0.01,64.2869554460781,2026-02-07,3,wk inc flu hosp,quantile,55
2026-02-28,0.025,78.46191446216844,2026-02-07,3,wk inc flu hosp,quantile,55
2026-02-28,0.05,93.17359697451332,2026-02-07,3,wk inc flu hosp,quantile,55
2026-02-28,0.1,113.50405745901405,2026-02-07,3,wk inc flu hosp,quantile,55
2026-02-28,0.15,129.52772074847496,2026-02-07,3,wk inc flu hosp,quantile,55
2026-02-28,0.2,144.05762168866488,2026-02-07,3,wk inc flu hosp,quantile,55
2026-02-28,0.25,157.71534121215115,2026-02-07,3,wk inc flu hosp,quantile,55
2026-02-28,0.3,171.11021646340976,2026-02-07,3,wk inc flu hosp,quantile,55
2026-02-28,0.35,184.58459221046434,2026-02-07,3,wk inc flu hosp,quantile,55
2026-02-28,0.4,198.29733095118132,2026-02-07,3,wk inc flu hosp,quantile,55
2026-02-28,0.45,212.59163446544775,2026-02-07,3,wk inc flu hosp,quantile,55
2026-02-28,0.5,227.6424563298477,2026-02-07,3,wk inc flu hosp,quantile,55
2026-02-28,0.55,243.71277546923685,2026-02-07,3,wk inc flu hosp,quantile,55
2026-02-28,0.6,261.17939727652396,2026-02-07,3,wk inc flu hosp,quantile,55
2026-02-28,0.65,280.50529663117766,2026-02-07,3,wk inc flu hosp,quantile,55
2026-02-28,0.7,302.55451669901277,2026-02-07,3,wk inc flu hosp,quantile,55
2026-02-28,0.75,328.0699277562624,2026-02-07,3,wk inc flu hosp,quantile,55
2026-02-28,0.8,359.1240170688003,2026-02-07,3,wk inc flu hosp,quantile,55
2026-02-28,0.85,399.6493462687207,2026-02-07,3,wk inc flu hosp,quantile,55
2026-02-28,0.9,456.7271926001113,2026-02-07,3,wk inc flu hosp,quantile,55
2026-02-28,0.95,556.1721249128209,2026-02-07,3,wk inc flu hosp,quantile,55
2026-02-28,0.975,660.1824928508256,2026-02-07,3,wk inc flu hosp,quantile,55
2026-02-28,0.99,805.4128328846455,2026-02-07,3,wk inc flu hosp,quantile,55
2026-02-28,0.01,2.8572854610043463,2026-02-07,3,wk inc flu hosp,quantile,56
2026-02-28,0.025,3.644117953136826,2026-02-07,3,wk inc flu hosp,quantile,56
2026-02-28,0.05,4.49471092778098,2026-02-07,3,wk inc flu hosp,quantile,56
2026-02-28,0.1,5.7192960395818435,2026-02-07,3,wk inc flu hosp,quantile,56
2026-02-28,0.15,6.719766293837503,2026-02-07,3,wk inc flu hosp,quantile,56
2026-02-28,0.2,7.651039566724401,2026-02-07,3,wk inc flu hosp,quantile,56
2026-02-28,0.25,8.545587167834036,2026-02-07,3,wk inc flu hosp,quantile,56
2026-02-28,0.3,9.439714701412022,2026-02-07,3,wk inc flu hosp,quantile,56
2026-02-28,0.35,10.354886079892548,2026-02-07,3,wk inc flu hosp,quantile,56
2026-02-28,0.4,11.30151779528046,2026-02-07,3,wk inc flu hosp,quantile,56
2026-02-28,0.45,12.30379726108526,2026-02-07,3,wk inc flu hosp,quantile,56
2026-02-28,0.5,13.375316639209078,2026-02-07,3,wk inc flu hosp,quantile,56
2026-02-28,0.55,14.536799599065699,2026-02-07,3,wk inc flu hosp,quantile,56
2026-02-28,0.6,15.818499223999453,2026-02-07,3,wk inc flu hosp,quantile,56
2026-02-28,0.65,17.25882102004737,2026-02-07,3,wk inc flu hosp,quantile,56
2026-02-28,0.7,18.92901793953867,2026-02-07,3,wk inc flu hosp,quantile,56
2026-02-28,0.75,20.89551200799553,2026-02-07,3,wk inc flu hosp,quantile,56
2026-02-28,0.8,23.334668380165198,2026-02-07,3,wk inc flu hosp,quantile,56
2026-02-28,0.85,26.588062928252892,2026-02-07,3,wk inc flu hosp,quantile,56
2026-02-28,0.9,31.294138381678412,2026-02-07,3,wk inc flu hosp,quantile,56
2026-02-28,0.95,39.80163849011712,2026-02-07,3,wk inc flu hosp,quantile,56
2026-02-28,0.975,49.06723226796674,2026-02-07,3,wk inc flu hosp,quantile,56
2026-02-28,0.99,62.54733205293638,2026-02-07,3,wk inc flu hosp,quantile,56
2026-02-07,0.01,5011.708679307603,2026-02-07,0,wk inc flu hosp,quantile,US
2026-02-07,0.025,5770.1904917841175,2026-02-07,0,wk inc flu hosp,quantile,US
2026-02-07,0.05,6524.907430948185,2026-02-07,0,wk inc flu hosp,quantile,US
2026-02-07,0.1,7526.345601291394,2026-02-07,0,wk inc flu hosp,quantile,US
2026-02-07,0.15,8288.880325822945,2026-02-07,0,wk inc flu hosp,quantile,US
2026-02-07,0.2,8963.73082276137,2026-02-07,0,wk inc flu hosp,quantile,US
2026-02-07,0.25,9585.764578044844,2026-02-07,0,wk inc flu hosp,quantile,US
2026-02-07,0.3,10185.685112861009,2026-02-07,0,wk inc flu hosp,quantile,US
2026-02-07,0.35,10780.167355025016,2026-02-07,0,wk inc flu hosp,quantile,US
2026-02-07,0.4,11376.863591940353,2026-02-07,0,wk inc flu hosp,quantile,US
2026-02-07,0.45,11990.833571038831,2026-02-07,0,wk inc flu hosp,quantile,US
2026-02-07,0.5,12629.286558025426,2026-02-07,0,wk inc flu hosp,quantile,US
2026-02-07,0.55,13302.773489686726,2026-02-07,0,wk inc flu hosp,quantile,US
2026-02-07,0.6,14026.068356849484,2026-02-07,0,wk inc flu hosp,quantile,US
2026-02-07,0.65,14816.79996037131,2026-02-07,0,wk inc flu hosp,quantile,US
2026-02-07,0.7,15707.917548136142,2026-02-07,0,wk inc flu hosp,quantile,US
2026-02-07,0.75,16725.973991255352,2026-02-07,0,wk inc flu hosp,quantile,US
2026-02-07,0.8,17948.150217773928,2026-02-07,0,wk inc flu hosp,quantile,US
2026-02-07,0.85,19518.767315944184,2026-02-07,0,wk inc flu hosp,quantile,US
2026-02-07,0.9,21691.221935422607,2026-02-07,0,wk inc flu hosp,quantile,US
2026-02-07,0.95,25387.030695970534,2026-02-07,0,wk inc flu hosp,quantile,US
2026-02-07,0.975,29158.03731460397,2026-02-07,0,wk inc flu hosp,quantile,US
2026-02-07,0.99,34301.78002140478,2026-02-07,0,wk inc flu hosp,quantile,US
2026-02-14,0.01,4316.400611094667,2026-02-07,1,wk inc flu hosp,quantile,US
2026-02-14,0.025,5089.293706830806,2026-02-07,1,wk inc flu hosp,quantile,US
2026-02-14,0.05,5878.110052830284,2026-02-07,1,wk inc flu hosp,quantile,US
2026-02-14,0.1,6953.212077714361,2026-02-07,1,wk inc flu hosp,quantile,US
2026-02-14,0.15,7792.353888788626,2026-02-07,1,wk inc flu hosp,quantile,US
2026-02-14,0.2,8549.102522496776,2026-02-07,1,wk inc flu hosp,quantile,US
2026-02-14,0.25,9257.939426416735,2026-02-07,1,wk inc flu hosp,quantile,US
2026-02-14,0.3,9951.557761190905,2026-02-07,1,wk inc flu hosp,quantile,US
2026-02-14,0.35,10648.305917050557,2026-02-07,1,wk inc flu hosp,quantile,US
2026-02-14,0.4,11356.853531278415,2026-02-07,1,wk inc flu hosp,quantile,US
2026-02-14,0.45,12095.325554030718,2026-02-07,1,wk inc flu hosp,quantile,US
2026-02-14,0.5,12873.155967379162,2026-02-07,1,wk inc flu hosp,quantile,US
2026-02-14,0.55,13704.392791552753,2026-02-07,1,wk inc flu hosp,quantile,US
2026-02-14,0.6,14609.114422220735,2026-02-07,1,wk inc flu hosp,quantile,US
2026-02-14,0.65,15612.125744233395,2026-02-07,1,wk inc flu hosp,quantile,US
2026-02-14,0.7,16759.54831759086,2026-02-07,1,wk inc flu hosp,quantile,US
2026-02-14,0.75,18092.06910905968,2026-02-07,1,wk inc flu hosp,quantile,US
2026-02-14,0.8,19721.518769152983,2026-02-07,1,wk inc flu hosp,quantile,US
2026-02-14,0.85,21861.903641105837,2026-02-07,1,wk inc flu hosp,quantile,US
2026-02-14,0.9,24905.661224102776,2026-02-07,1,wk inc flu hosp,quantile,US
2026-02-14,0.95,30296.156146496523,2026-02-07,1,wk inc flu hosp,quantile,US
2026-02-14,0.975,36058.64765303258,2026-02-07,1,wk inc flu hosp,quantile,US
2026-02-14,0.99,44322.42930747175,2026-02-07,1,wk inc flu hosp,quantile,US
2026-02-21,0.01,3902.349423210857,2026-02-07,2,wk inc flu hosp,quantile,US
2026-02-21,0.025,4662.967479225866,2026-02-07,2,wk inc flu hosp,quantile,US
2026-02-21,0.05,5451.467109803747,2026-02-07,2,wk inc flu hosp,quantile,US
2026-02-21,0.1,6544.725670953253,2026-02-07,2,wk inc flu hosp,quantile,US
2026-02-21,0.15,7412.172514171663,2026-02-07,2,wk inc flu hosp,quantile,US
2026-02-21,0.2,8204.633875328236,2026-02-07,2,wk inc flu hosp,quantile,US
2026-02-21,0.25,8955.422088440604,2026-02-07,2,wk inc flu hosp,quantile,US
2026-02-21,0.3,9697.853031874258,2026-02-07,2,wk inc flu hosp,quantile,US
2026-02-21,0.35,10451.196530657391,2026-02-07,2,wk inc flu hosp,quantile,US
2026-02-21,0.4,11224.91728029569,2026-02-07,2,wk inc flu hosp,quantile,US
2026-02-21,0.45,12039.339184633083,2026-02-07,2,wk inc flu hosp,quantile,US
2026-02-21,0.5,12905.864163959508,2026-02-07,2,wk inc flu hosp,quantile,US
2026-02-21,0.55,13841.5718889277,2026-02-07,2,wk inc flu hosp,quantile,US
2026-02-21,0.6,14871.169701909146,2026-02-07,2,wk inc flu hosp,quantile,US
2026-02-21,0.65,16025.980288562056,2026-02-07,2,wk inc flu hosp,quantile,US
2026-02-21,0.7,17363.944413990903,2026-02-07,2,wk inc flu hosp,quantile,US
2026-02-21,0.75,18939.882254362805,2026-02-07,2,wk inc flu hosp,quantile,US
2026-02-21,0.8,20898.560317614843,2026-02-07,2,wk inc flu hosp,quantile,US
2026-02-21,0.85,23522.72889442157,2026-02-07,2,wk inc flu hosp,quantile,US
2026-02-21,0.9,27351.3513618859,2026-02-07,2,wk inc flu hosp,quantile,US
2026-02-21,0.95,34397.29136915109,2026-02-07,2,wk inc flu hosp,quantile,US
2026-02-21,0.975,42282.08202895674,2026-02-07,2,wk inc flu hosp,quantile,US
2026-02-21,0.99,54178.208407931554,2026-02-07,2,wk inc flu hosp,quantile,US
2026-02-28,0.01,3564.3209990387836,2026-02-07,3,wk inc flu hosp,quantile,US
2026-02-28,0.025,4315.463596274165,2026-02-07,3,wk inc flu hosp,quantile,US
2026-02-28,0.05,5104.49808363318,2026-02-07,3,wk inc flu hosp,quantile,US
2026-02-28,0.1,6214.450962190614,2026-02-07,3,wk inc flu hosp,quantile,US
2026-02-28,0.15,7107.4648505674495,2026-02-07,3,wk inc flu hosp,quantile,US
2026-02-28,0.2,7932.3299781672595,2026-02-07,3,wk inc flu hosp,quantile,US
2026-02-28,0.25,8721.503784147191,2026-02-07,3,wk inc flu hosp,quantile,US
2026-02-28,0.3,9509.037033619694,2026-02-07,3,wk inc flu hosp,quantile,US
2026-02-28,0.35,10315.228576907479,2026-02-07,3,wk inc flu hosp,quantile,US
2026-02-28,0.4,11150.487738288388,2026-02-07,3,wk inc flu hosp,quantile,US
2026-02-28,0.45,12037.466561141355,2026-02-07,3,wk inc flu hosp,quantile,US
2026-02-28,0.5,12989.774129304147,2026-02-07,3,wk inc flu hosp,quantile,US
2026-02-28,0.55,14027.848197225978,2026-02-07,3,wk inc flu hosp,quantile,US
2026-02-28,0.6,15181.52065598455,2026-02-07,3,wk inc flu hosp,quantile,US
2026-02-28,0.65,16489.43975629253,2026-02-07,3,wk inc flu hosp,quantile,US
2026-02-28,0.7,18022.795123601103,2026-02-07,3,wk inc flu hosp,quantile,US
2026-02-28,0.75,19853.00700494073,2026-02-07,3,wk inc flu hosp,quantile,US
2026-02-28,0.8,22162.988159907298,2026-02-07,3,wk inc flu hosp,quantile,US
2026-02-28,0.85,25316.83943631113,2026-02-07,3,wk inc flu hosp,quantile,US
2026-02-28,0.9,30033.695618052727,2026-02-07,3,wk inc flu hosp,quantile,US
2026-02-28,0.95,39046.70024379307,2026-02-07,3,wk inc flu hosp,quantile,US
2026-02-28,0.975,49596.81008387893,2026-02-07,3,wk inc flu hosp,quantile,US
2026-02-28,0.99,66333.67016723244,2026-02-07,3,wk inc flu hosp,quantile,US
